Marca,Modelo,Variante,Descripcion,Sinonimo
DONGFENG,MINI,BRAVA,DESENGRASANTE 32 OZ,"limpiador, desengrasante de motor"
DONGFENG,MINI,BUS/VAN/TRUCK,ALTERNADOR,"dinamo, generador"
DONGFENG,MINI,BUS/VAN/TRUCK,AMORTIGUADOR DE COMPUERTA TRASERA,"suspension, amortiguacion, shock"
DONGFENG,MINI,BUS/VAN/TRUCK,AMORTIGUADOR DELANTERO DERECHO GAS,"suspension, amortiguacion, shock"
DONGFENG,MINI,BUS/VAN/TRUCK,AMORTIGUADOR DELANTERO DERECHO ACEITE,"suspension, amortiguacion, shock"
DONGFENG,MINI,BUS/VAN/TRUCK,AMORTIGUADOR DELANTERO IZQUIERDO ACEITE,"suspension, amortiguacion, shock"
DONGFENG,MINI,BUS/VAN/TRUCK,AMORTIGUADOR DELANTERO IZQUIERDO GAS,"suspension, amortiguacion, shock"
DONGFENG,MINI,BUS/VAN/TRUCK,AMORTIGUADOR TRASERO,"suspension, amortiguacion, shock"
DONGFENG,MINI,BUS/VAN/TRUCK,"ANILLOS 0,25/010","aros de piston, rines de piston, segmentos"
DONGFENG,MINI,BUS/VAN/TRUCK,"ANILLOS 0,50/020","aros de piston, rines de piston, segmentos"
DONGFENG,MINI,BUS/VAN/TRUCK,"ANILLOS 0,75/030","aros de piston, rines de piston, segmentos"
DONGFENG,MINI,BUS/VAN/TRUCK,ANILLOS STD,"aros de piston, rines de piston, segmentos"
DONGFENG,MINI,BUS/VAN/TRUCK,ARANDELA TOPE DE AMORTIGUADOR,"rondana, guasa"
DONGFENG,MINI,BUS/VAN/TRUCK,ARBOL DE LEVA 2 LECTORE ESTEEM,"arbol de leva, eje de levas, camshaft"
DONGFENG,MINI,BUS/VAN/TRUCK,ARBOL DE LEVA 1 LECTOR (ORIGNAL ),"arbol de leva, eje de levas, camshaft"
DONGFENG,MINI,BUS/VAN/TRUCK,ARRANQUE DE MOTOR,"motor de arranque, marcha, burro de arranque, swich de arranque"
DONGFENG,MINI,BUS/VAN/TRUCK,BANDAS DE FRENO,"bandas de freno de mano, cintas de freno de mano"
DONGFENG,MINI,BUS/VAN/TRUCK,BALLESTAS TRASERA ( 4 HOJAS),"muelles, resortes de ballesta"
DONGFENG,MINI,BUS/VAN/TRUCK,BARRA DE TORCION DERECHA,"barra de torsion, barra estabilizadora"
DONGFENG,MINI,BUS/VAN/TRUCK,BARRA DE TORCION IZQUIERDA,"barra de torsion, barra estabilizadora"
DONGFENG,MINI,BUS/VAN/TRUCK,BASE DE MOTOR DERECHA,"soporte de motor, cuna de motor, taco de motor"
DONGFENG,MINI,BUS/VAN/TRUCK,BASE DE MOTOR IZQUIERDA,"soporte de motor, cuna de motor, taco de motor"
DONGFENG,MINI,BUS/VAN/TRUCK,BASE METELICA DE AMORTIGUADOR,"base metalica de amortiguador, copa metalica"
DONGFENG,MINI,BUS/VAN/TRUCK,BASE PATIN INFERIOR DERECHA (20230115R),"soporte de patin de puerta, base de patin"
DONGFENG,MINI,BUS/VAN/TRUCK,BASE PATIN INFERIOR IZQUIERDA (20230115L),"soporte de patin de puerta, base de patin"
DONGFENG,MINI,BUS/VAN/TRUCK,BASE PATIN PUERTA MEDIA DERECHA,"soporte de patin de puerta, base de patin"
DONGFENG,MINI,BUS/VAN/TRUCK,BASE PATIN PUERTA MEDIA IZQUIERDA,"soporte de patin de puerta, base de patin"
DONGFENG,MINI,BUS/VAN/TRUCK,BASE PATIN SUPERIOR PUERTA DERECHA (202350),"soporte de patin de puerta, base de patin"
DONGFENG,MINI,BUS/VAN/TRUCK,BASE PATIN SUPERIOR PUERTA IZQUIERDA (201801),"soporte de patin de puerta, base de patin"
DONGFENG,MINI,BUS/VAN/TRUCK,BASE TRASERA DE CAJA,"soporte trasero de motor, base trasera de motor"
DONGFENG,MINI,BUS/VAN/TRUCK,BOBINA DE ENCENDIDO,"bobina de encendido, coil"
DONGFENG,MINI,BUS/VAN/TRUCK,BOMBA DE ACEITE,bomba de aceite del motor
DONGFENG,MINI,BUS/VAN/TRUCK,BOMBA DE AGUA,"bomba de agua, bomba del radiador"
DONGFENG,MINI,BUS/VAN/TRUCK,BOMBA DE FRENO,"bomba de freno, cilindro maestro de freno"
DONGFENG,MINI,BUS/VAN/TRUCK,BOMBA DE GASOLINA,"bomba de gasolina, bomba de combustible"
DONGFENG,MINI,BUS/VAN/TRUCK,BRAZO DE BIELA,"brazo de suspension, brazo axial, biela"
DONGFENG,MINI,BUS/VAN/TRUCK,BUJE BARRA ESTABILZADORA,"bujes, buches, goma de suspension, silentblock"
DONGFENG,MINI,BUS/VAN/TRUCK,BUJE DE BALLESTAS PEQ GRAD 8 UND,"bujes, buches, goma de suspension, silentblock"
DONGFENG,MINI,BUS/VAN/TRUCK,BUJE DE BASE DE CAJA TRASERO,"bujes, buches, goma de suspension, silentblock"
DONGFENG,MINI,BUS/VAN/TRUCK,BUJE DE BASE DE MOTOR DERECHA E IZQUIERDA,"bujes, buches, goma de suspension, silentblock"
DONGFENG,MINI,BUS/VAN/TRUCK,BUJE DE EMPUJE DELENTERO,"bujes, buches, goma de suspension, silentblock"
DONGFENG,MINI,BUS/VAN/TRUCK,BUJES DE BALLESTA  TRASERO (4UND),"buje, buches, gomas de suspension, silentblocks"
DONGFENG,MINI,BUS/VAN/TRUCK,BUJIAS NGK (4 UNIDADES),"bujia, candelas, candela"
DONGFENG,MINI,BUS/VAN/TRUCK,BUJIAS NGK (4 UNIDADES) (APLICA A LA C35),"bujia, candelas, candela"
DONGFENG,MINI,BUS/VAN/TRUCK,BUJIAS DENSO CAJA AMARILLA (4 UND PUNTA IRIDIUM ),"bujia, candelas, candela"
DONGFENG,MINI,BUS/VAN/TRUCK,BUJIAS DENSO CAJA AZUL (4 UND PUNTA IRIDIUM),"bujia, candelas, candela"
DONGFENG,MINI,BUS/VAN/TRUCK,BUJIAS TORCH 3 PUNTAS (4 UNIDADES),"bujia, candelas, candela"
DONGFENG,MINI,BUS/VAN/TRUCK,CABLES DE BUJAS,"cables de bujia, cableado de encendido"
DONGFENG,MINI,BUS/VAN/TRUCK,CARDAN 2201100-01,"eje cardan, flecha cardan, homocinetica larga"
DONGFENG,MINI,BUS/VAN/TRUCK,CAÑA DE DIRECCION DE VOLANTE INFERIOR,"caña de direccion, columna de direccion"
DONGFENG,MINI,BUS/VAN/TRUCK,CAÑA DE DIRECCION DE VOLANTE SUPERIOR,"caña de direccion, columna de direccion"
DONGFENG,MINI,BUS/VAN/TRUCK,CAJA COMPLETA,"caja de velocidades completa, transmision completa"
DONGFENG,MINI,BUS/VAN/TRUCK,CAJETIN DE DIRECCION,"caja de direccion, cremallera de direccion"
DONGFENG,MINI,BUS/VAN/TRUCK,CALIPER DERECHO,"mordaza de freno, caliper de freno"
DONGFENG,MINI,BUS/VAN/TRUCK,CALIPER IZQUIERDO,"mordaza de freno, caliper de freno"
DONGFENG,MINI,BUS/VAN/TRUCK,CAMARA COMPLETA,"camara de aire, tripa"
DONGFENG,MINI,BUS/VAN/TRUCK,CAMARA DESNUDA,"camara de aire, tripa"
DONGFENG,MINI,BUS/VAN/TRUCK,CARCASA AIRE DE MOTOR,"carcaza, cubierta"
DONGFENG,MINI,BUS/VAN/TRUCK,CARTER DE MOTOR,"carter de motor, colador de aceite, bandeja de aceite"
DONGFENG,MINI,BUS/VAN/TRUCK,CERRADURA DE GUANTERA,"chapa, seguro"
DONGFENG,MINI,BUS/VAN/TRUCK,CIGÜEÑAL,"ciguenal, eje cigueñal, crankshaft"
DONGFENG,MINI,BUS/VAN/TRUCK,CILINDRO DE FRENO LH,cilindro de freno
DONGFENG,MINI,BUS/VAN/TRUCK,CILINDRO DE FRENO RH,cilindro de freno
DONGFENG,MINI,BUS/VAN/TRUCK,COCUYO DE GUARDAFANGO,"luz lateral, cocuyo de guardafango, marker light"
DONGFENG,MINI,BUS/VAN/TRUCK,COLLARIN,"rodamiento de embrague, collarin de clutch"
DONGFENG,MINI,BUS/VAN/TRUCK,COMPRESOR AIRE/AC,"compresor de aire acondicionado, compresor ac"
DONGFENG,MINI,BUS/VAN/TRUCK,COMPUTADORA MINI BUS VAN,"computdora, ecu, modulo de control, cerebro del carro"
DONGFENG,MINI,BUS/VAN/TRUCK,CONCHAS DE BANCADA 075,"concha, cojinetes, metales de bancada, metales de biela"
DONGFENG,MINI,BUS/VAN/TRUCK,CONCHAS DE BANCADA 010,"concha, cojinetes, metales de bancada, metales de biela"
DONGFENG,MINI,BUS/VAN/TRUCK,CONCHAS DE BANCADA 020,"concha, cojinetes, metales de bancada, metales de biela"
DONGFENG,MINI,BUS/VAN/TRUCK,CONCHAS DE BANCADA STD,"concha, cojinetes, metales de bancada, metales de biela"
DONGFENG,MINI,BUS/VAN/TRUCK,CONCHAS DE BIELA 075,"concha, cojinetes, metales de bancada, metales de biela"
DONGFENG,MINI,BUS/VAN/TRUCK,CONCHAS DE BIELA 010,"concha, cojinetes, metales de bancada, metales de biela"
DONGFENG,MINI,BUS/VAN/TRUCK,CONCHAS DE BIELA 020,"concha, cojinetes, metales de bancada, metales de biela"
DONGFENG,MINI,BUS/VAN/TRUCK,CONCHAS DE BIELA STD,"concha, cojinetes, metales de bancada, metales de biela"
DONGFENG,MINI,BUS/VAN/TRUCK,CONJUNTO DE VALVULA BOMBA DE FRENO,conjunto de valvula de bomba de freno
DONGFENG,MINI,BUS/VAN/TRUCK,CONMUTADOR DE LUCES,"comutador, switch de luces, interruptor de luces"
DONGFENG,MINI,BUS/VAN/TRUCK,CONTROL ELEVA VIDRIO LH BEIS,"control eleva vidrio, motor de vidrio"
DONGFENG,MINI,BUS/VAN/TRUCK,CONTROL ELEVA VIDRIO LH NEGRO,"control eleva vidrio, motor de vidrio"
DONGFENG,MINI,BUS/VAN/TRUCK,CONTROL ELEVA VIDRIO RH BEIS,"control eleva vidrio, motor de vidrio"
DONGFENG,MINI,BUS/VAN/TRUCK,CONTROL ELEVA VIDRIO RH NEGRO,"control eleva vidrio, motor de vidrio"
DONGFENG,MINI,BUS/VAN/TRUCK,CONTROL ELEVAVIDRIO DERECHO 2013,"control eleva vidrio, motor de vidrio, vidrio electrico"
DONGFENG,MINI,BUS/VAN/TRUCK,CONTROL ELEVAVIDRIO IZQUIERDO 2013,"control eleva vidrio, motor de vidrio, vidrio electrico"
DONGFENG,MINI,BUS/VAN/TRUCK,COPA DE BASE DE AMORTIGUADOR,copa de base de amortiguador
DONGFENG,MINI,BUS/VAN/TRUCK,CORREA ALTERNADOR 4PK780,"correo, banda, faja"
DONGFENG,MINI,BUS/VAN/TRUCK,CORREA ALTERNADOR 4PK790,"correo, banda, faja"
DONGFENG,MINI,BUS/VAN/TRUCK,CORREA ALTERNADOR 4PK800,"correo, banda, faja"
DONGFENG,MINI,BUS/VAN/TRUCK,CORREA DE TIEMPO,"correo, banda, faja"
DONGFENG,MINI,BUS/VAN/TRUCK,CORREA DE TIEMPO DOBLE COSTURA,"correo, banda, faja"
DONGFENG,MINI,BUS/VAN/TRUCK,CORREA DEL COMPRESOR AV*820,"correo, banda, faja"
DONGFENG,MINI,BUS/VAN/TRUCK,CRUCETA 25*64   (APLICA C-37),"cruceta cardan, universal joint"
DONGFENG,MINI,BUS/VAN/TRUCK,CUERPO DE ACELERACION,"cuerpo de aceleracion, guerpo de aceleracion, throttle body"
DONGFENG,MINI,BUS/VAN/TRUCK,DAMPER DE CIGÜEÑAL,"dampe, polea amortiguadora, polea cigueñal"
DONGFENG,MINI,BUS/VAN/TRUCK,DEPOSITO REFRIGERANTE,"envase de refrigerante, tanque de refrigerante"
DONGFENG,MINI,BUS/VAN/TRUCK,DISCO DE CROCHET,disco de freno
DONGFENG,MINI,BUS/VAN/TRUCK,DISCO DE FRENO,disco de freno
DONGFENG,MINI,BUS/VAN/TRUCK,ELECTRO VENTILADOR DE RADIADOR,"electroventilador, ventilador electrico"
DONGFENG,MINI,BUS/VAN/TRUCK,EMPACADURA DE CAMARA,"empacadula, junta de motor, empaque"
DONGFENG,MINI,BUS/VAN/TRUCK,EMPACADURA DE TAPA VALVULA,"empacadula, junta de motor, empaque"
DONGFENG,MINI,BUS/VAN/TRUCK,ENGRANAJE DE TIEMPO,"engranajes, piñon, corona"
DONGFENG,MINI,BUS/VAN/TRUCK,ENVASE DE AGUA CON MOTOR LIMPIA PARABRISA,"deposito de agua, tanque de agua"
DONGFENG,MINI,BUS/VAN/TRUCK,ESTOPERA DE CIGÜEÑAL DELANTERA,"estopela, reten, sello de aceite"
DONGFENG,MINI,BUS/VAN/TRUCK,ESTOPERA DE LEVA,"estopela, reten, sello de aceite"
DONGFENG,MINI,BUS/VAN/TRUCK,ESTOPERA TRASERA DE CIGÜEÑAL,"estopela, reten, sello de aceite"
DONGFENG,MINI,BUS/VAN/TRUCK,FARO ANTINIEBLA 2013 DERECHO,"luz delantera, optico"
DONGFENG,MINI,BUS/VAN/TRUCK,FARO ANTINIEBLA 2013 IZQUIERDO,"luz delantera, optico"
DONGFENG,MINI,BUS/VAN/TRUCK,FARO DELANTERO DERECHO FONDO NEGRO,"luz delantera, optico"
DONGFENG,MINI,BUS/VAN/TRUCK,FARO DELANTERO IZQUIERDO FONDO NEGRO,"luz delantera, optico"
DONGFENG,MINI,BUS/VAN/TRUCK,FILTRO DE ACEITE,"fitro, filtro de aceite, filtro de aire, filtro de gasolina"
DONGFENG,MINI,BUS/VAN/TRUCK,FILTRO DE AIRE MOTOR,"fitro, filtro de aceite, filtro de aire, filtro de gasolina"
DONGFENG,MINI,BUS/VAN/TRUCK,FILTRO DE GASOLINA,"fitro, filtro de aceite, filtro de aire, filtro de gasolina"
DONGFENG,MINI,BUS/VAN/TRUCK,FLOTANTE DE GASOLINA,"flotatante, sensor de nivel, boya de gasolina"
DONGFENG,MINI,BUS/VAN/TRUCK,GOMA GUARDAPOLVO DE CAÑA DE DIRECCION,"gomas, buje, empaque de goma"
DONGFENG,MINI,BUS/VAN/TRUCK,GOMA DE AMORTIGUADOR,"gomas, buje, empaque de goma"
DONGFENG,MINI,BUS/VAN/TRUCK,GORROS DE VALVULAS,"tapas de ruedas, gorros de rueda"
DONGFENG,MINI,BUS/VAN/TRUCK,GRUPO DIFERENCIAL RELACION 43X11,"diferencial completo, grupo diferencial"
DONGFENG,MINI,BUS/VAN/TRUCK,GUARDAPOLVO DE AMORTIGUADOR,"guada, guadarpolvo, guarda, fuelle"
DONGFENG,MINI,TODAS LAS MARCAS,GUARDAPOLVO DE ROTULA,"guada, guadarpolvo, guarda, fuelle"
DONGFENG,MINI,BUS/VAN/TRUCK,GUAYA DE ACELERACION,"cable del acelerador, guaya del acelerador"
DONGFENG,MINI,BUS/VAN/TRUCK,GUAYA DE CROCHET,"cable de embrague, guaya de clutch"
DONGFENG,MINI,BUS/VAN/TRUCK,GUAYA DE VELOCIDAD DELENTARA PUNTA PLATEADA,"cable de velocidad, guaya de cambios"
DONGFENG,MINI,BUS/VAN/TRUCK,GUAYA DE VELOCIDAD TRASERA PUNTA AMARILLA,"cable de velocidad, guaya de cambios"
DONGFENG,MINI,BUS/VAN/TRUCK,GUAYA SELECTORA DE CAMBIO,"cable selector de caja, guaya de caja"
DONGFENG,MINI,BUS/VAN/TRUCK,GUIA DE VALVULAS 16PIEZAS,guias de valvula del motor
DONGFENG,MINI,BUS/VAN/TRUCK,INYECTOR DE GASOLINA,"inyetor, inyector de gasolina, boquilla"
DONGFENG,MINI,BUS/VAN/TRUCK,KIT BASE DE AMORTIGUADOR 9 PIEZAS,kit de base de amortiguador
DONGFENG,MINI,BUS/VAN/TRUCK,KIT CHUPON DE BOBINA,"kit de chupon, kit de soporte de goma"
DONGFENG,MINI,BUS/VAN/TRUCK,KIT DE BALANCIN 8PIEZAS Y MARTILLOS 8PIEZAS,kit de balancines o martillos de valvula
DONGFENG,MINI,BUS/VAN/TRUCK,KIT DE COMPONESTES PARA ARMAR CAMARA (88 PIEZAS),kit de componentes
DONGFENG,MINI,BUS/VAN/TRUCK,KIT DE CROCHET,"kit de embrague, kit de clutch"
DONGFENG,MINI,BUS/VAN/TRUCK,KIT DE EMPACADURA,kit de empacadura de motor con estopera
DONGFENG,MINI,BUS/VAN/TRUCK,KIT DE PUNTA DE EJE TRASERA,kit de puntas de direccion
DONGFENG,MINI,BUS/VAN/TRUCK,KIT DE TIEMPO ORIGINAL,kit de tiempo o distribucion
DONGFENG,MINI,BUS/VAN/TRUCK,KIT DE TIEMPO CORREA Y TENSOR,kit de tiempo o distribucion
DONGFENG,MINI,BUS/VAN/TRUCK,KIT DE REPARACION DE FRENO BANDAS TRASERA,kit de reparacion
DONGFENG,MINI,BUS/VAN/TRUCK,LAPIZ DELANTERO,"sensor lapiz, sonda"
DONGFENG,MINI,BUS/VAN/TRUCK,LOGO DE COMPUERTA TRASERA,"emblema de compuerta, insignia de maletero"
DONGFENG,MINI,BUS/VAN/TRUCK,MANGERA SALIDA DE MOTOR,manguera de salida
DONGFENG,MINI,BUS/VAN/TRUCK,MANGUERA ENTRADA DE MOTOR,manguera de entrada
DONGFENG,MINI,BUS/VAN/TRUCK,MANGERA SALIDA DE RADIADOR,manguera de salida
DONGFENG,MINI,BUS/VAN/TRUCK,MANGUERA ENTRADA DE RADIADOR,manguera de entrada
DONGFENG,MINI,BUS/VAN/TRUCK,MANGUERA CALEFACCION ENTRADA MOTOR,manguera de calefaccion
DONGFENG,MINI,BUS/VAN/TRUCK,MANGUERA DE AIRE DE MOTOR,"manguera de aire, manguera de admision"
DONGFENG,MINI,BUS/VAN/TRUCK,MANGUERA DE CALEFACCION ENTRA,manguera de calefaccion
DONGFENG,MINI,BUS/VAN/TRUCK,MANGUERA DE CALEFACCION SALIDA,manguera de calefaccion
DONGFENG,MINI,BUS/VAN/TRUCK,MANILLA ELEVA VIDRIO PUERTA MEDIA,"manija, agarradera, manilla de puerta"
DONGFENG,MINI,BUS/VAN/TRUCK,MANILLA EXTERNA PUERTA DELANTERA DERECHA,"manija, agarradera, manilla de puerta"
DONGFENG,MINI,BUS/VAN/TRUCK,MANILLA EXTERNA PUERTA DELANTERA IZQUIERDA,"manija, agarradera, manilla de puerta"
DONGFENG,MINI,BUS/VAN/TRUCK,MANILLA EXTERNA PUERTA MEDIA DERECHA,"manija, agarradera, manilla de puerta"
DONGFENG,MINI,BUS/VAN/TRUCK,MANILLA EXTERNA PUERTA MEDIA IZQUIERDA,"manija, agarradera, manilla de puerta"
DONGFENG,MINI,BUS/VAN/TRUCK,MANILLA INTERNA PUERTA DELANTEA DERECHA,"manija, agarradera, manilla de puerta"
DONGFENG,MINI,BUS/VAN/TRUCK,MANILLA INTERNA PUERTA DELANTEA IZQUIERDA,"manija, agarradera, manilla de puerta"
DONGFENG,MINI,BUS/VAN/TRUCK,MANILLA INTERNA PUERTA DELANTERA DERECHA 2013,"manija, agarradera, manilla de puerta"
DONGFENG,MINI,BUS/VAN/TRUCK,MANILLA INTERNA PUERTA DELANTERA IZUIERDA 2013,"manija, agarradera, manilla de puerta"
DONGFENG,MINI,BUS/VAN/TRUCK,MANILLA INTERNA PUERTA MEDIA,"manija, agarradera, manilla de puerta"
DONGFENG,MINI,BUS/VAN/TRUCK,MESETA DERECHA,"plato de clutch, meseta de embrague"
DONGFENG,MINI,BUS/VAN/TRUCK,MESETA IZQUIEDA,"plato de clutch, meseta de embrague"
DONGFENG,MINI,BUS/VAN/TRUCK,MOLDURA COMPUERTA TRASERA,"cenefa, adorno lateral"
DONGFENG,MINI,BUS/VAN/TRUCK,MOLDURA TORPEDO,"cenefa, adorno lateral"
DONGFENG,MINI,BUS/VAN/TRUCK,MOTOR COMPLETO,motor completo del vehiculo
DONGFENG,MINI,BUS/VAN/TRUCK,MOTOR COMPLETO GARANTIA CONSECIONARIO,motor completo del vehiculo
DONGFENG,MINI,BUS/VAN/TRUCK,MOTOR ELEVA VIDRIO DERECHO,"motor eleva vidrio, motor de vidrio"
DONGFENG,MINI,BUS/VAN/TRUCK,MOTOR ELEVA VIDRIO IZQUIERDO,"motor eleva vidrio, motor de vidrio"
DONGFENG,MINI,BUS/VAN/TRUCK,MOTOR LIMPIA PARABRISAS,"motor limpiaparabrisas, motor de wiper"
DONGFENG,MINI,BUS/VAN/TRUCK,MOTOR SOPLADOR AIRE ACONDICIONADO,"motor de blower, motor de aire acondicionado"
DONGFENG,MINI,BUS/VAN/TRUCK,MOZO DELANTERO,"rotula, terminal de direccion"
DONGFENG,MINI,BUS/VAN/TRUCK,PARACHOQUE DELANTERO MODELO NUEVO,"parachoques, defensa, bumper, bumera"
DONGFENG,MINI,BUS/VAN/TRUCK,PARRILLA DELANTERA EL PAR,"rejilla frontal, grill"
DONGFENG,MINI,BUS/VAN/TRUCK,PASTILLAS DE FRENO,"balatas, pastilla de freno"
DONGFENG,MINI,BUS/VAN/TRUCK,PILA DE GASOLINA BOSCH 2068 UNIVERSAL,"bateria, acumulador"
DONGFENG,MINI,BUS/VAN/TRUCK,PILA DE GASOLINA MARCA DENSO,"bateria, acumulador"
DONGFENG,MINI,BUS/VAN/TRUCK,PIÑON DE CIGÜEÑAL,"pinon, engranaje piñon"
DONGFENG,MINI,BUS/VAN/TRUCK,PISTON 075/30,"pistones, embolo"
DONGFENG,MINI,BUS/VAN/TRUCK,PISTONES 010/25,"piston, embolos"
DONGFENG,MINI,BUS/VAN/TRUCK,PISTONES 020/50,"piston, embolos"
DONGFENG,MINI,BUS/VAN/TRUCK,PISTONES ESTANDAR,"piston, embolos"
DONGFENG,MINI,BUS/VAN/TRUCK,PLATO DE CORCHET,"plato de embrague, plato de clutch"
DONGFENG,MINI,BUS/VAN/TRUCK,POLEA DE BOMBA DE AGUA,"polea de correa, polea de alternador"
DONGFENG,MINI,BUS/VAN/TRUCK,PUNTA DE EJE TRASERA 25 DIENTES,"punta de eje, terminal de eje"
DONGFENG,MINI,BUS/VAN/TRUCK,RADIADOR,"radiador de agua, panal"
DONGFENG,MINI,BUS/VAN/TRUCK,REGULADOR DE GASOLINA,"regurador, regulador de alternador, regulador de voltaje"
DONGFENG,MINI,BUS/VAN/TRUCK,RELE  LUZ INTERMITENTE,"rele electrico, relay"
DONGFENG,MINI,BUS/VAN/TRUCK,RETROVISOR DERECHO 2012,"espejo, espejo lateral"
DONGFENG,MINI,BUS/VAN/TRUCK,RETROVISOR IZQUIERDO 2012,"espejo, espejo lateral"
DONGFENG,MINI,BUS/VAN/TRUCK,RETROVISOR DERECHO MODELO NUEVO 2013,"espejo, espejo lateral"
DONGFENG,MINI,BUS/VAN/TRUCK,RETROVISOR IZQUIERDO MODELO NUEVO 2013,"espejo, espejo lateral"
DONGFENG,MINI,BUS/VAN/TRUCK,RODAMIENTO DE AMORTIGUADOR,"rolinera, bearing"
DONGFENG,MINI,BUS/VAN/TRUCK,ROLINERA TRASERA,"rodamiento, bearing"
DONGFENG,MINI,BUS/VAN/TRUCK,ROTULA DE DIRECCION,"rotula de suspension, terminal, punta de eje, mozo"
DONGFENG,MINI,BUS/VAN/TRUCK,SELLO DE BUJIAS,"sellos de bujia, empaques de bujia"
DONGFENG,MINI,BUS/VAN/TRUCK,SENSOR ARBOL DE LEVA APLICA ZOTYE,sensor de arbol de leva
DONGFENG,MINI,BUS/VAN/TRUCK,SENSOR DE GOLPETEO,"sensor de detonacion, sensor knock"
DONGFENG,MINI,BUS/VAN/TRUCK,SENSOR DE OXIGENO (CONECTOR BLANCO),"sonda lambda, sensor de oxigeno"
DONGFENG,MINI,BUS/VAN/TRUCK,SENSOR DE OXIGENO TRASERO,"sonda lambda, sensor de oxigeno"
DONGFENG,MINI,BUS/VAN/TRUCK,SENSOR DE RETROCESO,"sensor de reversa, sensor de retro"
DONGFENG,MINI,BUS/VAN/TRUCK,SENSOR DE VELOCIDAD,sensor de velocidad
DONGFENG,MINI,BUS/VAN/TRUCK,SENSOR MAP (BOSH),sensor de presion de multiple
DONGFENG,MINI,BUS/VAN/TRUCK,SENSOR POCISION DE CIGÜEÑAL,sensor de posicion
DONGFENG,MINI,BUS/VAN/TRUCK,SENSOR TPS APLICA A ZOTYE,sensor de posicion del acelerador
DONGFENG,MINI,BUS/VAN/TRUCK,SILICON MEGA GREY,"sellador, silicona"
DONGFENG,MINI,BUS/VAN/TRUCK,STOP DERECHO MODELO NUEVO,"luz trasera, calavera"
DONGFENG,MINI,BUS/VAN/TRUCK,STOP IZQUIERDO MODELO NUEVO,"luz trasera, calavera"
DONGFENG,MINI,BUS/VAN/TRUCK,SUICHERA DE ENCENDIDO,"switch de encendido, cerradura de arranque"
DONGFENG,MINI,BUS/VAN/TRUCK,TAMBOR DE FRENO,tambor de freno
DONGFENG,MINI,BUS/VAN/TRUCK,TANQUE DE GASOLINA,"deposito, tanque de gasolina"
DONGFENG,MINI,BUS/VAN/TRUCK,TAPA BOMBA DE GASOLINA,tapa de bomba
DONGFENG,MINI,BUS/VAN/TRUCK,TAPA CORREA DE TIEMPO,tapa de correa de tiempo
DONGFENG,MINI,BUS/VAN/TRUCK,TAPA PLASTICA DE AMORTIGUADOR,tapa de plastico
DONGFENG,MINI,BUS/VAN/TRUCK,TAPA VALVULA DE MOTOR,tapa de valvulas del motor
DONGFENG,MINI,BUS/VAN/TRUCK,TENSOR DE TIEMPO,"tensor de correa, polea tensora"
DONGFENG,MINI,BUS/VAN/TRUCK,TERMINAL DE DIRECCION DERECHO,"terminal de direccion, rotula de direccion"
DONGFENG,MINI,BUS/VAN/TRUCK,TERMINAL DE DIRECCION IZQIERDO,"terminal de direccion, rotula de direccion"
DONGFENG,MINI,BUS/VAN/TRUCK,TERMOSTATO,"termotasto, termostato de agua"
DONGFENG,MINI,BUS/VAN/TRUCK,TOMA DE TERMOSTATO,"toma del termostato, carcasa del termostato"
DONGFENG,MINI,BUS/VAN/TRUCK,TOPE GOMA DE AMORTIGUADOR,tope de goma
DONGFENG,MINI,BUS/VAN/TRUCK,TOPE METALICO DE AMORTIGUADOR,tope metalico de amortiguador
DONGFENG,MINI,BUS/VAN/TRUCK,TUBERIA DE AGUA,"tuberia de agua, manguera de agua"
DONGFENG,MINI,BUS/VAN/TRUCK,TUBERIA PRINCIPAL DE AGUA+ CODO,"tuberia principal, manguera principal"
DONGFENG,MINI,BUS/VAN/TRUCK,VALVULA DE TEMPERATURA,valvula de temperatura
DONGFENG,MINI,BUS/VAN/TRUCK,VALVULA IAC (APLICA PARA LA ZOTYE),"valvula de aire de ralenti, iac"
DONGFENG,MINI,BUS/VAN/TRUCK,VALVULA PCV,"valvula pcv, valvula de gases de carter"
DONGFENG,MINI,BUS/VAN/TRUCK,VALVULA PRESION DE ACEITE,valvula de presion de aceite o aire
DONGFENG,MINI,BUS/VAN/TRUCK,VALVULAS DE ADMISION,valvulas de admision del motor
DONGFENG,MINI,BUS/VAN/TRUCK,VALVULAS DE ESCAPE,valvulas de escape del motor
DONGFENG,MINI,BUS/VAN/TRUCK,VOLANTE DE MOTOR,"volante de direccion, volante motor"
DONGFENG,MINI,BUS/VAN/TRUCK,WIPPER  BOMBA LIMPIA PARABISAS,"wiper, limpiaparabrisas, plumilla"
DONGFENG,ZNA,ZNA,ACOPLE DE RUEDA,"acople de rueda, cubo de rueda, maza"
DONGFENG,ZNA,ZNA,ALTERNADOR,"dinamo, generador"
DONGFENG,ZNA,ZNA,AMORTIGUADOR TRASERO 4X2 ACEITE,"suspension, amortiguacion, shock"
DONGFENG,ZNA,ZNA,AMORTIGUADOR TRASERO 4X2,"suspension, amortiguacion, shock"
DONGFENG,ZNA,ZNA,AMORTIGUADORES DELANTERO  4X2,"amortiguador, suspension, shocks"
DONGFENG,ZNA,ZNA,AMORTIGUADORES DELANTERO  4X2 ACEITE,"amortiguador, suspension, shocks"
DONGFENG,ZNA,ZNA,AMORTIGUADORES DELANTERO 4X4,"amortiguador, suspension, shocks"
DONGFENG,ZNA,ZNA,AMORTIGUADORES DELANTERO 4X4 ACEITE,"amortiguador, suspension, shocks"
DONGFENG,ZNA,ZNA,AMOTIGUADOR TRASERO 4X4,"amortiguador, suspension, shock"
DONGFENG,ZNA,ZNA,AMOTIGUADOR TRASERO 4X4 ACEITE,"amortiguador, suspension, shock"
DONGFENG,ZNA,ZNA,ANILLOS 0.25/010,"aros de piston, rines de piston, segmentos"
DONGFENG,ZNA,ZNA,ANILLOS 0.50/020,"aros de piston, rines de piston, segmentos"
DONGFENG,ZNA,ZNA,ANILLOS 0.75/030,"aros de piston, rines de piston, segmentos"
DONGFENG,ZNA,ZNA,ANILLOS STD,"aros de piston, rines de piston, segmentos"
DONGFENG,ZNA,ZNA,ARRANQUE DE MOTOR,"motor de arranque, marcha, burro de arranque, swich de arranque"
DONGFENG,ZNA,ZNA,AXIALES STD,"rotulas axiales, terminales axiales"
DONGFENG,ZNA,ZNA,BALLESTA DE ZNA 4X2,"muelle, resorte de ballesta"
DONGFENG,ZNA,ZNA,BALLESTA DE ZNA 4X4,"muelle, resorte de ballesta"
DONGFENG,ZNA,ZNA,BANDAS DE FRENO 4X4,"bandas de freno de mano, cintas de freno de mano"
DONGFENG,ZNA,ZNA,BARRA DE DIRECCION CON MUÑON  4X2 P2700,"barra de direccion, terminal de direccion largo"
DONGFENG,ZNA,ZNA,BARRA DE DIRECCION CON MUÑON CURVA  4X4 2W300,"barra de direccion, terminal de direccion largo"
DONGFENG,ZNA,ZNA,BASE DE CAJA 4X2,"base de caja de velocidades, soporte de caja"
DONGFENG,ZNA,ZNA,BASE DE CAJA 4X4,"base de caja de velocidades, soporte de caja"
DONGFENG,ZNA,ZNA,BASE DE MOTOR 4X2 4X4,"soporte de motor, cuna de motor, taco de motor"
DONGFENG,ZNA,ZNA,BOBINA DE ENCENDIDO,"bobina de encendido, coil"
DONGFENG,ZNA,ZNA,BOMBA DE ACEITE,bomba de aceite del motor
DONGFENG,ZNA,ZNA,BOMBA DE ACEITE ORIGINAL,bomba de aceite del motor
DONGFENG,ZNA,ZNA,BOMBA DE AGUA,"bomba de agua, bomba del radiador"
DONGFENG,ZNA,ZNA,BOMBA DE DIRECCION,bomba de direccion hidraulica
DONGFENG,ZNA,ZNA,BOMBA DE FRENO CON ENVASE,"bomba de freno, cilindro maestro de freno"
DONGFENG,ZNA,ZNA,BOMBA DE GASOLINA,"bomba de gasolina, bomba de combustible"
DONGFENG,ZNA,ZNA,BOMBIN SUPERIOR,"bombin superior de embrague, cilindro maestro de clutch"
DONGFENG,ZNA,ZNA,BOMBIN INFERIOR,"bombin inferior de embrague, cilindro esclavo"
DONGFENG,ZNA,ZNA,BRAZO DE BIELA,"brazo de suspension, brazo axial, biela"
DONGFENG,ZNA,ZNA,BRAZO LOCO 4X2,"brazo de suspension, brazo axial, biela"
DONGFENG,ZNA,ZNA,BRAZO LOCO 4X4,"brazo de suspension, brazo axial, biela"
DONGFENG,ZNA,ZNA,BRAZO PITMA 4X4,"brazo de suspension, brazo axial, biela"
DONGFENG,ZNA,ZNA,BUCHE DE GUARDAFANGO DELANTERO DERECHO,"mangueras del sistema, manguera de admision"
DONGFENG,ZNA,ZNA,BUCHE DE GUARDAFANGO DELANTERO IZQUIERDO,"mangueras del sistema, manguera de admision"
DONGFENG,ZNA,ZNA,BUCHE DE GUARDAFANGO TRASERO DERECHO,"mangueras del sistema, manguera de admision"
DONGFENG,ZNA,ZNA,BUCHE DE GUARDAFANGO TRASERO IZQUIERDO,"mangueras del sistema, manguera de admision"
DONGFENG,ZNA,ZNA,BUCHE DE PARACHOQUE DELANTERO DERECHO,"mangueras del sistema, manguera de admision"
DONGFENG,ZNA,ZNA,BUCHE DE PARACHOQUE DELANTERO IZQUIERDO,"mangueras del sistema, manguera de admision"
DONGFENG,ZNA,ZNA,BUJE DE BALLESTA GRANDE 2 UND,"bujes, buches, goma de suspension, silentblock"
DONGFENG,ZNA,ZNA,BUJE DE BALLESTA PEQUEÑO 2 UND,"bujes, buches, goma de suspension, silentblock"
DONGFENG,ZNA,ZNA,BUJE DE BARRA ESTABILIZADORA 4X2,"bujes, buches, goma de suspension, silentblock"
DONGFENG,ZNA,ZNA,BUJE DE BARRA ESTABILIZADORA 4X4,"bujes, buches, goma de suspension, silentblock"
DONGFENG,ZNA,ZNA,BUJE DE MESETA INFERIOR 4X2,"bujes, buches, goma de suspension, silentblock"
DONGFENG,ZNA,ZNA,BUJE DE MESETA INFERIOR 4X4,"bujes, buches, goma de suspension, silentblock"
DONGFENG,ZNA,ZNA,BUJE DE MESETA SUPERIOR 4X2 4X4,"bujes, buches, goma de suspension, silentblock"
DONGFENG,ZNA,ZNA,BUJIAS NGK (4 UNIDADES),"bujia, candelas, candela"
DONGFENG,ZNA,ZNA,BUJIAS NGK (4 UNIDADES),"bujia, candelas, candela"
DONGFENG,ZNA,ZNA,BUJIAS DENSO CAJA AMARILLA (4 UND PUNTA IRIDIUM ),"bujia, candelas, candela"
DONGFENG,ZNA,ZNA,BUJIAS DENSO CAJA AZUL (4 UND PUNTA IRIDIUM),"bujia, candelas, candela"
DONGFENG,ZNA,ZNA,BUJIAS TORCH 3 PUNTAS (4 UNIDADES),"bujia, candelas, candela"
DONGFENG,ZNA,ZNA,CABLES DE BUJIA,"cables de bujias, cableado de encendido"
DONGFENG,ZNA,ZNA,CAJETIN DE DIRECCION 4X4,"caja de direccion, cremallera de direccion"
DONGFENG,ZNA,ZNA,CAMARA COMPLETA,"camara de aire, tripa"
DONGFENG,ZNA,ZNA,CARCAZA CON FILTRO AIRE DE MOTOR,"carcasa, cubierta"
DONGFENG,ZNA,ZNA,CERRADURA DE GUANTERA,"chapa, seguro"
DONGFENG,ZNA,ZNA,CHAPALETA DE GUARDABARROS DELANTERO DERECHO 4X4,"valvula chapaleta, mariposa de admision"
DONGFENG,ZNA,ZNA,CHAPALETA DE GUARDABARROS DELANTERO IZQUIERDO 4X4,"valvula chapaleta, mariposa de admision"
DONGFENG,ZNA,ZNA,CHAPALETA DE GUARDABARROS TRASERO DERECHO 4X4,"valvula chapaleta, mariposa de admision"
DONGFENG,ZNA,ZNA,CHAPALETA DE GUARDABARROS TRASERO IZQUIERDO 4X4,"valvula chapaleta, mariposa de admision"
DONGFENG,ZNA,ZNA,CHUMACERA DE CARDAN 4X2,"chumasera, rodamiento de chumacera, soporte con rodamiento"
DONGFENG,ZNA,ZNA,CHUMACERA DE CARDAN 4X4,"chumasera, rodamiento de chumacera, soporte con rodamiento"
DONGFENG,ZNA,ZNA,CIGÜEÑAL,"ciguenal, eje cigueñal, crankshaft"
DONGFENG,ZNA,ZNA,CILINDRO DE FRENO TRASERO 4X2 4X4,cilindro de freno
DONGFENG,ZNA,ZNA,COCUYO DE GUARDAFANGO,"luz lateral, cocuyo de guardafango, marker light"
DONGFENG,ZNA,ZNA,COLLARIN DE CROCHET,"rodamiento de embrague, collarin de clutch"
DONGFENG,ZNA,ZNA,COMPLEMENTO DE FARO DERECHO,"complemento de faro, luz complementaria"
DONGFENG,ZNA,ZNA,COMPLEMENTO DE FARO IZQUIERDO,"complemento de faro, luz complementaria"
DONGFENG,ZNA,ZNA,COMPRESOR AIRE/AC,"compresor de aire acondicionado, compresor ac"
DONGFENG,ZNA,ZNA,COMPUTADORA,"computdora, ecu, modulo de control, cerebro del carro"
DONGFENG,ZNA,ZNA,CONCHAS DE BANCADA 0.25/010,"concha, cojinetes, metales de bancada, metales de biela"
DONGFENG,ZNA,ZNA,CONCHAS DE BANCADA 0.50/020,"concha, cojinetes, metales de bancada, metales de biela"
DONGFENG,ZNA,ZNA,CONCHAS DE BANCADA STD,"concha, cojinetes, metales de bancada, metales de biela"
DONGFENG,ZNA,ZNA,CONCHAS DE BIELA 0.50/020,"concha, cojinetes, metales de bancada, metales de biela"
DONGFENG,ZNA,ZNA,CONCHAS DE BIELA STD,"concha, cojinetes, metales de bancada, metales de biela"
DONGFENG,ZNA,ZNA,CONCHAS DE BILEA 0.25/010,"concha, cojinetes, metales de bancada, metales de biela"
DONGFENG,ZNA,ZNA,CONDENSADOR AIRE ACONDICINADO,"condensador de aire acondicionado, radiador de ac"
DONGFENG,ZNA,ZNA,CONJUNTO VALVULA BOMBA DE FRENO 4X2,conjunto de valvula de bomba de freno
DONGFENG,ZNA,ZNA,CONJUNTO VALVULA BOMBA DE FRENO 4X4,conjunto de valvula de bomba de freno
DONGFENG,ZNA,ZNA,CONMUTADOR DE ENCENDIDO,"comutador, switch de luces, interruptor de luces"
DONGFENG,ZNA,ZNA,CORREA DE ALTERNADOR 5PK865,"correo, banda, faja"
DONGFENG,ZNA,ZNA,CORREA DE DIRECCION V13X1120,"correo, banda, faja"
DONGFENG,ZNA,ZNA,CORREA DEL COMPRESOR 4PK940,"correo, banda, faja"
DONGFENG,ZNA,ZNA,CRUCETA DE CARDAN GRANDE  30*88 RETEN INTERNO,"cruceta cardan, universal joint"
DONGFENG,ZNA,ZNA,CRUCETA DE CARDAN PEQUEÑA 27*72 RETEN INTERNO,"cruceta cardan, universal joint"
DONGFENG,ZNA,ZNA,DAMPER DE CIGUEÑAL,"dampe, polea amortiguadora, polea cigueñal"
DONGFENG,ZNA,ZNA,DISCO DE CROCHET,disco de freno
DONGFENG,ZNA,ZNA,DISCO DE FRENO 4X4,disco de freno
DONGFENG,ZNA,ZNA,DISCO DE FRENO 4X2,disco de freno
DONGFENG,ZNA,ZNA,ELECTROVENTILADOR,"electro, ventilador electrico, abanico electrico"
DONGFENG,ZNA,ZNA,EMPACADURA DE CAMARA,"empacadula, junta de motor, empaque"
DONGFENG,ZNA,ZNA,EMPACADURA DE TAPA VALVULA,"empacadula, junta de motor, empaque"
DONGFENG,ZNA,ZNA,ENVASE DE REFRIGERANTE MODELO QUE APLICA,"deposito de refrigerante, tanque de refrigerante"
DONGFENG,ZNA,ZNA,ESTOPERA DELANTERA DE CIGÜEÑAL,"estopela, reten, sello de aceite"
DONGFENG,ZNA,ZNA,ESTOPERA TRASERA DE CIGÜEÑAL,"estopela, reten, sello de aceite"
DONGFENG,ZNA,ZNA,FARO DELANTERO DERECHO MODELO NUEVO (LED),"luz delantera, optico"
DONGFENG,ZNA,ZNA,6+,
DONGFENG,ZNA,ZNA,FILTRO AIRE DE MOTOR,"fitro, filtro de aceite, filtro de aire, filtro de gasolina"
DONGFENG,ZNA,ZNA,FILTRO DE ACEITE,"fitro, filtro de aceite, filtro de aire, filtro de gasolina"
DONGFENG,ZNA,ZNA,FILTRO DE GASOLINA,"fitro, filtro de aceite, filtro de aire, filtro de gasolina"
DONGFENG,ZNA,ZNA,FLOTANTE DE GASOLINA,"flotatante, sensor de nivel, boya de gasolina"
DONGFENG,ZNA,ZNA,GEMELO DE BALLESTA,"gemelo de ballesta, grillete"
DONGFENG,ZNA,ZNA,GOMAS DE LA PCV 5 UND,"goma, bujes, empaques de goma"
DONGFENG,ZNA,ZNA,"GOMAS DE PARACHOQUE TRASERO ( 1 GRANDE, 1 PEQUEÑA)","goma, bujes, empaques de goma"
DONGFENG,ZNA,ZNA,GORROS DE VALVULAS,"tapas de ruedas, gorros de rueda"
DONGFENG,ZNA,ZNA,GUARDA BARROS DELANTERO DERECHO,"guardapolvo, fuelle"
DONGFENG,ZNA,ZNA,GUARDA BARROS DELANTERO IZQUIERDO,"guardapolvo, fuelle"
DONGFENG,ZNA,ZNA,GUAYA DE ACELERACION,"cable del acelerador, guaya del acelerador"
DONGFENG,ZNA,ZNA,HORQUILLA DE COLLARIN,"horquilla de suspension, brazo inferior"
DONGFENG,ZNA,ZNA,INYECTOR DE GASOLINA,"inyetor, inyector de gasolina, boquilla"
DONGFENG,ZNA,ZNA,KIT DE CROCHET KG,"kit de embrague, kit de clutch"
DONGFENG,ZNA,ZNA,KIT DE EMPACADURA,kit de empacadura de motor con estopera
DONGFENG,ZNA,ZNA,KIT REPARACION DE CAJETIN 4X2,kit de reparacion
DONGFENG,ZNA,ZNA,KIT DE REPARACION DE CAJETIN 4X4,kit de reparacion
DONGFENG,ZNA,ZNA,KIT DE TERMINALES COMPLETO 4X2 (EL PAR),kit de terminales de direccion
DONGFENG,ZNA,ZNA,KIT DE TERMINALES COMPLETO 4X4 (EL PAR),kit de terminales de direccion
DONGFENG,ZNA,ZNA,KIT DE TIEMPO,kit de tiempo o distribucion
DONGFENG,ZNA,ZNA,LAPIZ CORTO 4X4,"sensor lapiz, sonda"
DONGFENG,ZNA,ZNA,LAPIZ LAGO 4X2,"sensor lapiz, sonda"
DONGFENG,ZNA,ZNA,LOGO DE PARRILLA,"emblema de parrilla, insignia de rejilla"
DONGFENG,ZNA,ZNA,MANDO ELEVAVIDRIO DERECHO,"control remoto, mando a distancia"
DONGFENG,ZNA,ZNA,MANDO ELEVAVIDRIO IZQUIERDO,"control remoto, mando a distancia"
DONGFENG,ZNA,ZNA,MANGUERA ACORDEON AIRE DE MOTOR,"manguera de fuelle, manguera flexible acordeon"
DONGFENG,ZNA,ZNA,MANGUERA DE CALIPER DELANTERA DERECHA 4X2 46210-3S410,manguera de freno del caliper
DONGFENG,ZNA,ZNA,MANGUERA DE CALIPER DELANTERA IZQUIERDA 4X2 46211-3S410,manguera de freno del caliper
DONGFENG,ZNA,ZNA,MANGUERA DE CALIPER DELANTERA DERECHA 4X4 46210-2S600,manguera de freno del caliper
DONGFENG,ZNA,ZNA,MANGUERA DE CALIPER DELANTERA IZQUIERDA 4X4 46210-2S600,manguera de freno del caliper
DONGFENG,ZNA,ZNA,MANILLA DE COMPUERTA TRASERA,"manija, agarradera, manilla de puerta"
DONGFENG,ZNA,ZNA,MANILLA DELANTERA EXTERNA DERECHA,"manija, agarradera, manilla de puerta"
DONGFENG,ZNA,ZNA,MANILLA DELANTERA EXTERNA IZQUIERDA,"manija, agarradera, manilla de puerta"
DONGFENG,ZNA,ZNA,MANILLA INTERNA DERECHA,"manija, agarradera, manilla de puerta"
DONGFENG,ZNA,ZNA,MANILLA INTERNA IZQUIERDA,"manija, agarradera, manilla de puerta"
DONGFENG,ZNA,ZNA,MESETA SUPERIOR DERECHA 4X4,"plato de clutch, meseta de embrague"
DONGFENG,ZNA,ZNA,MESETA SUPERIOR IZQUIERDA 4X4,"plato de clutch, meseta de embrague"
DONGFENG,ZNA,ZNA,MESETA INFERIOR DERECHA 4X2,"plato de clutch, meseta de embrague"
DONGFENG,ZNA,ZNA,MESETA INFERIOR IZQUIERDA 4X2,"plato de clutch, meseta de embrague"
DONGFENG,ZNA,ZNA,MOZO O CUBO DE REUEDA 4X4,"rotula, terminal de direccion"
DONGFENG,ZNA,ZNA,MOZO O CUBO DE REUEDA 4X2,"rotula, terminal de direccion"
DONGFENG,ZNA,ZNA,MUÑON INFERIOR 4X2  2C410,"muñon inf, porta mazas inferior"
DONGFENG,ZNA,ZNA,MUÑON INFERIOR 4X4 3S600,"muñon inf, porta mazas inferior"
DONGFENG,ZNA,ZNA,"MUÑON SUPERIOR 4X4 4X2 01G00 MEDIDA 51,50MM",porta mazas superior
DONGFENG,ZNA,ZNA,ODOMETRO DE VELOCIDAD,"tablero, cuentakilometros"
DONGFENG,ZNA,ZNA,PARACHOQUE INFERIOR,"parachoques, defensa, bumper, bumera"
DONGFENG,ZNA,ZNA,PARACHOQUE TRASERO,"parachoques, defensa, bumper, bumera"
DONGFENG,ZNA,ZNA,PARRILLA DELANTERA MODELO NUEVO,"rejilla frontal, grill"
DONGFENG,ZNA,ZNA,PASTILLAS DE FRENO,"balatas, pastilla de freno"
DONGFENG,ZNA,ZNA,PILA DE GASOLINA 2068 MARCA DENSO,"bateria, acumulador"
DONGFENG,ZNA,ZNA,PILA DE GASOLINA BOSCH 2068 UNIVERSAL,"bateria, acumulador"
DONGFENG,ZNA,ZNA,PISTONES STD,"piston, embolos"
DONGFENG,ZNA,ZNA,PISTONES 0.25/010,"piston, embolos"
DONGFENG,ZNA,ZNA,PISTONES 050/020,"piston, embolos"
DONGFENG,ZNA,ZNA,PISTON 0.75/030,"pistones, embolo"
DONGFENG,ZNA,ZNA,PLATO DE CROCHET,"plato de embrague, plato de clutch"
DONGFENG,ZNA,ZNA,POLEA ACANALADA,"polea de correa, polea de alternador"
DONGFENG,ZNA,ZNA,POLEA TENSORA CORREA DE DIRECCION,"polea de correa, polea de alternador"
DONGFENG,ZNA,ZNA,PUNTA DE TRIPOIDE COMPLETA 4X4,"punta trioide, homocinetica interna"
DONGFENG,ZNA,ZNA,RADIADOR,"radiador de agua, panal"
DONGFENG,ZNA,ZNA,REGULADOR DE GASOLINA,"regurador, regulador de alternador, regulador de voltaje"
DONGFENG,ZNA,ZNA,REJILLA DE AIRE ACONDICIONADO DERECHA,"parrilla, rejilla de aire"
DONGFENG,ZNA,ZNA,REJILLA DE AIRE ACONDICIONADO IZQUIERDA,"parrilla, rejilla de aire"
DONGFENG,ZNA,ZNA,RELE 25630 P2700,"rele electrico, relay"
DONGFENG,ZNA,ZNA,RELE PRINCIPAL AZUL,"rele electrico, relay"
DONGFENG,ZNA,ZNA,RETROVISOR DERECHO,"espejo, espejo lateral"
DONGFENG,ZNA,ZNA,RETROVISOR IZQUIERDO,"espejo, espejo lateral"
DONGFENG,ZNA,ZNA,ROLINERA EXTERNA DELANTERA  4X4 300849,"rodamiento, bearing"
DONGFENG,ZNA,ZNA,ROLINERA INTERNA DELANTERA 4X4 603049,"rodamiento, bearing"
DONGFENG,ZNA,ZNA,ROLINERA EXTERNA DELANTERA 4X2 12649,"rodamiento, bearing"
DONGFENG,ZNA,ZNA,ROLINERA INTERNA DELANTERA 4X2 48548,"rodamiento, bearing"
DONGFENG,ZNA,ZNA,SELLOS DE BUJIAS,"sello de bujias, empaques de bujia"
DONGFENG,ZNA,ZNA,SENSOR DE ARBOL DE LEVA,sensor de arbol de leva
DONGFENG,ZNA,ZNA,SENSOR DE PRESION DE ACEITE,sensor de presion de aceite o aire
DONGFENG,ZNA,ZNA,SENSOR DE RETROCESO ZNA 4X4,"sensor de reversa, sensor de retro"
DONGFENG,ZNA,ZNA,SENSOR DE TEMPERATURA 1 PIN,sensor de temperatura del motor
DONGFENG,ZNA,ZNA,SENSOR DE TEMPERATURA 2 PIN,sensor de temperatura del motor
DONGFENG,ZNA,ZNA,SENSOR MAP,sensor de presion de multiple
DONGFENG,ZNA,ZNA,SENSOR POSICION DE CIGÜEÑAL,sensor de posicion del cigueñal o arbol
DONGFENG,ZNA,ZNA,SELLOS DE ADMISION (4 UND),"sellos de admision, empaques de admision"
DONGFENG,ZNA,ZNA,SENSOR TPS,sensor de posicion del acelerador
DONGFENG,ZNA,ZNA,SESNSOR DE OXGENO,"sensor de oxigeno, sonda lambda"
DONGFENG,ZNA,ZNA,SOPORTE DE BALLESTA,soporte de ballesta
DONGFENG,ZNA,ZNA,SOPORTE DE BARRA DE TORCION DERECHA,soporte de barra estabilizadora
DONGFENG,ZNA,ZNA,SOPORTE DE BARRA DE TORCION IZQUIERDA,soporte de barra estabilizadora
DONGFENG,ZNA,ZNA,STOP DERECHO,"luz trasera, calavera"
DONGFENG,ZNA,ZNA,STOP IZQUIERDO,"luz trasera, calavera"
DONGFENG,ZNA,ZNA,SUICHERA DE ENCENDIDO,"switch de encendido, cerradura de arranque"
DONGFENG,ZNA,ZNA,TAPA ACEITE DE MOTOR,tapa de aceite del motor
DONGFENG,ZNA,ZNA,TAPA DE RADIADOR (ZOTYE),tapa de radiador
DONGFENG,ZNA,ZNA,TAPA VALVULA DE MOTOR,tapa de valvulas del motor
DONGFENG,ZNA,ZNA,TERMOSTATO,"termotasto, termostato de agua"
DONGFENG,ZNA,ZNA,VALVULA IAC (MINIMO),"valvula de aire de ralenti, iac"
DONGFENG,ZNA,ZNA,VARILLA DE MEDIR ACEITE CON TUBO,"varilla de aceite, bayoneta"
DONGFENG,ZNA,ZNA,VALVULA PCV,"valvula pcv, valvula de gases de carter"
DONGFENG,ZNA,ZNA,VALVULAS ADMISION,valvulas de admision del motor
DONGFENG,ZNA,ZNA,VALVULAS ESCAPE,valvulas de escape del motor
DONGFENG,ZNA,,BALLESTAS 4X4 BAJO PEDIDO,"muelles, resortes de ballesta"
DONGFENG,S30,S30,ALTERNADOR,"dinamo, generador"
DONGFENG,S30,S30,AMORTIGUADO DELANTERO DERECHO,"amortiguador, suspension, shock"
DONGFENG,S30,S30,AMORTIGUADOR DELANTERO IZQUIERDO,"suspension, amortiguacion, shock"
DONGFENG,S30,S30,AMORTIGUADOR TRASERO CALIDAD,"suspension, amortiguacion, shock"
DONGFENG,S30,S30,AMORTIGUADOR TRASERO ORIGINAL,"suspension, amortiguacion, shock"
DONGFENG,S30,S30,ANILLOS 0.25/010,"aros de piston, rines de piston, segmentos"
DONGFENG,S30,S30,ANILLOS 0.50/020,"aros de piston, rines de piston, segmentos"
DONGFENG,S30,S30,ANILLOS 0.75/030,"aros de piston, rines de piston, segmentos"
DONGFENG,S30,S30,ANILLOS STD,"aros de piston, rines de piston, segmentos"
DONGFENG,S30,S30,ARBOL DE LEVA ADMISION (TU5JP4INT),"arbol de leva, eje de levas, camshaft"
DONGFENG,S30,S30,ARBOL DE LEVA ESCAPE (TU5JP4EXT),"arbol de leva, eje de levas, camshaft"
DONGFENG,S30,S30,ARBOL DE LEVA ADMISION (1441000) OFERA,"arbol de leva, eje de levas, camshaft"
DONGFENG,S30,S30,ARBOL DE LEVA ESCAPE (1442000) OFERTA,"arbol de leva, eje de levas, camshaft"
DONGFENG,S30,S30,ARRANQUE DE MOTOR ORIGINAL,"motor de arranque, marcha, burro de arranque, swich de arranque"
DONGFENG,S30,S30,ARRANQUE DE MOTOR,"motor de arranque, marcha, burro de arranque, swich de arranque"
DONGFENG,S30,S30,BASE DE AMORTIGUADOR,"copa de amortiguador, soporte de amortiguador"
DONGFENG,S30,S30,BASE DE MOTOR  LH  SINCRONICO,"soporte de motor, cuna de motor, taco de motor"
DONGFENG,S30,S30,BASE DE MOTOR LH AUTOMATICO,"soporte de motor, cuna de motor, taco de motor"
DONGFENG,S30,S30,BASE DE MOTOR RH SINCRONICO (TROMPO),"soporte de motor, cuna de motor, taco de motor"
DONGFENG,S30,S30,BASE DEL TERMOSTATO,"carcasa del termostato, soporte de termostato"
DONGFENG,S30,S30,BASE INFERIOR COMPLETA AUTOMATICA,"soporte inferior de motor, base inferior de motor"
DONGFENG,S30,S30,BASE INFERIOR COMPLETA SINCRONICA,"soporte inferior de motor, base inferior de motor"
DONGFENG,S30,S30,BASE TRASERA DE CAJA SINCRONICO,"soporte trasero de motor, base trasera de motor"
DONGFENG,S30,S30,BASE DE PUENTE TRASERO (4954500),"base de puente trasero, soporte de puente"
DONGFENG,S30,S30,BOBINA DE ENCENDIDO CON CHUPONES,"bobina de encendido, coil"
DONGFENG,S30,S30,BOMBA DE ACEITE DE PLANTA,bomba de aceite del motor
DONGFENG,S30,S30,BOMBA DE AGUA,"bomba de agua, bomba del radiador"
DONGFENG,S30,S30,BOMBA DE DIRECCION,bomba de direccion hidraulica
DONGFENG,S30,S30,BOMBA DE FRENO,"bomba de freno, cilindro maestro de freno"
DONGFENG,S30,S30,BOMBA DE FRENO CON ENVASE,"bomba de freno, cilindro maestro de freno"
DONGFENG,S30,S30,BOMBA DE GASOLINA,"bomba de gasolina, bomba de combustible"
DONGFENG,S30,S30,BOQUILLA DE ENFRIADOR DE PISTON ( ROCIADOR DE ACEITE,"pico, inyector chico"
DONGFENG,S30,S30,BRAZO DE BIELA,"brazo de suspension, brazo axial, biela"
DONGFENG,S30,S30,BRAZO MUTANTE DERECHO COMPLETO,"brazo de suspension, brazo axial, biela"
DONGFENG,S30,S30,BRAZO MUTANTE IZQUIERDO  COMPLETO,"brazo de suspension, brazo axial, biela"
DONGFENG,S30,S30,BUJE BARRA ESTABILIZADORA,"bujes, buches, goma de suspension, silentblock"
DONGFENG,S30,S30,BUJE BASE CENTRAL,"bujes, buches, goma de suspension, silentblock"
DONGFENG,S30,S30,BUJE DE MESETA G,"bujes, buches, goma de suspension, silentblock"
DONGFENG,S30,S30,BUJE MESETA PEQUEÑO,"bujes, buches, goma de suspension, silentblock"
DONGFENG,S30,S30,BUJIAS 4UND,"bujia, candelas, candela"
DONGFENG,S30,S30,CABLE NEGATIVO,"cable negativo de bateria, cable a tierra"
DONGFENG,S30,S30,CADENA BOMBA DE ACEITE,"cadena de tiempo, cadena distribucion"
DONGFENG,S30,S30,CAJETIN DE DIRECCION SIN ACCESORIOS,"caja de direccion, cremallera de direccion"
DONGFENG,S30,S30,CAJETIN DE DIRECCION COMPLETO,"caja de direccion, cremallera de direccion"
DONGFENG,S30,S30,CAMARA COMPLETA,"camara de aire, tripa"
DONGFENG,S30,S30,CAMARA DESNUDA,"camara de aire, tripa"
DONGFENG,S30,S30,CARBONERA DE ALTERNANADOR,"carbon de motor de arranque, escobilla"
DONGFENG,S30,S30,CARCAZA FILTRO DE AIRE DE MOTOR COMPLETA,"carcasa, cubierta"
DONGFENG,S30,S30,CERRADURA DE CAPOT,"chapa, seguro"
DONGFENG,S30,S30,CIGÜEÑAL,"ciguenal, eje cigueñal, crankshaft"
DONGFENG,S30,S30,COLLARIN DE CROCHET,"rodamiento de embrague, collarin de clutch"
DONGFENG,S30,S30,COMPRESOR DE AIRE,"compresor de aire acondicionado, compresor ac"
DONGFENG,S30,S30,COMPUTADORA AUTOMATICO,"computdora, ecu, modulo de control, cerebro del carro"
DONGFENG,S30,S30,COMPUTADORA SINCRONICO,"computdora, ecu, modulo de control, cerebro del carro"
DONGFENG,S30,S30,CONCHAS DE BANCADA 0.30/010,"concha, cojinetes, metales de bancada, metales de biela"
DONGFENG,S30,S30,CONCHAS DE BANCADA 0.50/020,"concha, cojinetes, metales de bancada, metales de biela"
DONGFENG,S30,S30,CONCHAS DE BANCADA STD,"concha, cojinetes, metales de bancada, metales de biela"
DONGFENG,S30,S30,CONCHAS DE BIELA 0.30/010,"concha, cojinetes, metales de bancada, metales de biela"
DONGFENG,S30,S30,CONCHAS DE BIELA 0.50/020,"concha, cojinetes, metales de bancada, metales de biela"
DONGFENG,S30,S30,CONCHAS DE BIELA STD,"concha, cojinetes, metales de bancada, metales de biela"
DONGFENG,S30,S30,CONDENSADOR,"condensador de aire acondicionado, radiador de ac"
DONGFENG,S30,S30,CONDENSADOR DE SEGURIDAD,"condensador de aire acondicionado, radiador de ac"
DONGFENG,S30,S30,COPA CAJA INTERIOR IZQUIERDA SINC,copa de caja de velocidades
DONGFENG,S30,S30,COPA CAJA LARGA INTERNA SINC DERECHA,copa de caja de velocidades
DONGFENG,S30,S30,CORREA DE ALTERNADOR  4PK850,"correo, banda, faja"
DONGFENG,S30,S30,CORREA DE COMPRESOR 5PK1218,"correo, banda, faja"
DONGFENG,S30,S30,CORREO DE TIEMPO ORIGINAL,"correa, banda, faja"
DONGFENG,S30,S30,CORREA DE TIEMPO,"correo, banda, faja"
DONGFENG,S30,S30,CUERPO DE ACELERACION,"cuerpo de aceleracion, guerpo de aceleracion, throttle body"
DONGFENG,S30,S30,DISCO DE CROCHET,disco de freno
DONGFENG,S30,S30,DISCO DE FRENO DELANTERO,disco de freno
DONGFENG,S30,S30,DISCO DE FRENO TRASERO,disco de freno
DONGFENG,S30,S30,EJE DEL TUNEL TRASERO,"eje homocinetico, flecha"
DONGFENG,S30,S30,ELECTROVENTILADOR,"electro, ventilador electrico, abanico electrico"
DONGFENG,S30,S30,EMPACADURA DE CAMARA,"empacadula, junta de motor, empaque"
DONGFENG,S30,S30,EMPACADURA DE TAPA VALVULA,"empacadula, junta de motor, empaque"
DONGFENG,S30,S30,ENGRANAJE DE ADMISION,"engranajes, piñon, corona"
DONGFENG,S30,S30,ENGRANAJE DE ESCAPE,"engranajes, piñon, corona"
DONGFENG,S30,S30,ENVASE DE ACEITE DE DIRECCION,"deposito de aceite, tanque de aceite"
DONGFENG,S30,S30,ENVASE REFRIGERANTE,"deposito de refrigerante, tanque de refrigerante"
DONGFENG,S30,S30,ESTOPERA ARBOL DE LEVA,"estopela, reten, sello de aceite"
DONGFENG,S30,S30,ESTOPERA DE CIGÜEÑAL DELANTERA,"estopela, reten, sello de aceite"
DONGFENG,S30,S30,ESTOPERA DE COPA CAJA DERECHA P SINCRONICO,"estopela, reten, sello de aceite"
DONGFENG,S30,S30,ESTOPERA DE COPA CAJA IZQUIERDA G SINCRONICO,"estopela, reten, sello de aceite"
DONGFENG,S30,S30,ESTOPERA TRASERA DE CIGÜEÑAL,"estopela, reten, sello de aceite"
DONGFENG,S30,S30,FARO DELANTERO DERECHO,"luz delantera, optico"
DONGFENG,S30,S30,FARO DELANTERO IZQUIERDO,"luz delantera, optico"
DONGFENG,S30,S30,FILTRO AIRE DE MOTOR,"fitro, filtro de aceite, filtro de aire, filtro de gasolina"
DONGFENG,S30,S30,FILTRO DE ACEITE,"fitro, filtro de aceite, filtro de aire, filtro de gasolina"
DONGFENG,S30,S30,FILTRO DE GASOLINA,"fitro, filtro de aceite, filtro de aire, filtro de gasolina"
DONGFENG,S30,S30,FLOTANTE DE GASOLINA,"flotatante, sensor de nivel, boya de gasolina"
DONGFENG,S30,S30,GANCHO DE REPARACION CALIPER TRASERO,"gancho de remolque, argolla de arrastre"
DONGFENG,S30,S30,GORROS DE VALVULA,"tapas de ruedas, gorros de rueda"
DONGFENG,S30,S30,GUAYA DE CAPOT,"cable de capot, guaya del capo"
DONGFENG,S30,S30,GUAYA DE CROCHET,"cable de embrague, guaya de clutch"
DONGFENG,S30,S30,GUAYA DE FRENO DE MANO IZQUIERDO 174CM,"cable de freno de mano, guaya de freno de mano"
DONGFENG,S30,S30,GUAYA FRENO DE MANO DERECHA 165CM,"cable de freno de mano, guaya de freno de mano"
DONGFENG,S30,S30,GUIA DE COLLARIN,guia del collarin de embrague
DONGFENG,S30,S30,GUIA DE VALVULAS,guias de valvula del motor
DONGFENG,S30,S30,INYECTOR DE GASOLINA,"inyetor, inyector de gasolina, boquilla"
DONGFENG,S30,S30,KIT CHUPON DE BOBINA ENCENDIDO,"kit de chupon, kit de soporte de goma"
DONGFENG,S30,S30,KIT DE CROCHET (VALEO),"kit de embrague, kit de clutch"
DONGFENG,S30,S30,KIT DE EMPACADURA,kit de empacadura de motor con estopera
DONGFENG,S30,S30,KIT DE ESTOPERAS TUNEL TRASERO,kit de estoperas o retenes
DONGFENG,S30,S30,KIT DE GOMA DE COPA CAJA,kit de gomas o bujes
DONGFENG,S30,S30,KIT DE GOMA  DE PUNTA,kit de gomas o bujes
DONGFENG,S30,S30,KIT DE REPARACION DE CAJETIN DIRECCION,kit de reparacion
DONGFENG,S30,S30,KIT DE REPARACION DE CALIPER SIN ANTIRUIDOS,kit de reparacion
DONGFENG,S30,S30,KIT DE REPARACION DE CALIPER CON ANTIRUIDOS,kit de reparacion
DONGFENG,S30,S30,KIT DE TIEMPO CORREA CLASE A,kit de tiempo o distribucion
DONGFENG,S30,S30,KIT DE TIEMPO DOBLE COSTURA COMPLETO ORIGINAL,kit de tiempo o distribucion
DONGFENG,S30,S30,LAPIZ DE BIELETA,"sensor lapiz, sonda"
DONGFENG,S30,S30,MANGUERA ENFRIADOR DE ACEITE SALIDA DE CAJA,manguera del enfriador
DONGFENG,S30,S30,MANGUERA ENFRIADOR DE CAJA ATM,manguera del enfriador
DONGFENG,S30,S30,MANGUERA DE CALIPER DE FRENO DELANTERA,manguera de freno del caliper
DONGFENG,S30,S30,MANGUERA DE CALIPER DE FRENO TRASERA,manguera de freno del caliper
DONGFENG,S30,S30,MANDO ELEVAVIDRIO IZQUIERDO PRINCIPAL,"control remoto, mando a distancia"
DONGFENG,S30,S30,MANGERA DE GASES,manguera de gases
DONGFENG,S30,S30,MANGUERA ACORDEON,"manguera de fuelle, manguera flexible acordeon"
DONGFENG,S30,S30,MANGUERA DE CARCAZA DE FILTRO,manguera de carcasa
DONGFENG,S30,S30,MANGUERA INFERIOR DE RADIADOR,manguera inferior de radiador
DONGFENG,S30,S30,MANGUERA SUPERIOR DE RADIADOR,manguera superior de radiador
DONGFENG,S30,S30,MANILLA INTERNA DERECHA,"manija, agarradera, manilla de puerta"
DONGFENG,S30,S30,MANILLA EXTERNA TRASERA  DERECHA,"manija, agarradera, manilla de puerta"
DONGFENG,S30,S30,MANILLA EXTERNA TRASERA  IZQUIERDA,"manija, agarradera, manilla de puerta"
DONGFENG,S30,S30,MECANISMO LIMPIAPARABRISAS,"mecanismo de limpiaparabrisas, varillaje de wiper"
DONGFENG,S30,S30,MESETA DELANTERA DERECHA,"plato de clutch, meseta de embrague"
DONGFENG,S30,S30,MESETA DELANTERA IZQUIERDA,"plato de clutch, meseta de embrague"
DONGFENG,S30,S30,MICA DE RETROVISOR DERECHA,"lente, cristal de faro"
DONGFENG,S30,S30,MICA DE RETROVISOR IZQUIERDA,"lente, cristal de faro"
DONGFENG,S30,S30,MOLDURA DE CAPOT,"cenefa, adorno lateral"
DONGFENG,S30,S30,MOTOR ELEVA VIDRIO DELANTERO IZQUIERDO,"motor eleva vidrio, motor de vidrio"
DONGFENG,S30,S30,MOTOR ELEVA VIDRIO TRASERO IZQUIERDO,"motor eleva vidrio, motor de vidrio"
DONGFENG,S30,S30,MOTOR ELEVA VIDRO DELANTERO DERECHO,"motor eleva vidrio, motor de vidrio"
DONGFENG,S30,S30,MOTOR ELEVAVIDRIO TRASERO DERECHO,"motor eleva vidrio, motor de vidrio"
DONGFENG,S30,S30,MOTOR LIMPIA PARABRISA9-+-,"motor limpiaparabrisas, motor de wiper"
DONGFENG,S30,S30,MOTOR SOPLADOR AIRE ACONDICIONADO,"motor de blower, motor de aire acondicionado"
DONGFENG,S30,S30,MOZO / CUBO DE RUEDA DELANTERO,"rotula, terminal de direccion"
DONGFENG,S30,S30,MOZO / CUBO DE RUEDA TRASERO,"rotula, terminal de direccion"
DONGFENG,S30,S30,MUÑON,"munon, porta mazas, knuckle"
DONGFENG,S30,S30,PARACHOQUE DELANTERO,"parachoques, defensa, bumper, bumera"
DONGFENG,S30,S30,PARRILLA DE PARACHOQUE,"rejilla frontal, grill"
DONGFENG,S30,S30,PASTILLAS DE FRENO DELANTERO,"balatas, pastilla de freno"
DONGFENG,S30,S30,PASTILLAS DE FRENO TRASERA,"balatas, pastilla de freno"
DONGFENG,S30,S30,PILA DE GASOLINA 2068 MARCA DENSO,"bateria, acumulador"
DONGFENG,S30,S30,PILA DE GASOLINA BOSCH 2068 UNIVERSAL,"bateria, acumulador"
DONGFENG,S30,S30,PIÑON DE CIGÜEÑAL,"pinon, engranaje piñon"
DONGFENG,S30,S30,PISTONES 0.25/010,"piston, embolos"
DONGFENG,S30,S30,PISTONES 0.50/020,"piston, embolos"
DONGFENG,S30,S30,PISTONES 0.75/030,"piston, embolos"
DONGFENG,S30,S30,PISTONES STD,"piston, embolos"
DONGFENG,S30,S30,PLATO DE CROCHET,"plato de embrague, plato de clutch"
DONGFENG,S30,S30,POLEA CON BASE,"polea de correa, polea de alternador"
DONGFENG,S30,S30,POLEA DE TIEMPO,"polea de correa, polea de alternador"
DONGFENG,S30,S30,POLEA DE TIEMPO LITENS,"polea de correa, polea de alternador"
DONGFENG,S30,S30,POMO DE PALANCA AUTOMATICO,"pomo de palanca, perilla de cambios"
DONGFENG,S30,S30,POMO DE PALANCA SINCRONICO COMPLETO,"pomo de palanca, perilla de cambios"
DONGFENG,S30,S30,PRE-FILTRO BOMBA DE GASOLINA,"prefiltro, filtro previo"
DONGFENG,S30,S30,PUNTA DE TRIPOIDE 25*30,"punta trioide, homocinetica interna"
DONGFENG,S30,S30,RADIADOR AUTOMATICO,"radiador de agua, panal"
DONGFENG,S30,S30,RADIADOR SINCRONICO,"radiador de agua, panal"
DONGFENG,S30,S30,REGULADOR DE ALTERNADOR,"regurador, regulador de alternador, regulador de voltaje"
DONGFENG,S30,S30,REGULADOR DE GASOLINA (GORDO),"regurador, regulador de alternador, regulador de voltaje"
DONGFENG,S30,S30,RELE AZUL,"rele electrico, relay"
DONGFENG,S30,S30,RELE VERDE 12V/45A-03653,"rele electrico, relay"
DONGFENG,S30,S30,RESISTENCIA DE ELECTROVENTILADOR,"resistencia de electro, resistencia de ventilador"
DONGFENG,S30,S30,RODAMIENTO DALENTERO,"rolinera, bearing"
DONGFENG,S30,S30,RODAMIENTO DE AMORTIGUADOR,"rolinera, bearing"
DONGFENG,S30,S30,RODAMIENTO EXTERNO DE PUENTE TRASERO,"rolinera, bearing"
DONGFENG,S30,S30,RODAMIENTO INTERNO DE PUENTE TRASERO,"rolinera, bearing"
DONGFENG,S30,S30,ROLINERA DE COPA CAJA,"rodamiento, bearing"
DONGFENG,S30,S30,ROTULA,"rotula de suspension, terminal, punta de eje, mozo"
DONGFENG,S30,S30,SENSOR ABS DELANTERO,sensor de frenos abs
DONGFENG,S30,S30,SENSOR ABS TRASERO,sensor de frenos abs
DONGFENG,S30,S30,SENSOR DE OXIGENO DELANTERO,"sonda lambda, sensor de oxigeno"
DONGFENG,S30,S30,SENSOR DE OXIGENO TRASERO,"sonda lambda, sensor de oxigeno"
DONGFENG,S30,S30,SENSOR DE RETROCESO,"sensor de reversa, sensor de retro"
DONGFENG,S30,S30,SENSOR DE TEMPERATURA 3 PIN,sensor de temperatura del motor
DONGFENG,S30,S30,SENSOR DE VELOCIDAD SINCRONICO,sensor de velocidad
DONGFENG,S30,S30,SENSOR PARE-NEUTRO,sensor de pare o luz de freno
DONGFENG,S30,S30,SENSOR MAP,sensor de presion de multiple
DONGFENG,S30,S30,SENSOR POSICION DE CIGÜEÑAL AUTOMATICO,sensor de posicion del cigueñal o arbol
DONGFENG,S30,S30,SENSOR POSICION DE CIGÜEÑAL SINCRONICO,sensor de posicion del cigueñal o arbol
DONGFENG,S30,S30,TANQUE DE GASOLINA,"deposito, tanque de gasolina"
DONGFENG,S30,S30,TAPA BOMBA DE GASOLINA,tapa de bomba
DONGFENG,S30,S30,TAPA DE ACEITE DE  MOTOR,tapa de aceite del motor
DONGFENG,S30,S30,TAPA DE ENVASE REFRIGERANTE,tapa de envase
DONGFENG,S30,S30,TAPA DE RADIADOR INFERIOR AUTOMATICO,tapa de radiador
DONGFENG,S30,S30,TAPA DE RADIDOR INFERIOR SINCRONICO,tapa de radiador
DONGFENG,S30,S30,TAPA FILTRO DE ACEITE,tapa de filtro
DONGFENG,S30,S30,TAPA RIN,"tapon de rin, copa de rin"
DONGFENG,S30,S30,TAPON CARTE DE ACEITE,"tapon de carter, tapon de aceite"
DONGFENG,S30,S30,TAQUETES 16 UND,"taquete, levantaválvulas, buzos"
DONGFENG,S30,S30,TENSOR DE TIEMPO,"tensor de correa, polea tensora"
DONGFENG,S30,S30,TENSOR DE TIEMPO LITENS,"tensor de correa, polea tensora"
DONGFENG,S30,S30,TERMINAL DE DIRECION,"terminal de direccion, rotula de direccion"
DONGFENG,S30,S30,TERMOTASTO DE MOTOR,termostato
DONGFENG,S30,S30,TOMA DE TERMOSTATO,"toma del termostato, carcasa del termostato"
DONGFENG,S30,S30,TRICETA  22X30,"triceta, trizeta, homocinetica"
DONGFENG,S30,S30,TUBERIA DE AGUA APLICA PARA EL SINCRONICO,"tuberia de agua, manguera de agua"
DONGFENG,S30,S30,TUNEL TRASERO,"tunel de transmision, cardan tunel"
DONGFENG,S30,S30,VALVULA  DE ESCAPE,valvula de escape del motor
DONGFENG,S30,S30,VALVULA DE ADMISION,valvula de admision del motor
DONGFENG,S30,S30,VALVULA DE EXPANSION A/AC,"valvula de expancion, valvula de aire acondicionado"
DONGFENG,S30,S30,VALVULA PCV,"valvula pcv, valvula de gases de carter"
DONGFENG,S30,S30,VALVULA PRESION DE ACEITE,valvula de presion de aceite o aire
DONGFENG,S30,S30,VALVULA PRESOSTATICA A/AC,valvula presostatica de aire acondicionado
DONGFENG,S30,S30,VOLANTE DE MOTOR,"volante de direccion, volante motor"
DONGFENG,S30,S30,WIPER BOMBA LIMPIA RAABRISA,"wipper, limpiaparabrisas, plumilla"
HAIMA,HAIMA 7,HAIMA7,AMORTIGUADOR DELANTERO DERECHO,"suspension, amortiguacion, shock"
HAIMA,HAIMA 7,HAIMA7,AMORTIGUADOR DELANTERO IZQUIERDO,"suspension, amortiguacion, shock"
HAIMA,HAIMA 7,HAIMA7,AMORTIGUADOR TRASERO,"suspension, amortiguacion, shock"
HAIMA,HAIMA 7,HAIMA7,AIRBAG DE VOLANTE  COMPLETO,"bolsa de aire, bolsa de seguridad"
HAIMA,HAIMA 7,HAIMA7,AMRTIGUADOR DE COMPUERTA TRASERA,"amortiguador, suspension, shock"
HAIMA,HAIMA 7,HAIMA 7,"ANILLOS 0,25/010","aros de piston, rines de piston, segmentos"
HAIMA,HAIMA 7,HAIMA 7,"ANILLOS 0,50/020","aros de piston, rines de piston, segmentos"
HAIMA,HAIMA 7,HAIMA7,ANILLOS STD,"aros de piston, rines de piston, segmentos"
HAIMA,HAIMA 7,HAIMA7,ARRANQUE DE MOTOR,"motor de arranque, marcha, burro de arranque, swich de arranque"
HAIMA,HAIMA 7,HAIMA 7,BASE DE AMORTIGUADOR,"copa de amortiguador, soporte de amortiguador"
HAIMA,HAIMA 7,HAIMA 7,BASE DELANTERA DERECHA AUTOMATICA,"soporte delantero de motor, base delantera de motor"
HAIMA,HAIMA 7,HAIMA 7,BASE DELANTERA IZQUIERDA AUTOMATICA,"soporte delantero de motor, base delantera de motor"
HAIMA,HAIMA 7,HAIMA 7,BASE DELANTERA DERECHA SINCRONICA,"soporte delantero de motor, base delantera de motor"
HAIMA,HAIMA 7,HAIMA 7,BASE DELANTERA IZQUIERDA SINCRONICA,"soporte delantero de motor, base delantera de motor"
HAIMA,HAIMA 7,HAIMA 7,BASE FRONTAL AM/TM,"base frontal de motor, soporte frontal"
HAIMA,HAIMA 7,HAIMA 7,BASE TRASERA AUTOMATICO,"soporte trasero de motor, base trasera de motor"
HAIMA,HAIMA 7,HAIMA 7,BASE TRASERA SINCRONICA,"soporte trasero de motor, base trasera de motor"
HAIMA,HAIMA 7,HAIMA7,BOBINA DE ENCENDIDO,"bobina de encendido, coil"
HAIMA,HAIMA 7,HAIMA 7,BOMBA DE ACEITE,bomba de aceite del motor
HAIMA,HAIMA 7,HAIMA 7,BOMBA DE AGUA,"bomba de agua, bomba del radiador"
HAIMA,HAIMA 7,HAIMA 7,BOMBA DE DIRECCION,bomba de direccion hidraulica
HAIMA,HAIMA 7,HAIMA 7,BOMBA DE GASOLINA,"bomba de gasolina, bomba de combustible"
HAIMA,HAIMA 7,HAIMA 7,BOMBIN INFERIOR,"bombin inferior de embrague, cilindro esclavo"
HAIMA,HAIMA 7,HAIMA 7,BOMBIN SUPERIOR,"bombin superior de embrague, cilindro maestro de clutch"
HAIMA,HAIMA 7,HAIMA 7,BUJE BARRA ESTABILIZADORA,"bujes, buches, goma de suspension, silentblock"
HAIMA,HAIMA 7,HAIMA7,BUJE DE MESETA GRANDE,"bujes, buches, goma de suspension, silentblock"
HAIMA,HAIMA 7,HAIMA 7,BUJE DE MESETA PEQUEÑO,"bujes, buches, goma de suspension, silentblock"
HAIMA,HAIMA 7,HAIMA 7,BUJIAS NGK (4 UNIDADES),"bujia, candelas, candela"
HAIMA,HAIMA 7,HAIMA 7,BUJIAS NGK (4 UNIDADES),"bujia, candelas, candela"
HAIMA,HAIMA 7,HAIMA 7,BUJIAS DENSO CAJA AMARILLA (4 UND PUNTA IRIDIUM ),"bujia, candelas, candela"
HAIMA,HAIMA 7,HAIMA 7,BUJIAS DENSO CAJA AZUL (4 UND PUNTA IRIDIUM),"bujia, candelas, candela"
HAIMA,HAIMA 7,HAIMA 7,BUJIAS TORCH 3 PUNTAS (4 UNIDADES),"bujia, candelas, candela"
HAIMA,HAIMA 7,HAIMA 7,CAMARA COMPLETA,"camara de aire, tripa"
HAIMA,HAIMA 7,HAIMA 7,CARCAZA DE FILTRO DE MOTOR,"carcasa, cubierta"
HAIMA,HAIMA 7,HAIMA 7,CERRADURA DE GUANTERA BEIS,"chapa, seguro"
HAIMA,HAIMA 7,HAIMA 7,CERRADURA DE GUANTERA NEGRA,"chapa, seguro"
HAIMA,HAIMA 7,HAIMA 7,CERRADURA DE GUANTERA PARA LLAVE BEIS,"chapa, seguro"
HAIMA,HAIMA 7,HAIMA 7,CERRADURA DE GUANTERA PARA LLAVE NEGRO,"chapa, seguro"
HAIMA,HAIMA 7,HAIMA 7,COLLARIN,"rodamiento de embrague, collarin de clutch"
HAIMA,HAIMA 7,HAIMA7,COMPRESOR A/C,"compresor de aire acondicionado, compresor ac"
HAIMA,HAIMA 7,HAIMA 7,COMPUTADORA,"computdora, ecu, modulo de control, cerebro del carro"
HAIMA,HAIMA 7,HAIMA 7,COMPUTDORA ANTI-ROBO,"computadora, ecu, cerebro del carro"
HAIMA,HAIMA 7,HAIMA 7,CONCHAS DE BANCADA 0.25/010,"concha, cojinetes, metales de bancada, metales de biela"
HAIMA,HAIMA 7,HAIMA 7,CONCHAS DE BANCADA 0.50/020,"concha, cojinetes, metales de bancada, metales de biela"
HAIMA,HAIMA 7,HAIMA 7,CONCHAS DE BANCADA STD,"concha, cojinetes, metales de bancada, metales de biela"
HAIMA,HAIMA 7,HAIMA 7,CONCHAS DE BIELA 0.25/010,"concha, cojinetes, metales de bancada, metales de biela"
HAIMA,HAIMA 7,HAIMA 7,CONCHAS DE BIELA 0.50/020,"concha, cojinetes, metales de bancada, metales de biela"
HAIMA,HAIMA 7,HAIMA7,CONCHAS DE BIELA STD,"concha, cojinetes, metales de bancada, metales de biela"
HAIMA,HAIMA 7,HAIMA7,DAMPER DE CIGÜEÑAL,"dampe, polea amortiguadora, polea cigueñal"
HAIMA,HAIMA 7,HAIMA7,DISCO DE FRENO DELANTERO,disco de freno
HAIMA,HAIMA 7,HAIMA 7,DISCO DE CROCHET,disco de freno
HAIMA,HAIMA 7,HAIMA 7,EMPACADURA DE CAMARA AMIANTO,"empacadula, junta de motor, empaque"
HAIMA,HAIMA 7,HAIMA 7,EMPACADURA DE CAMARA METAL,"empacadula, junta de motor, empaque"
HAIMA,HAIMA 7,HAIMA 7,EMPACADURA DE TAPA VALVULA,"empacadula, junta de motor, empaque"
HAIMA,HAIMA 7,HAIMA 7,ENVASE DE REFRIGERANTE,"deposito de refrigerante, tanque de refrigerante"
HAIMA,HAIMA 7,HAIMA 7,FILTRO DE AIRE MOTOR,"fitro, filtro de aceite, filtro de aire, filtro de gasolina"
HAIMA,HAIMA 7,HAIMA 7,FILTRO DE GASOLINA,"fitro, filtro de aceite, filtro de aire, filtro de gasolina"
HAIMA,HAIMA 7,HAIMA 7,FLOTANTE DE GASOLINA,"flotatante, sensor de nivel, boya de gasolina"
HAIMA,HAIMA 7,HAIMA 7,FUSIBLE 125A PAQUETE (5 UNIDADES),fusibles
HAIMA,HAIMA 7,HAIMA 7,GUAYA SELECTORA DE CAMBIO AUTOMATICA 500M1,"cable selector de caja, guaya de caja"
HAIMA,HAIMA 7,HAIMA 7,GUAYA DE CAMBIO AUTOMATICA 300M1 (CON VALVULA DE FRENO),"cable de cambios, guaya de velocidades"
HAIMA,HAIMA 7,HAIMA 7,GUAYA DE CAPOT,"cable de capot, guaya del capo"
HAIMA,HAIMA 7,HAIMA 7,INMOVILIZADOR,"chip inmovilizador, antena de seguridad"
HAIMA,HAIMA 7,HAIMA7,INYECTOR DE GASOLINA,"inyetor, inyector de gasolina, boquilla"
HAIMA,HAIMA 7,HAIMA7,KIT DE EMPACADURA,kit de empacadura de motor con estopera
HAIMA,HAIMA 7,HAIMA7,KIT CHUPONES DE BOBINAS CON SELLOS DE BUJIAS,"kit de chupones, kit de soportes de goma"
HAIMA,HAIMA 7,HAIMA 7,KIT DE CROCHET -PHC VALEO-,"kit de embrague, kit de clutch"
HAIMA,HAIMA 7,HAIMA 7,KIT DE CADENA DE TIEMPO,kit de cadena de tiempo
HAIMA,HAIMA 7,HAIMA 7,LAPIZ DE BIELETA DERECHO,"sensor lapiz, sonda"
HAIMA,HAIMA 7,HAIMA 7,LAPIZ DE BIELETA IZQUIERDO,"sensor lapiz, sonda"
HAIMA,HAIMA 7,HAIMA 7,MANGUERA TOMA DE AIRE PURIFICADORA,manguera de toma de aire
HAIMA,HAIMA 7,HAIMA7,MANGUERA DE RADIADOR  SUPERIRO 186,manguera de radiador
HAIMA,HAIMA 7,HAIMA7,MANGUERA DE RADIADOR  INFERIOR 185,manguera de radiador
HAIMA,HAIMA 7,HAIMA 7,MANGUERA DE TANQUE DE GASOLINA (2 UND),manguera de tanque
HAIMA,HAIMA 7,HAIMA 7,MANDO ELEVA VIDRIO DERECHO,"control remoto, mando a distancia"
HAIMA,HAIMA 7,HAIMA 7,MANDO ELEVA VIDRIO PRINCIPAL,"control remoto, mando a distancia"
HAIMA,HAIMA 7,HAIMA 7,MANILLA EXTERNA DELANTERA IZQUIERDA,"manija, agarradera, manilla de puerta"
HAIMA,HAIMA 7,HAIMA 7,MANILLA EXTERNA DELANTERA DERECHA,"manija, agarradera, manilla de puerta"
HAIMA,HAIMA 7,HAIMA 7,MANILLA EXTERNA TRASERA DERECHA,"manija, agarradera, manilla de puerta"
HAIMA,HAIMA 7,HAIMA 7,MANILLA EXTERNA TRASERA IZQUIERDA,"manija, agarradera, manilla de puerta"
HAIMA,HAIMA 7,HAIMA 7,MANILLA INTERNA DERECHA,"manija, agarradera, manilla de puerta"
HAIMA,HAIMA 7,HAIMA 7,MANILLA INTERNA IZQUIERDA,"manija, agarradera, manilla de puerta"
HAIMA,HAIMA 7,HAIMA 7,MICRO-FILTRO BLOQUE DE MOTOR,"microfiltro, filtro de aire acondicionado"
HAIMA,HAIMA 7,HAIMA 7,MOZO / CUBO DE RUEDA DELANTERO,"rotula, terminal de direccion"
HAIMA,HAIMA 7,HAIMA7,MUÑON DE MESETA LISO,"munon meseta, muñon de embrague"
HAIMA,HAIMA 7,HAIMA 7,PASTILLAS DE FRENO DELANTERA,"balatas, pastilla de freno"
HAIMA,HAIMA 7,HAIMA7,PASTILLAS DE FRENO TRASERA,"balatas, pastilla de freno"
HAIMA,HAIMA 7,HAIMA 7,PLATO DE CROCHET,"plato de embrague, plato de clutch"
HAIMA,HAIMA 7,HAIMA 7,PORTA ESTOPERA DE CIGUAÑAL TRASERA,"porta estopera, alojamiento de reten"
HAIMA,HAIMA 7,HAIMA7,PRE-FILTRO DE GASOLINA,"prefiltro, filtro previo"
HAIMA,HAIMA 7,HAIMA7,PUNTA DE TRIOIDE COMPLETA DERECHA 8135A,"punta tripoide, homocinetica interna"
HAIMA,HAIMA 7,HAIMA 7,PUNTA DE TRIOIDE COMPLETA IZQUIERDA 8134A,"punta tripoide, homocinetica interna"
HAIMA,HAIMA 7,HAIMA7,PUNTA DE TRIPOIDE 28*24,"punta trioide, homocinetica interna"
HAIMA,HAIMA 7,HAIMA 7,RADIADOR,"radiador de agua, panal"
HAIMA,HAIMA 7,HAIMA 7,RESISTENCIA A/AC,resistencia de aire acondicionado
HAIMA,HAIMA 7,HAIMA 7,ROLINERA DE AMORTIGUADOR,"rodamiento, bearing"
HAIMA,HAIMA 7,HAIMA 7,ROTULA,"rotula de suspension, terminal, punta de eje, mozo"
HAIMA,HAIMA 7,HAIMA 7,SELENOIDE DE VVT ADMISION 479Q,"selenoides, solenoide"
HAIMA,HAIMA 7,HAIMA 7,SELENOIDE DE VVT ESCAPE 484Q,"selenoides, solenoide"
HAIMA,HAIMA 7,HAIMA 7,SENSOR ARBOL DE LEVA,sensor de arbol de leva
HAIMA,HAIMA 7,HAIMA 7,SENSOR DE OXIGENO,"sonda lambda, sensor de oxigeno"
HAIMA,HAIMA 7,HAIMA 7,SENSOR DE POCIOSION DE CIGÜEÑAL,sensor de posicion
HAIMA,HAIMA 7,HAIMA 7,SENSOR MAF BOSCH,sensor de flujo de aire
HAIMA,HAIMA 7,HAIMA 7,TAPA RIN,"tapon de rin, copa de rin"
HAIMA,HAIMA 7,HAIMA 7,TAPA DE GASOLINA,tapa de tanque de gasolina
HAIMA,HAIMA 7,HAIMA 7,TAPA DE BOMBA DE GASOLINA,tapa de bomba
HAIMA,HAIMA 7,HAIMA 7,TERMINAL DE DIRECCION,"terminal de direccion, rotula de direccion"
HAIMA,HAIMA 7,HAIMA 7,TERMOSTATO,"termotasto, termostato de agua"
HAIMA,HAIMA 7,HAIMA 7,VALVULA PCV,"valvula pcv, valvula de gases de carter"
HAIMA,HAIMA 7,HAIMA 7,VALVULA PEDEAL DE FRENO,valvula de pedal
HAIMA,HAIMA 7,HAIMA 7,VARILLA DE MEDIR ACEITE,"varilla de aceite, bayoneta"
HAIMA,HAIMA 7,HAIMA 7,VALVULA PRESION DE ACEITE,valvula de presion de aceite o aire
HAIMA,HAIMA 7,HAIMA7,VALVULA DE TEMPRATURA 3PIN,valvula de temperatura
HAIMA,HAIMA 7,HAIMA 7,VALVULA PRESOSTATICA A/AC,valvula presostatica de aire acondicionado
HAIMA,HAIMA 7,HAIMA 7,VVT DE ADMISION,"variador de tiempo, vvt actuator"
HAIMA,HAIMA 7,HAIMA 7,VVT DE ESCAPE,"variador de tiempo, vvt actuator"
ZOTYE,ZOTYE,ZOTYE,ALTERNADOR,"dinamo, generador"
ZOTYE,ZOTYE,ZOTYE,AMORTIGUADOR DELANTERO DERECHO,"suspension, amortiguacion, shock"
ZOTYE,ZOTYE,ZOTYE,AMORTIGUADOR DELANTERO IZQUIERDO,"suspension, amortiguacion, shock"
ZOTYE,ZOTYE,ZOTYE,AMORTIGUADOR TRASERO,"suspension, amortiguacion, shock"
ZOTYE,ZOTYE,ZOTYE,ANILLOS 0.25/010 1.3,"aros de piston, rines de piston, segmentos"
ZOTYE,ZOTYE,ZOTYE,ANILLOS 0.25/010 1.6,"aros de piston, rines de piston, segmentos"
ZOTYE,ZOTYE,ZOTYE,ANILLOS 0.50/020 1.3,"aros de piston, rines de piston, segmentos"
ZOTYE,ZOTYE,ZOTYE,ANILLOS 0.50/020 1.6,"aros de piston, rines de piston, segmentos"
ZOTYE,ZOTYE,ZOTYE,ANILLOS STD 1.3,"aros de piston, rines de piston, segmentos"
ZOTYE,ZOTYE,ZOTYE,ANILLOS STD 1.6,"aros de piston, rines de piston, segmentos"
ZOTYE,ZOTYE,ZOTYE,ARRANQUE,"motor de arranque, marcha, burro de arranque, swich de arranque"
ZOTYE,ZOTYE,ZOTYE,ARBOL DE LEVA,"arbol de leva, eje de levas, camshaft"
ZOTYE,ZOTYE,ZOTYE,BALANCIN O MARTILLO DE VALVULAS A,"balancines, brazo balancin, martillo de valvula, rocker arm"
ZOTYE,ZOTYE,ZOTYE,BALANCIN O MARTILLO DE VALVULAS B,"balancines, brazo balancin, martillo de valvula, rocker arm"
ZOTYE,ZOTYE,ZOTYE,BALANCIN O MARTILLO DE VALVULAS C,"balancines, brazo balancin, martillo de valvula, rocker arm"
ZOTYE,ZOTYE,ZOTYE,BANDAS DE FRENO,"bandas de freno de mano, cintas de freno de mano"
ZOTYE,ZOTYE,ZOTYE,BASE DE AMORTIGUADOR,"copa de amortiguador, soporte de amortiguador"
ZOTYE,ZOTYE,ZOTYE,BASE DE MOTOR DERECHA,"soporte de motor, cuna de motor, taco de motor"
ZOTYE,ZOTYE,ZOTYE,BASE DE MOTOR IZQIERDA  (CAJA),"soporte de motor, cuna de motor, taco de motor"
ZOTYE,ZOTYE,ZOTYE,BOBINA DE ENCENDIDO,"bobina de encendido, coil"
ZOTYE,ZOTYE,ZOTYE,BOMBA DE ACEITE,bomba de aceite del motor
ZOTYE,ZOTYE,ZOTYE,BOMBA DE AGUA,"bomba de agua, bomba del radiador"
ZOTYE,ZOTYE,ZOTYE,BOMBA DE DIRECCION,bomba de direccion hidraulica
ZOTYE,ZOTYE,ZOTYE,BOMBA DE FRENO,"bomba de freno, cilindro maestro de freno"
ZOTYE,ZOTYE,ZOTYE,BOMBA DE FRENO CON ENVASE,"bomba de freno, cilindro maestro de freno"
ZOTYE,ZOTYE,ZOTYE,BOMBA DE GASOLINA,"bomba de gasolina, bomba de combustible"
ZOTYE,ZOTYE,ZOTYE,BOMBIN SUPERIOR,"bombin superior de embrague, cilindro maestro de clutch"
ZOTYE,ZOTYE,ZOTYE,BOMBIN INFERIOR MARCA JIECHI,"bombin inferior de embrague, cilindro esclavo"
ZOTYE,ZOTYE,ZOTYE,BUJE DE BARRA ESTABILIZADORA,"bujes, buches, goma de suspension, silentblock"
ZOTYE,ZOTYE,ZOTYE,BUJE DE MESETA DELANTERA GRANDE,"bujes, buches, goma de suspension, silentblock"
ZOTYE,ZOTYE,ZOTYE,BUJE DE MESETA DELANTERA PEQUEÑO,"bujes, buches, goma de suspension, silentblock"
ZOTYE,ZOTYE,ZOTYE,BUJIAS NGK (4 UNIDADES),"bujia, candelas, candela"
ZOTYE,ZOTYE,ZOTYE,BUJIAS DENSO CAJA AMARILLA (4 UND PUNTA IRIDIUM ),"bujia, candelas, candela"
ZOTYE,ZOTYE,ZOTYE,BUJIAS DENSO CAJA AZUL (4 UND PUNTA IRIDIUM),"bujia, candelas, candela"
ZOTYE,ZOTYE,ZOTYE,BUJIAS TORCH 3 PUNTAS (4 UNIDADES),"bujia, candelas, candela"
ZOTYE,ZOTYE,ZOTYE,CABLES DE BUJIAS,"cables de bujia, cableado de encendido"
ZOTYE,ZOTYE,ZOTYE,CAJETIN DE DIRECCION COMPLETO (SIN TERMINALES),"caja de direccion, cremallera de direccion"
ZOTYE,ZOTYE,ZOTYE,CARCAZA FILTRO DE AIRE,"carcasa, cubierta"
ZOTYE,ZOTYE,ZOTYE,COLLARIN,"rodamiento de embrague, collarin de clutch"
ZOTYE,ZOTYE,ZOTYE,CIGÜEÑAL 1.6,"ciguenal, eje cigueñal, crankshaft"
ZOTYE,ZOTYE,ZOTYE,CILINDRO DE FREBO DERECHO,cilindro de freno
ZOTYE,ZOTYE,ZOTYE,CILINDRO DE FRENO IZQUIERDO,cilindro de freno
ZOTYE,ZOTYE,ZOTYE,COCNHAS DE BANCADA 025/010,"conchas, cojinetes"
ZOTYE,ZOTYE,ZOTYE,COMPRESOR,"compresor de aire acondicionado, compresor ac"
ZOTYE,ZOTYE,ZOTYE,CONCHAS DE BANCADA STD,"concha, cojinetes, metales de bancada, metales de biela"
ZOTYE,ZOTYE,ZOTYE,CONCHAS DE BIELA 025/010,"concha, cojinetes, metales de bancada, metales de biela"
ZOTYE,ZOTYE,ZOTYE,CONCHAS DE BILA STD,"concha, cojinetes, metales de bancada, metales de biela"
ZOTYE,ZOTYE,ZOTYE,CONMUTADOR DE ENCENDIDO,"comutador, switch de luces, interruptor de luces"
ZOTYE,ZOTYE,ZOTYE,CONMUTADOR DE LUCES,"comutador, switch de luces, interruptor de luces"
ZOTYE,ZOTYE,ZOTYE,CONTROL ELEVA VIDRIO DERECHO,"control eleva vidrio, motor de vidrio"
ZOTYE,ZOTYE,ZOTYE,CONTROL ELEVA VIDRIO IZQIERDO,"control eleva vidrio, motor de vidrio"
ZOTYE,ZOTYE,ZOTYE,CORREA DE ALTERNADOR 5PK865,"correo, banda, faja"
ZOTYE,ZOTYE,ZOTYE,CORREA DE TEMPO,"correo, banda, faja"
ZOTYE,ZOTYE,ZOTYE,CORREA MULTIFUNCIONAL 5PK1050,"correo, banda, faja"
ZOTYE,ZOTYE,ZOTYE,CRUCETA,"cruceta cardan, universal joint"
ZOTYE,ZOTYE,ZOTYE,CHUMASERA,"chumacera, rodamiento de chumacera"
ZOTYE,ZOTYE,ZOTYE,DAMPER,"dampe, polea amortiguadora, polea cigueñal"
ZOTYE,ZOTYE,ZOTYE,DISCO DE CROCHET,disco de freno
ZOTYE,ZOTYE,ZOTYE,ELECTROVENTILADOR,"electro, ventilador electrico, abanico electrico"
ZOTYE,ZOTYE,ZOTYE,EMPACADURA DE CAMARA MOTOR 1.3,"empacadula, junta de motor, empaque"
ZOTYE,ZOTYE,ZOTYE,EMPACADURA DE CAMARA MOTOR 1.6,"empacadula, junta de motor, empaque"
ZOTYE,ZOTYE,ZOTYE,EMPACADURA DE TAPA VALVULA,"empacadula, junta de motor, empaque"
ZOTYE,ZOTYE,ZOTYE,ESTOPERA ARBOL DE LEVA,"estopela, reten, sello de aceite"
ZOTYE,ZOTYE,ZOTYE,ESTOPERA DELANTERA DE CIGÜEÑAL,"estopela, reten, sello de aceite"
ZOTYE,ZOTYE,ZOTYE,ESTOPERA TRASERA DE CIGÜEÑAL,"estopela, reten, sello de aceite"
ZOTYE,ZOTYE,ZOTYE,FILTRO DE ACEITE,"fitro, filtro de aceite, filtro de aire, filtro de gasolina"
ZOTYE,ZOTYE,ZOTYE,FILTRO DE AIRE MOTOR,"fitro, filtro de aceite, filtro de aire, filtro de gasolina"
ZOTYE,ZOTYE,ZOTYE,FLOTATANTE DE GASOLINA,"flotante, boya de gasolina"
ZOTYE,ZOTYE,ZOTYE,GORROS DE VALVULAS,"tapas de ruedas, gorros de rueda"
ZOTYE,ZOTYE,ZOTYE,GUAYA DE ACELERACION,"cable del acelerador, guaya del acelerador"
ZOTYE,ZOTYE,ZOTYE,GUAYA SELECTORA DE CAMBIOS,"cable selector de caja, guaya de caja"
ZOTYE,ZOTYE,ZOTYE,INYECTOR DE GASOLINA,"inyetor, inyector de gasolina, boquilla"
ZOTYE,ZOTYE,ZOTYE,KIT DE CROCHET MARCA HONG XIE,"kit de embrague, kit de clutch"
ZOTYE,ZOTYE,ZOTYE,KIT DE EMPACADURA,kit de empacadura de motor con estopera
ZOTYE,ZOTYE,ZOTYE,KIT DE TIEMPO CORREA Y TENSOR,kit de tiempo o distribucion
ZOTYE,ZOTYE,ZOTYE,LAPIZ DE BIELETA C/U,"sensor lapiz, sonda"
ZOTYE,ZOTYE,ZOTYE,MANGUERA DE AIRE DE MOTOR,"manguera de aire, manguera de admision"
ZOTYE,ZOTYE,ZOTYE,MANILLA DELANTERA EXTERNA DERECHA,"manija, agarradera, manilla de puerta"
ZOTYE,ZOTYE,ZOTYE,MANILLA DELANTERA EXTERNA IZQUIERDA,"manija, agarradera, manilla de puerta"
ZOTYE,ZOTYE,ZOTYE,MANILLA INTERNA DERECHA,"manija, agarradera, manilla de puerta"
ZOTYE,ZOTYE,ZOTYE,MANILLA INTERNA IZQUIERDA,"manija, agarradera, manilla de puerta"
ZOTYE,ZOTYE,ZOTYE,MESETA DELANTERA DERECHA,"plato de clutch, meseta de embrague"
ZOTYE,ZOTYE,ZOTYE,MESETA DELANTERA IZQUIERDA,"plato de clutch, meseta de embrague"
ZOTYE,ZOTYE,ZOTYE,MOTOR LIMPIA PARABRISA,"motor limpiaparabrisas, motor de wiper"
ZOTYE,ZOTYE,ZOTYE,MOZO DELANTERO,"rotula, terminal de direccion"
ZOTYE,ZOTYE,ZOTYE,ODOMETRO DE VELOCIDAD,"tablero, cuentakilometros"
ZOTYE,ZOTYE,ZOTYE,PASTILLAS DE FRENO,"balatas, pastilla de freno"
ZOTYE,ZOTYE,ZOTYE,PARACHOQUE DELANTERO,"parachoques, defensa, bumper, bumera"
ZOTYE,ZOTYE,ZOTYE,PARACHOQUE TRASERO,"parachoques, defensa, bumper, bumera"
ZOTYE,ZOTYE,ZOTYE,PILA DE GASOLINA 2068 MARCA DENSO,"bateria, acumulador"
ZOTYE,ZOTYE,ZOTYE,PILA DE GASOLINA BOSCH 2068 UNIVERSAL,"bateria, acumulador"
ZOTYE,ZOTYE,ZOTYE,PIÑON DE CIGÜEÑAL,"pinon, engranaje piñon"
ZOTYE,ZOTYE,ZOTYE,PISTONES STD 1.6,"piston, embolos"
ZOTYE,ZOTYE,ZOTYE,PISTONES 050/020 1.6,"piston, embolos"
ZOTYE,ZOTYE,ZOTYE,PLATO DE CROCHET,"plato de embrague, plato de clutch"
ZOTYE,ZOTYE,ZOTYE,RADIADOR ZOTYE,"radiador de agua, panal"
ZOTYE,ZOTYE,ZOTYE,REGULADOR DE GASOLINA,"regurador, regulador de alternador, regulador de voltaje"
ZOTYE,ZOTYE,ZOTYE,RETROVISOR DERECHO,"espejo, espejo lateral"
ZOTYE,ZOTYE,ZOTYE,RETROVISOR IZQUIERDO,"espejo, espejo lateral"
ZOTYE,ZOTYE,ZOTYE,RODAMIENTO DELANTERO,"rolinera, bearing"
ZOTYE,ZOTYE,ZOTYE,ROTULA ROSCA FINA,"rotula de suspension, terminal, punta de eje, mozo"
ZOTYE,ZOTYE,ZOTYE,ROTULA ROSCA GRUESA,"rotula de suspension, terminal, punta de eje, mozo"
ZOTYE,ZOTYE,ZOTYE,SENSOR DE OXIGENO APLICA ARAUCA,"sonda lambda, sensor de oxigeno"
ZOTYE,ZOTYE,ZOTYE,SELLOS DE BUJIAS,"sello de bujias, empaques de bujia"
ZOTYE,ZOTYE,ZOTYE,SENSOR MAP,sensor de presion de multiple
ZOTYE,ZOTYE,ZOTYE,SENSOR PEDAL DE FRENO,sensor de pedal de aceleracion
ZOTYE,ZOTYE,ZOTYE,SENSOR POSICION DE CIGÜEÑAL,sensor de posicion del cigueñal o arbol
ZOTYE,ZOTYE,ZOTYE,SUICHERA DE ENCENDIDO,"switch de encendido, cerradura de arranque"
ZOTYE,ZOTYE,ZOTYE,TAPA BOMBA DE GASOLINA,tapa de bomba
ZOTYE,ZOTYE,ZOTYE,TAPA CADENA DE MOTOR,tapa de cadena de tiempo
ZOTYE,ZOTYE,ZOTYE,TENSOR DE TIEMPO,"tensor de correa, polea tensora"
ZOTYE,ZOTYE,ZOTYE,TERMIAL DE DIRECCION,"terminal de direccion, rotula de direccion"
ZOTYE,ZOTYE,ZOTYE,TERMOSTATO,"termotasto, termostato de agua"
ZOTYE,ZOTYE,ZOTYE,TUBERIA  DE REFRIGERANTE,"tuberia de refrigerante, manguera de refrigerante"
ZOTYE,ZOTYE,ZOTYE,VALVULA DE ADMISION 1.3,valvula de admision del motor
ZOTYE,ZOTYE,ZOTYE,VALVULA DE ESCAPE 1.3,valvula de escape del motor
ZOTYE,ZOTYE,ZOTYE,VALVULA DE TEMPERATURA 2 PIN,valvula de temperatura
ZOTYE,ZOTYE,ZOTYE,VALVULA PCV,"valvula pcv, valvula de gases de carter"
ZOTYE,ZOTYE,ZOTYE,VALVULAS DE ADMISION 1.6,valvulas de admision del motor
ZOTYE,ZOTYE,ZOTYE,VALVULAS DE ESCAPE 1.6,valvulas de escape del motor
ZOTYE,ZOTYE,ZOTYE,VARILLA DE MEDIR ACEITE,"varilla de aceite, bayoneta"
CHANA,CHANA 1.1,CHANA,AMORTIGUADOR DELANTERO RH( MINI DONGFENG),"suspension, amortiguacion, shock"
CHANA,CHANA 1.1,CHANA,AMORTIGUADOR DELANTERO LH,"suspension, amortiguacion, shock"
CHANA,CHANA 1.1,CHANA,ANILLOS 025/010,"aros de piston, rines de piston, segmentos"
CHANA,CHANA 1.1,CHANA,"ANILLOS 0,50/020","aros de piston, rines de piston, segmentos"
CHANA,CHANA 1.1,CHANA,ANILLOS STD,"aros de piston, rines de piston, segmentos"
CHANA,CHANA 1.1,CHANA,ARBOL DE LEVA,"arbol de leva, eje de levas, camshaft"
CHANA,CHANA 1.1,CHANA,ARRANQUE DE MOTOR,"motor de arranque, marcha, burro de arranque, swich de arranque"
CHANA,CHANA 1.1,CHANA,BOBINA CAPTADORA,"bobina de encendido, coil"
CHANA,CHANA 1.1,CHANA,BOBINA DE ENCENDIDO,"bobina de encendido, coil"
CHANA,CHANA 1.1,CHANA,BOMBA DE ACEITE,bomba de aceite del motor
CHANA,CHANA 1.1,CHANA,BOMBA DE AGUA,"bomba de agua, bomba del radiador"
CHANA,CHANA 1.1,CHANA,BUJIAS DENSO CAJA AMARILLA (4 UND PUNTA IRIDIUM ),"bujia, candelas, candela"
CHANA,CHANA 1.1,CHANA,BUJIAS DENSO CAJA AZUL (4 UND PUNTA IRIDIUM),"bujia, candelas, candela"
CHANA,CHANA 1.1,CHANA,CABLES DE BUJAS,"cables de bujia, cableado de encendido"
CHANA,CHANA 1.1,CHANA,CAJETIN DE DIRECCION,"caja de direccion, cremallera de direccion"
CHANA,CHANA 1.1,CHANA,CAMARA COMPLETA,"camara de aire, tripa"
CHANA,CHANA 1.1,CHANA,CIGÜEÑAL,"ciguenal, eje cigueñal, crankshaft"
CHANA,CHANA 1.1,CHANA,COLLARIN,"rodamiento de embrague, collarin de clutch"
CHANA,CHANA 1.1,CHANA,CONCHAS DE BANCADA 010,"concha, cojinetes, metales de bancada, metales de biela"
CHANA,CHANA 1.1,CHANA,CONCHAS DE BANCADA 020,"concha, cojinetes, metales de bancada, metales de biela"
CHANA,CHANA 1.1,CHANA,CONCHAS DE BANCADA STD,"concha, cojinetes, metales de bancada, metales de biela"
CHANA,CHANA 1.1,CHANA,CONCHAS DE BIELA 010,"concha, cojinetes, metales de bancada, metales de biela"
CHANA,CHANA 1.1,CHANA,CONCHAS DE BIELA 020,"concha, cojinetes, metales de bancada, metales de biela"
CHANA,CHANA 1.1,CHANA,CONCHAS DE BIELA STD,"concha, cojinetes, metales de bancada, metales de biela"
CHANA,CHANA 1.1,CHANA,CORREA DE TIEMPO,"correo, banda, faja"
CHANA,CHANA 1.1,CHANA,DISCO DE CROCHET,disco de freno
CHANA,CHANA 1.1,CHANA,DISCO DE FRENO,disco de freno
CHANA,CHANA 1.1,CHANA,DISTRIBUIDOR DE CORRIENTE,"distribuidor de encendido, delco"
CHANA,CHANA 1.1,CHANA,EMPACADURA DE CAMARA,"empacadula, junta de motor, empaque"
CHANA,CHANA 1.1,CHANA,EMPACADURA DE TAPA VALVULA,"empacadula, junta de motor, empaque"
CHANA,CHANA 1.1,CHANA,ESTOPERA DE ARBOL DE LEVA,"estopela, reten, sello de aceite"
CHANA,CHANA 1.1,CHANA,ESTOPERA DELANTERA DE CIGÜEÑAL,"estopela, reten, sello de aceite"
CHANA,CHANA 1.1,CHANA,ESTOPERA TRASERA DE CIGÜEÑAL,"estopela, reten, sello de aceite"
CHANA,CHANA 1.1,CHANA,FARO ANTINIEBLA DERECHO,"luz delantera, optico"
CHANA,CHANA 1.1,CHANA,FARO ANTINIEBLA IZQUIERDO,"luz delantera, optico"
CHANA,CHANA 1.1,CHANA,FARO DELANTERO DERECHO,"luz delantera, optico"
CHANA,CHANA 1.1,CHANA,FARO FELANTERO IZQUIERDO,"luz delantera, optico"
CHANA,CHANA 1.1,CHANA,GORROS DE VALVULA (8UND),"tapas de ruedas, gorros de rueda"
CHANA,CHANA 1.1,CHANA,GUAYA DE ACELERACION,"cable del acelerador, guaya del acelerador"
CHANA,CHANA 1.1,CHANA,INYECTOR DE GASOLINA,"inyetor, inyector de gasolina, boquilla"
CHANA,CHANA 1.1,CHANA,KIT DE CROCHET,"kit de embrague, kit de clutch"
CHANA,CHANA 1.1,CHANA,KIT DE EMPACADURA,kit de empacadura de motor con estopera
CHANA,CHANA 1.1,CHANA,LAPIZ DELANTERO,"sensor lapiz, sonda"
CHANA,CHANA 1.1,CHANA,MOTOR COMPLETO 465 CHANA SAIC WULLING,motor completo del vehiculo
CHANA,CHANA 1.1,CHANA,MESETA RH,"plato de clutch, meseta de embrague"
CHANA,CHANA 1.1,CHANA,MESETA LH,"plato de clutch, meseta de embrague"
CHANA,CHANA 1.1,CHANA,PARACHOQUE DELANTERO,"parachoques, defensa, bumper, bumera"
CHANA,CHANA 1.1,CHANA,PASTILLAS DE FRENO,"balatas, pastilla de freno"
CHANA,CHANA 1.1,CHANA,PILA DE GASOLINA 2068 MARCA DENSO,"bateria, acumulador"
CHANA,CHANA 1.1,CHANA,PILA DE GASOLINA BOSCH 2068 UNIVERSAL,"bateria, acumulador"
CHANA,CHANA 1.1,CHANA,PISTONES 0.25/010,"piston, embolos"
CHANA,CHANA 1.1,CHANA,PISTONES 0.50/020,"piston, embolos"
CHANA,CHANA 1.1,CHANA,PISTONES STD,"piston, embolos"
CHANA,CHANA 1.1,CHANA,PLATO DE CROCHET,"plato de embrague, plato de clutch"
CHANA,CHANA 1.1,CHANA,PROTECTO DE KIT DE TIEMPO,"protector de carter, protector de motor"
CHANA,CHANA 1.1,CHANA,RETROVISOR DERECHO,"espejo, espejo lateral"
CHANA,CHANA 1.1,CHANA,RETROVISOR IZQUIERDO,"espejo, espejo lateral"
CHANA,CHANA 1.1,CHANA,ROTULA,"rotula de suspension, terminal, punta de eje, mozo"
CHANA,CHANA 1.1,CHANA,SENSOR TEMPRERATURA 1 PIN,sensor de temperatura
CHANA,CHANA 1.1,CHANA,SENSOR DE TEMPERATURA 2 PINES,sensor de temperatura del motor
CHANA,CHANA 1.1,CHANA,STOP DERECHO,"luz trasera, calavera"
CHANA,CHANA 1.1,CHANA,STOP IZQUIERDO,"luz trasera, calavera"
CHANA,CHANA 1.1,CHANA,TERMINAL DE DIRECCION DERECHO,"terminal de direccion, rotula de direccion"
CHANA,CHANA 1.1,CHANA,TERMINAL DE DIRECCION IZQUIERDO,"terminal de direccion, rotula de direccion"
CHANA,CHANA 1.1,CHANA,TOMA DE TERMOSTATO,"toma del termostato, carcasa del termostato"
CHANA,CHANA 1.1,CHANA,VOLANTE DE MOTOR,"volante de direccion, volante motor"
CHERY,ARAUCA,ARAUCA,ALTERNADOR  ORIGINAL,"dinamo, generador"
CHERY,ARAUCA,ARAUCA,AMORTIGUADOR DELANTERO COMPLETO CON ESPIRAL EL PAR,"suspension, amortiguacion, shock"
CHERY,ARAUCA,ARAUCA,AMORTIGUADOR DELANTERO  ORIGINAL C/U APLICA QQ6,"suspension, amortiguacion, shock"
CHERY,ARAUCA,ARAUCA,AMORTIGUADOR TRASERA  ORIGINAL  C/U,"suspension, amortiguacion, shock"
CHERY,ARAUCA,ARAUCA,AMORTIGUADOR DE MALETA  ORIGINAL C/U,"suspension, amortiguacion, shock"
CHERY,ARAUCA,ARAUCA,ANILLOS ESTANDAR  STD ORIGINAL (QQ6),"aros de piston, rines de piston, segmentos"
CHERY,ARAUCA,ARAUCA,ANILLOS 0.10 ORIGINAL,"aros de piston, rines de piston, segmentos"
CHERY,ARAUCA,ARAUCA,ANILLOS 0.20 ORIGINAL,"aros de piston, rines de piston, segmentos"
CHERY,ARAUCA,ARAUCA,ANILLOS CON JUEGO PISTON 0.30 ORIGINAL,"aros de piston, rines de piston, segmentos"
CHERY,ARAUCA,ARAUCA,ANILLOS CON JUEGO PISTON 0.40 ORIGINAL,"aros de piston, rines de piston, segmentos"
CHERY,ARAUCA,ARAUCA,ANTENA    ORIGINAL,antenita
CHERY,ARAUCA,ARAUCA,ANTENA INMOVILIZADOR,antenita
CHERY,ARAUCA,ARAUCA,ANTINIEBLA  DER,"luz antiniebla derecha, faro antiniebla derecho, neblinero derecho"
CHERY,ARAUCA,ARAUCA,ANTINIEBLA  IZQ,"luz antiniebla izquierda, faro antiniebla izquierdo, neblinero izquierdo"
CHERY,ARAUCA,ARAUCA,ANTIRUIDO DE FRENO   (4 PIEZAS),"parachispas de freno, aislante de ruido de pastilla"
CHERY,ARAUCA,ARAUCA,ARBOL DE LEVA ADMISION ORIGINAL,"arbol de leva, eje de levas, camshaft"
CHERY,ARAUCA,ARAUCA,ARBOL DE LEVA ESCAPE  ORIGINAL,"arbol de leva, eje de levas, camshaft"
CHERY,ARAUCA,ARAUCA,ARO BRONCE SINCRONIZADOR  ORIGINAL C/U,"aro sincronizador, sincro"
CHERY,ARAUCA,ARAUCA,ARRANQUE  ORIGINAL,"motor de arranque, marcha, burro de arranque, swich de arranque"
CHERY,ARAUCA,ARAUCA,AUTOMATICO ARRANQUE (3 HUECO) ORIGINAL,"rele automatico de arranque, solenoide de arranque"
CHERY,ARAUCA,ARAUCA,BANDAS DE FRENO TRASERA ARAUCA,"bandas de freno de mano, cintas de freno de mano"
CHERY,ARAUCA,ARAUCA,BASE AMORTIGUADOR  COMPLETO,"copa de amortiguador, soporte de amortiguador"
CHERY,ARAUCA,ARAUCA,BASE AMORTIGUADOR METALICA,"copa de amortiguador, soporte de amortiguador"
CHERY,ARAUCA,ARAUCA,BASE AMORTIGUADOR TOPE O COPA,"copa de amortiguador, soporte de amortiguador"
CHERY,ARAUCA,ARAUCA,BASE DE TERMOSTATO  ORIGINAL,"carcasa del termostato, soporte de termostato"
CHERY,ARAUCA,ARAUCA,BASE MOTOR DELANTERO  ORIGINAL,"soporte de motor, cuna de motor, taco de motor"
CHERY,ARAUCA,ARAUCA,BASE MOTOR DERECHA  ORIGINAL,"soporte de motor, cuna de motor, taco de motor"
CHERY,ARAUCA,ARAUCA,BASE MOTOR IZQ A ORIGINAL,"soporte de motor, cuna de motor, taco de motor"
CHERY,ARAUCA,ARAUCA,BASE MOTOR TRASERA ORIGINAL,"soporte de motor, cuna de motor, taco de motor"
CHERY,ARAUCA,ARAUCA,BOBINA ENCENDIDO BOSCH ORIGINAL,"bobina de encendido, coil"
CHERY,ARAUCA,ARAUCA,BOMBA ACEITE ORIGINAL  ORIGINAL PLANTA,bomba de aceite del motor
CHERY,ARAUCA,ARAUCA,BOMBA AGUA  ORIGINAL PLANTA,"bomba de agua, bomba del radiador"
CHERY,ARAUCA,ARAUCA,BOMBA DE AGUA ORIGINAL CHERY,"bomba de agua, bomba del radiador"
CHERY,ARAUCA,ARAUCA,BOMBA DE GASOLINA  COMPLETO ORIGINAL,"bomba de gasolina, bomba de combustible"
CHERY,ARAUCA,ARAUCA,BOMBA DIRECCION  ORIGINAL,bomba de direccion hidraulica
CHERY,ARAUCA,ARAUCA,BOMBA FRENO  ORIGINAL,"bomba de freno, cilindro maestro de freno"
CHERY,ARAUCA,ARAUCA,BOMBA FRENO CON HIDROVAC Y ENVASE  ORIGINAL,"bomba de freno, cilindro maestro de freno"
CHERY,ARAUCA,ARAUCA,BOMBA O MOTOE WIPER LIMPIA PARABRISAS,"bomba de motor, bomba de aceite"
CHERY,ARAUCA,ARAUCA,BRAZO BIELA ORIGINAL,"brazo de suspension, brazo axial, biela"
CHERY,ARAUCA,ARAUCA,BUJE BARRA TENSORA EXTENA COMO AREPITA,"bujes, buches, goma de suspension, silentblock"
CHERY,ARAUCA,ARAUCA,BUJE BARRA TENSORA INTERNE COMO AREPITA,"bujes, buches, goma de suspension, silentblock"
CHERY,ARAUCA,ARAUCA,BUJE CAJETIN  (2 BUJE),"bujes, buches, goma de suspension, silentblock"
CHERY,ARAUCA,ARAUCA,BUJE MESETA TRASERA CORTA AR   MESETA TRASERA,"bujes, buches, goma de suspension, silentblock"
CHERY,ARAUCA,ARAUCA,BUJE MESETA TRASERA LARGA AR    MESETA TRASERA,"bujes, buches, goma de suspension, silentblock"
CHERY,ARAUCA,ARAUCA,BUJE O GAMAS CAJETIN  TIPO O,"bujes, buches, goma de suspension, silentblock"
CHERY,ARAUCA,ARAUCA,BUJE O GOMAS DE BARRA ESTABILIZADORA,"bujes, buches, goma de suspension, silentblock"
CHERY,ARAUCA,ARAUCA,BUJIA  BOSCH  3ELETR,"bujias, candela, candelas"
CHERY,ARAUCA,ARAUCA,BUJIA  CHERY  3ELETR,"bujias, candela, candelas"
CHERY,ARAUCA,ARAUCA,BUJIA  TORCH  3ELETR ARAUCA/X1  (QQ6),"bujias, candela, candelas"
CHERY,ARAUCA,ARAUCA,BUJIA DENSO IRIDIUM 3297 (4 BUJIA),"bujias, candela, candelas"
CHERY,ARAUCA,ARAUCA,BUJIA DENSO IRIDIUM 5304 (4 BUJIA),"bujias, candela, candelas"
CHERY,ARAUCA,ARAUCA,BUJIA PUNTA PLATINO LETRA AZUL (4 BUJIA),"bujias, candela, candelas"
CHERY,ARAUCA,ARAUCA,CABLES BUJIAS CLASE A,"cables de bujia, cableado de encendido"
CHERY,ARAUCA,ARAUCA,CABLES DE BUJIAS  ORIGINAL PLANTA SEPARADOS,"cables de bujia, cableado de encendido"
CHERY,ARAUCA,ARAUCA,CAJETIN  SIN ACCESORIO ORIGINAL,"caja de direccion, cremallera de direccion"
CHERY,ARAUCA,ARAUCA,CAMARA  COMPLETO,"camara de aire, tripa"
CHERY,ARAUCA,ARAUCA,CAMARA VACIA,"camara de aire, tripa"
CHERY,ARAUCA,ARAUCA,CARCASA PURIFICADOR DE AIRE  SIN CAJA,"carcaza, cubierta"
CHERY,ARAUCA,ARAUCA,CARTER MOTOR  ORIGINAL,"carter de motor, colador de aceite, bandeja de aceite"
CHERY,ARAUCA,ARAUCA,CEPILLO LIMPIA PARABRISA DELANTERO EL JUEGO,"escobilla, plumilla, limpiaparabrisas"
CHERY,ARAUCA,ARAUCA,CEPILLO LIMPIA PARABRISA TRASERA C/U,"escobilla, plumilla, limpiaparabrisas"
CHERY,ARAUCA,ARAUCA,CHUPON CLIP DE BOMBA GASOLINA  (G),"ventosa, soporte de goma"
CHERY,ARAUCA,ARAUCA,CHUPON CLIP DE BOMBA GASOLINA  (P),"ventosa, soporte de goma"
CHERY,ARAUCA,ARAUCA,CIGUEÑAL  ORIGINAL,"cigüeñal, eje cigueñal, crankshaft"
CHERY,ARAUCA,ARAUCA,CILINDRO DE FRENO TRASERA  C/U,cilindro de freno
CHERY,ARAUCA,ARAUCA,CINTA VOLANTE,"cinta reloj de volante, resorte de bocina"
CHERY,ARAUCA,ARAUCA,COCUYO  DER,"luz lateral, cocuyo de guardafango, marker light"
CHERY,ARAUCA,ARAUCA,COCUYO  IZQ,"luz lateral, cocuyo de guardafango, marker light"
CHERY,ARAUCA,ARAUCA,COLLARIN DE CROCHET ORIGINAL,"rodamiento de embrague, collarin de clutch"
CHERY,ARAUCA,ARAUCA,COMPRESOR  ORIGINAL,"compresor de aire acondicionado, compresor ac"
CHERY,ARAUCA,ARAUCA,COMPUTADORA DE  ORIGINAL,"computdora, ecu, modulo de control, cerebro del carro"
CHERY,ARAUCA,ARAUCA,CONMUTADOR DE ENCENDIDO ARAUCA,"comutador, switch de luces, interruptor de luces"
CHERY,ARAUCA,ARAUCA,CONCHA DE BANCADA 0.10/+25,"conchas, cocnhas, cojinete, metal de biela"
CHERY,ARAUCA,ARAUCA,CONCHA DE BANCADA 020/+50,"conchas, cocnhas, cojinete, metal de biela"
CHERY,ARAUCA,ARAUCA,CONCHA DE BANCADA 030/+75,"conchas, cocnhas, cojinete, metal de biela"
CHERY,ARAUCA,ARAUCA,CONCHA DE BANCADA STD (QQ6),"conchas, cocnhas, cojinete, metal de biela"
CHERY,ARAUCA,ARAUCA,CONCHA DE BIELAS 010/+25,"conchas, cocnhas, cojinete, metal de biela"
CHERY,ARAUCA,ARAUCA,CONCHA DE BIELAS 020/+50,"conchas, cocnhas, cojinete, metal de biela"
CHERY,ARAUCA,ARAUCA,CONCHA DE BIELAS 030/+75,"conchas, cocnhas, cojinete, metal de biela"
CHERY,ARAUCA,ARAUCA,CONCHA DE BIELAS STD (QQ6),"conchas, cocnhas, cojinete, metal de biela"
CHERY,ARAUCA,ARAUCA,CONDENSADOR  ORIGINAL,"condensador de aire acondicionado, radiador de ac"
CHERY,ARAUCA,ARAUCA,CONECTOR CON CABLE BOMBA GASOLINA,"conector electrico, empalme"
CHERY,ARAUCA,ARAUCA,CONECTOR PLATICO DE CARCASA,"conector electrico, empalme"
CHERY,ARAUCA,ARAUCA,CONETA ALTA,"corneta, bocina, claxon"
CHERY,ARAUCA,ARAUCA,CONETA BAJA,"corneta, bocina, claxon"
CHERY,ARAUCA,ARAUCA,CONTRO SOLO DE ARAUCA SIN LLAVE,"control eleva vidrio, motor de vidrio"
CHERY,ARAUCA,ARAUCA,COPA CAJA 25X28 ORIGINAL,copa de caja de velocidades
CHERY,ARAUCA,ARAUCA,COPA CAJA 21*25 USA TRICETA X1,copa de caja de velocidades
CHERY,ARAUCA,ARAUCA,CORREA DE AIRE ORIGINAL ( COMPRESOR),"correo, banda, faja"
CHERY,ARAUCA,ARAUCA,CORREA DE ALTERNADOR ORIGINAL,"correo, banda, faja"
CHERY,ARAUCA,ARAUCA,CORREA TIEMPO  MARCA CHERY CLASE A,"correo, banda, faja"
CHERY,ARAUCA,ARAUCA,CORREA TIEMPO  DOBLE COSTURA NOMAL,"correo, banda, faja"
CHERY,ARAUCA,ARAUCA,CORREA TIEMPO ORIGINAL DOBLE COSTURA ARAUCA,"correo, banda, faja"
CHERY,ARAUCA,ARAUCA,CROCHERA CON ROLINERA DE COMPRESOR  ORIGINAL,"soporte de embrague, horquilla de clutch"
CHERY,ARAUCA,ARAUCA,CUERPO ACELERECION  ORIGINAL,"cuerpo de aceleracion, throttle body"
CHERY,ARAUCA,ARAUCA,CUNA,"cuna de motor, base de motor"
CHERY,ARAUCA,ARAUCA,DISCO CROCHET VALEO CON CAJA CHERY,disco de freno
CHERY,ARAUCA,ARAUCA,DISCO FRENO  ORIGINAL,disco de freno
CHERY,ARAUCA,ARAUCA,ELECTROVENTILADOR  ORIGINAL,"electro, ventilador electrico, abanico electrico"
CHERY,ARAUCA,ARAUCA,ELEVA VIDRIO DELANTERO DERECHO,"eleva vidrio, vidrio electrico"
CHERY,ARAUCA,ARAUCA,ELEVA VIDRIO DELANTERO IZQUIERDA ORIGINAL,"eleva vidrio, vidrio electrico"
CHERY,ARAUCA,ARAUCA,ELEVAVIDRIO TRASERA DERECHA,"control eleva vidrio, motor de vidrio, vidrio electrico"
CHERY,ARAUCA,ARAUCA,ELEVAVIDRIO TRASERA IZQ,"control eleva vidrio, motor de vidrio, vidrio electrico"
CHERY,ARAUCA,ARAUCA,EMPACADURA DE BOMBA ACEITE ORIGINAL,"empacadula, junta de motor, empaque"
CHERY,ARAUCA,ARAUCA,EMPACADURA DE BOMBA AGUA ORIGINAL,"empacadula, junta de motor, empaque"
CHERY,ARAUCA,ARAUCA,EMPACADURA DE CAMARA AMIENTO,"empacadula, junta de motor, empaque"
CHERY,ARAUCA,ARAUCA,EMPACADURA DE CAMARA METALICA,"empacadula, junta de motor, empaque"
CHERY,ARAUCA,ARAUCA,EMPACADURA TAPA VALVULA MORADA,"empacadula, junta de motor, empaque"
CHERY,ARAUCA,ARAUCA,EMPACADURA TAPA VALVULA ORIGINAL FINA,"empacadula, junta de motor, empaque"
CHERY,ARAUCA,ARAUCA,ENGRANAJES IMPULSOR 3 ERA 37,"engranaje, piñones, coronas"
CHERY,ARAUCA,ARAUCA,ENGRANAJES IMPULSOR 4TA 33,"engranaje, piñones, coronas"
CHERY,ARAUCA,ARAUCA,ENGRANAJES IMPULSOR 5TA 32,"engranaje, piñones, coronas"
CHERY,ARAUCA,ARAUCA,ENGRANAJES PRINCIPA  5TA 37 X1,"engranaje, piñones, coronas"
CHERY,ARAUCA,ARAUCA,ENGRANAJES PRINCIPAL 3ERA 26 X1,"engranaje, piñones, coronas"
CHERY,ARAUCA,ARAUCA,ENGRANAJES PRINCIPAL 4TA 31 X1,"engranaje, piñones, coronas"
CHERY,ARAUCA,ARAUCA,ENVASE O TANQUE DE AGUA  ORIGINAL,"deposito, tanque reservorio"
CHERY,ARAUCA,ARAUCA,ESPARRAGO RUEDA CON TUERCA  (4 Y 4) ORIGINAL,"birlo largo, prisionero"
CHERY,ARAUCA,ARAUCA,ESPEJO RETROVISOR INTENO CENTRAL,"retrovisor, espejo lateral"
CHERY,ARAUCA,ARAUCA,ESPIRALES DELANTEROS  C/U APLICA QQ6,"resortes helicoidales, muelles espirales"
CHERY,ARAUCA,ARAUCA,ESPIRALES TRASEROS  C/U APLICA QQ6,"resortes helicoidales, muelles espirales"
CHERY,ARAUCA,ARAUCA,ESTOPERA ARBOL LEVA  PLANTA C/U,"estopela, reten, sello de aceite"
CHERY,ARAUCA,ARAUCA,ESTOPERA  CAJA ORIGINAL,"estopela, reten, sello de aceite"
CHERY,ARAUCA,ARAUCA,ESTOPERA DELANTERO CIGÜEÑAL,"estopela, reten, sello de aceite"
CHERY,ARAUCA,ARAUCA,ESTOPERA TRASERA CIGÜEÑAL,"estopela, reten, sello de aceite"
CHERY,ARAUCA,ARAUCA,EVAPORADOR  ORIGINAL,"evaporador de aire acondicionado, serpentin de ac"
CHERY,ARAUCA,ARAUCA,FARO  DERECHO,"luz delantera, optico"
CHERY,ARAUCA,ARAUCA,FARO  IZQUIERDO,"luz delantera, optico"
CHERY,ARAUCA,ARAUCA,FILTRO DE AIRE  ORIGINAL,"fitro, filtro de aceite, filtro de aire, filtro de gasolina"
CHERY,ARAUCA,ARAUCA,FILTRO DE BAMBA GASOLINA INTERNA REDONDO,"fitro, filtro de aceite, filtro de aire, filtro de gasolina"
CHERY,ARAUCA,ARAUCA,FITRO ACEITE ORIGINAL,filtro
CHERY,ARAUCA,ARAUCA,FITRO GASOLINA ORIGINAL CHERY,filtro
CHERY,ARAUCA,ARAUCA,FITRO SECADOR DE AIRE  ORIGINAL,filtro
CHERY,ARAUCA,ARAUCA,FLEXIBLE  ORIGINAL,"manguera flexible, tuberia flexible"
CHERY,ARAUCA,ARAUCA,"FLOTANTE DE BOMBA GASOLINA ,","flotatante, sensor de nivel, boya de gasolina"
CHERY,ARAUCA,ARAUCA,GOMAS AMORTIGUADOR  ORIGINAL,"goma, bujes, empaques de goma"
CHERY,ARAUCA,ARAUCA,GOMAS DE ESCAPE FLEXIBLE ORIGINAL,"goma, bujes, empaques de goma"
CHERY,ARAUCA,ARAUCA,GOMAS NEGRO REDONDO PARA GASOLINA ORIGINAL,"goma, bujes, empaques de goma"
CHERY,ARAUCA,ARAUCA,GORROS O GOMAS VALVULA  COLOR NEGRO,"tapas de ruedas, gorros de rueda"
CHERY,ARAUCA,ARAUCA,GORROS O GOMAS VALVULA MARCA SKF ORIGINAL PLANTA,"tapas de ruedas, gorros de rueda"
CHERY,ARAUCA,ARAUCA,GUARDA POLVO CAJETIN  C/U,"guardapolvo, fuelle"
CHERY,ARAUCA,ARAUCA,GUARDAPOLVO AMORTIGUADOR DELANTERO ORIGINAL C/U,"guada, guadarpolvo, guarda, fuelle"
CHERY,ARAUCA,ARAUCA,GUAYA DE CROCHET  ORIGINAL GANCHO METALICA,"cable de embrague, guaya de clutch"
CHERY,ARAUCA,ARAUCA,GUAYA DE CROCHET  PLANTA GANCHO PLATICO,"cable de embrague, guaya de clutch"
CHERY,ARAUCA,ARAUCA,GUAYA DE VELOCIDAD,"cable de velocidad, guaya de cambios"
CHERY,ARAUCA,ARAUCA,GUIA DE VALVULA  ORIGINAL (JUEGO 16),guia de valvula del motor
CHERY,ARAUCA,ARAUCA,HORQUILLA 1Y2,"horquilla de suspension, brazo inferior"
CHERY,ARAUCA,ARAUCA,HORQUILLA 3Y4,"horquilla de suspension, brazo inferior"
CHERY,ARAUCA,ARAUCA,HORQUILLA 5TA Y RETROCESO,"horquilla de suspension, brazo inferior"
CHERY,ARAUCA,ARAUCA,HORQUILLA DE PALANCA LIBERADORA,"horquilla de suspension, brazo inferior"
CHERY,ARAUCA,ARAUCA,INYETOR  ORIGINAL C/U,inyector
CHERY,ARAUCA,ARAUCA,JUEGO CILINDRO CON LLAVE SIN CONTRO Y CHIP,juego de cilindros de freno
CHERY,ARAUCA,ARAUCA,JUEGO DE EMPACADURA CON TAPA VAL FINA NEGRA,"juego de empacaduras, kit de empacaduras"
CHERY,ARAUCA,ARAUCA,JUEGO DE EMPACADURA CON TAPA VAL MORADA,"juego de empacaduras, kit de empacaduras"
CHERY,ARAUCA,ARAUCA,JUEGO VALVULA ADMISION  (8),juego de valvulas del motor
CHERY,ARAUCA,ARAUCA,JUEGO VALVULA ESCAPE   (8),juego de valvulas del motor
CHERY,ARAUCA,ARAUCA,KIT DE TIEMPO ORIGINAL DOBLE COSTURA,kit de tiempo o distribucion
CHERY,ARAUCA,ARAUCA,KIT CROCHET ORIGINAL VALEO CON CAJA CHERY,"kit de embrague, kit de clutch"
CHERY,ARAUCA,ARAUCA,KIT DE REPARACION CAJETIN  ORIGINAL,kit de reparacion
CHERY,ARAUCA,ARAUCA,KIT DE REPARACION DE CALIPER ORIGINAL (2 PIEZAS),kit de reparacion
CHERY,ARAUCA,ARAUCA,KIT GOMA COPA CAJA  C/U,kit de gomas o bujes
CHERY,ARAUCA,ARAUCA,KIT GOMA PUNTA TRIPOIDE  C/U,kit de gomas o bujes
CHERY,ARAUCA,ARAUCA,LAME VIDRIO DEL. DER. AR,"laminas, cepillo limpiaparabrisas"
CHERY,ARAUCA,ARAUCA,LAME VIDRIO DEL. IZQ. AR,"laminas, cepillo limpiaparabrisas"
CHERY,ARAUCA,ARAUCA,LAME VIDRIO TRA. DER. AR,"laminas, cepillo limpiaparabrisas"
CHERY,ARAUCA,ARAUCA,LAME VIDRIO TRA. IZQ. AR,"laminas, cepillo limpiaparabrisas"
CHERY,ARAUCA,ARAUCA,LAPIZ DELANTE  C/U,"sensor lapiz, sonda"
CHERY,ARAUCA,ARAUCA,LLAVE VIGEN SOLA,"llave virgen, control remoto virgen"
CHERY,ARAUCA,ARAUCA,LOGO DE CHERY,"emblema chery, insignia chery"
CHERY,ARAUCA,ARAUCA,MAGUERA DE BOMBA DIRECCION  ALTA (LARGO),manguera de bomba
CHERY,ARAUCA,ARAUCA,MAGUERA DE BOMBA DIRECCION  BAJA,manguera de bomba
CHERY,ARAUCA,ARAUCA,MAGUERA DE CALEFACCION (TIPO 7)  1014211,manguera de calefaccion
CHERY,ARAUCA,ARAUCA,MAGUERA DE CALEFACCION  COMPLETO,manguera de calefaccion
CHERY,ARAUCA,ARAUCA,MAGUERA DE CALEFACCION LARGA  1014231,manguera de calefaccion
CHERY,ARAUCA,ARAUCA,MAGUERA DE CALEFACCION MAS FINITA 1014241,manguera de calefaccion
CHERY,ARAUCA,ARAUCA,MAGUERA DE CARCASA A CUERPO ACELERECION,manguera de carcasa
CHERY,ARAUCA,ARAUCA,MAGUERA DE PLATICO DE CARCASA TIPO S,manguera plastica
CHERY,ARAUCA,ARAUCA,MAGUERA DE RADIADOR  INFERIOR  1303111,manguera de radiador
CHERY,ARAUCA,ARAUCA,MAGUERA DE RADIADOR SUPERIOR   1303211,manguera de radiador
CHERY,ARAUCA,ARAUCA,MANDO DE SUBIR Y BAJAR VIDRIO,"control remoto, mando a distancia"
CHERY,ARAUCA,ARAUCA,MANDO DE SUBIR Y BAJAR VIDRIO PRINCIPAL,"control remoto, mando a distancia"
CHERY,ARAUCA,ARAUCA,MANGUERA FRENO DELANTERA 6010,manguera de freno
CHERY,ARAUCA,ARAUCA,MANGUERA FRENO TRASERA 6070,manguera de freno
CHERY,ARAUCA,ARAUCA,MANGUERA T PLATICO CON VALVULA PCV,manguera en forma de t
CHERY,ARAUCA,ARAUCA,MANILLAS DELANTERO EXTERNA DERECHA ORIGINAL,"manijas, agarraderas, manillas de puerta"
CHERY,ARAUCA,ARAUCA,MANILLAS DELANTERO EXTERNA IZQ ORIGINAL,"manijas, agarraderas, manillas de puerta"
CHERY,ARAUCA,ARAUCA,MANILLAS DELANTERO INTENA DER ORIGINAL,"manijas, agarraderas, manillas de puerta"
CHERY,ARAUCA,ARAUCA,MANILLAS DELANTERO INTENA IZQ ORIGINAL,"manijas, agarraderas, manillas de puerta"
CHERY,ARAUCA,ARAUCA,MANILLAS TRASERA EXTERNA DERECHA ORIGINAL,"manijas, agarraderas, manillas de puerta"
CHERY,ARAUCA,ARAUCA,MANILLAS TRASERA EXTERNA IZQ ORIGINAL,"manijas, agarraderas, manillas de puerta"
CHERY,ARAUCA,ARAUCA,MANILLAS TRASERA INTERNA DER ORIGINA,"manijas, agarraderas, manillas de puerta"
CHERY,ARAUCA,ARAUCA,MANILLAS TRASERA INTERNA IZQ ORIGINAL,"manijas, agarraderas, manillas de puerta"
CHERY,ARAUCA,ARAUCA,MARTILLO (16),"martillo neumatico, percutor"
CHERY,ARAUCA,ARAUCA,MECANISMO LIMPIAPARABRISAS DELANTERO,"mecanismo de limpiaparabrisas, varillaje de wiper"
CHERY,ARAUCA,ARAUCA,MECANISMO O PALANCA FRENO MANO COMPLETA,mecanismo de palanca de cambios
CHERY,ARAUCA,ARAUCA,MESETA DELANTERA DERECHA  C/U,"plato de clutch, meseta de embrague"
CHERY,ARAUCA,ARAUCA,MESETA DELANTERA IZQUIERDA C/U,"plato de clutch, meseta de embrague"
CHERY,ARAUCA,ARAUCA,MESETA TRASERA DERECHA ORIGINAL C/U,"plato de clutch, meseta de embrague"
CHERY,ARAUCA,ARAUCA,MESETA TRASERA IZQUIERDA ORIGINAL C/U,"plato de clutch, meseta de embrague"
CHERY,ARAUCA,ARAUCA,MODULO ABS,modulo de frenos abs
CHERY,ARAUCA,ARAUCA,MODULO DE CONTROL CON DOS CONTROL,"modulo de control, computadora chica"
CHERY,ARAUCA,ARAUCA,MODULO INMOVILIZADOR  ETIQUETA VERDE,"modulo de seguridad, modulo antirrobo"
CHERY,ARAUCA,ARAUCA,MOTOR DE LIMPIA PARABRISA,"motor limpiaparabrisas, motor de wiper"
CHERY,ARAUCA,ARAUCA,MOZO DELANTERO,"rotula, terminal de direccion"
CHERY,ARAUCA,ARAUCA,MOZO TRASERA  CJB ORIGINAL,"rotula, terminal de direccion"
CHERY,ARAUCA,ARAUCA,MOZO TRASERA SIN ABS Y ESPARAGO,"rotula, terminal de direccion"
CHERY,ARAUCA,ARAUCA,MULTIPLES ESCAPE,"multiples de admision, multiples de escape"
CHERY,ARAUCA,ARAUCA,ORIN DE ADMISION,"orin de puerta, bisagra"
CHERY,ARAUCA,ARAUCA,ORIN DE BOMBA ACEITE,"orin de puerta, bisagra"
CHERY,ARAUCA,ARAUCA,PALANCA NEGRO DE SEGURO PUERTA,palanca de cambios negra
CHERY,ARAUCA,ARAUCA,PARACHOQUE DELANTERO,"parachoques, defensa, bumper, bumera"
CHERY,ARAUCA,ARAUCA,PARRILLA O REJILLA DE CAPOT,"rejilla frontal, grill"
CHERY,ARAUCA,ARAUCA,PASTILLA FRENO DELANTERO  CON CAJA CHERY,"balata, pastillas de freno"
CHERY,ARAUCA,ARAUCA,PASTILLA FRENO DELANTERO  PLANTA CAJ AZUL,"balata, pastillas de freno"
CHERY,ARAUCA,ARAUCA,PEDAL ACELERACION COMPLETO,"pedal del acelerador, pedal de gas"
CHERY,ARAUCA,ARAUCA,PEDALERA,conjunto de pedales
CHERY,ARAUCA,ARAUCA,PILA GASOLINA  MARCA KG PICO MARRON,"bateria, acumulador"
CHERY,ARAUCA,ARAUCA,PILA GASOLINA BOSCH PICO NEGRO,"bateria, acumulador"
CHERY,ARAUCA,ARAUCA,PILA GASOLINA BOSCH PICO VERDE,"bateria, acumulador"
CHERY,ARAUCA,ARAUCA,PILA GASOLINA  MARCA CHERY PICO MARRON,"bateria, acumulador"
CHERY,ARAUCA,ARAUCA,PILA GASOLINA TENSO,"bateria, acumulador"
CHERY,ARAUCA,ARAUCA,PISTON STD ORIGINAL,"pistones, embolo"
CHERY,ARAUCA,ARAUCA,"PISTON 0.10/0,25","pistones, embolo"
CHERY,ARAUCA,ARAUCA,PISTON 0.20/0.50,"pistones, embolo"
CHERY,ARAUCA,ARAUCA,PISTON 0.30/0.75   CON ANILLOS,"pistones, embolo"
CHERY,ARAUCA,ARAUCA,PISTON 0.40/1.00   CON ANILLOS,"pistones, embolo"
CHERY,ARAUCA,ARAUCA,PLANETARIO DE ARRANQUE,"engranaje planetario, diferencial planetario"
CHERY,ARAUCA,ARAUCA,PLATO BASE FRENO DER CON BANDA Y CILINDRO,plato base de embrague
CHERY,ARAUCA,ARAUCA,PLATO BASE FRENO  IZQ CON BANDA Y CILINDRO,plato base de embrague
CHERY,ARAUCA,ARAUCA,PLATO CROCHET VALEO CON CAJA CHERY,"plato de embrague, plato de clutch"
CHERY,ARAUCA,ARAUCA,POLEA DE CORREA TIEMPO ORIGINAL,"polea de correa, polea de alternador"
CHERY,ARAUCA,ARAUCA,POMO PALANCA  ORIGINAL,"pomo de palanca, perilla de cambios"
CHERY,ARAUCA,ARAUCA,PUNTA TRIPOIDE 21X23 ORIGINAL,"punta trioide, homocinetica interna"
CHERY,ARAUCA,ARAUCA,RADIADOR  CHERY,"radiador de agua, panal"
CHERY,ARAUCA,ARAUCA,REGULADOR DE ALTERNADOR ORIGINAL,"regurador, regulador de alternador, regulador de voltaje"
CHERY,ARAUCA,ARAUCA,REGULADOR PARA BOMBA GASOLINA NOMAL,"regurador, regulador de alternador, regulador de voltaje"
CHERY,ARAUCA,ARAUCA,REGURADOR PARA BOMBA GASOLINA ORIGINAL,regulador
CHERY,ARAUCA,ARAUCA,REJILLA AIRE CENTRAL,"parrilla, rejilla de aire"
CHERY,ARAUCA,ARAUCA,REJILLA AIRE DER AR,"parrilla, rejilla de aire"
CHERY,ARAUCA,ARAUCA,REJILLA AIRE IZQ AR,"parrilla, rejilla de aire"
CHERY,ARAUCA,ARAUCA,RELE 19  C/U,"rele electrico, relay"
CHERY,ARAUCA,ARAUCA,RELE 21  C/U,"rele electrico, relay"
CHERY,ARAUCA,ARAUCA,RELE 53 ( 4 PATA),"rele electrico, relay"
CHERY,ARAUCA,ARAUCA,RELE NEGRO MAS PER QUE RELE 53 (4 PATA),"rele electrico, relay"
CHERY,ARAUCA,ARAUCA,RETROVISOR DERECHO,"espejo, espejo lateral"
CHERY,ARAUCA,ARAUCA,RETROVISOR IZQUIERDO,"espejo, espejo lateral"
CHERY,ARAUCA,ARAUCA,RINER ARAUCA C/U,"riner de puerta, canal de vidrio"
CHERY,ARAUCA,ARAUCA,RINER ARAUCA C/U,"riner de puerta, canal de vidrio"
CHERY,ARAUCA,ARAUCA,ROCIADOR DE ACEITE,"rociador de limpiaparabrisas, boquilla lavaparabrisas"
CHERY,ARAUCA,ARAUCA,RODAMIENTO DELANTERO ORIGINAL DE PLANTA  CJB,"rolinera, bearing"
CHERY,ARAUCA,ARAUCA,ROLINERA AGUJA DE CAJA 1/2,"rodamiento, bearing"
CHERY,ARAUCA,ARAUCA,ROLINERA AGUJA DE CAJA 3/4,"rodamiento, bearing"
CHERY,ARAUCA,ARAUCA,ROLINERA AGUJA DE CAJA 5,"rodamiento, bearing"
CHERY,ARAUCA,ARAUCA,ROLINERA AMORTIGUADOR,"rodamiento, bearing"
CHERY,ARAUCA,ARAUCA,ROLINERA CAJA  30206 (SALI DEL),"rodamiento, bearing"
CHERY,ARAUCA,ARAUCA,ROLINERA CAJA  32205 (SALI TRASERA),"rodamiento, bearing"
CHERY,ARAUCA,ARAUCA,ROTULA  ORIGINAL,"rotula de suspension, terminal, punta de eje, mozo"
CHERY,ARAUCA,ARAUCA,SAPITO LIMPIA PARABRISA  C/U,"conector sapito, empalme electrico"
CHERY,ARAUCA,ARAUCA,SELENOIDES CON CERRADURA DE PUERTA DELNTERO IZQ,"selenoide, solenoides"
CHERY,ARAUCA,ARAUCA,SELENOIDES CON CERRADURA PUERTA DELNTERO DERECHA,"selenoide, solenoides"
CHERY,ARAUCA,ARAUCA,SELENOIDES CON CERRADURA PUERTA TRASERA DERECHA,"selenoide, solenoides"
CHERY,ARAUCA,ARAUCA,SELENOIDES CON CERRADURA PUERTA TRASERA IZQ,"selenoide, solenoides"
CHERY,ARAUCA,ARAUCA,SENSOR DE ABS DELANTERO DERECHA  C/U,sensor de frenos abs
CHERY,ARAUCA,ARAUCA,SENSOR DE ABS DELANTERO IZQ   C/U,sensor de frenos abs
CHERY,ARAUCA,ARAUCA,SENSOR DE ABS TRASERA DERECHA  C/U,sensor de frenos abs
CHERY,ARAUCA,ARAUCA,SENSOR DE ABS TRASERA IZQ  C/U,sensor de frenos abs
CHERY,ARAUCA,ARAUCA,SENSOR DE ARBOL DE LEVA  BOSCH ORIGINAL,sensor de arbol de leva
CHERY,ARAUCA,ARAUCA,SENSOR DE CIGUEÑAL  BOSCH,sensor de cigueñal
CHERY,ARAUCA,ARAUCA,SENSOR DETONACION GOLPETEO,"sensor de golpeteo, sensor knock"
CHERY,ARAUCA,ARAUCA,SENSOR MAF  ORIGINAL BOSCH,sensor de flujo de aire
CHERY,ARAUCA,ARAUCA,SENSOR OXIGENO  ORIGINAL,"sonda lambda, sensor de oxigeno"
CHERY,ARAUCA,ARAUCA,SENSOR VELOCIDAD O ODOMETRO ORIGINAL,sensor de velocidad
CHERY,ARAUCA,ARAUCA,SINCRONIZADOR 1/2TA CAJA,"sincronizador de caja, cubo sincronizador"
CHERY,ARAUCA,ARAUCA,SINCRONIZADOR 3/4TA CAJA,"sincronizador de caja, cubo sincronizador"
CHERY,ARAUCA,ARAUCA,SINCRONIZADOR 5TA CAJA,"sincronizador de caja, cubo sincronizador"
CHERY,ARAUCA,ARAUCA,STOP DERECHA  CON BOMBILLOS,"luz trasera, calavera"
CHERY,ARAUCA,ARAUCA,STOP IZQ  CON BOMBILLOS,"luz trasera, calavera"
CHERY,ARAUCA,ARAUCA,TAMBOR TRASERA ARAUCA C/U,tambor de freno
CHERY,ARAUCA,ARAUCA,TANQUE DE GASOLINA CON BOMBA Y MANGUERA,"deposito, tanque de gasolina"
CHERY,ARAUCA,ARAUCA,TANQUE RADIADOR INFERIO NEGRO  ORIGINAL,"deposito, tanque de gasolina"
CHERY,ARAUCA,ARAUCA,TANQUE RADIADOR SUPERIO NEGRO  ORIGINAL,"deposito, tanque de gasolina"
CHERY,ARAUCA,ARAUCA,TAPA ACEITE NEGRO,tapa de aceite del motor
CHERY,ARAUCA,ARAUCA,TAPA BLANCA DE BOMBA GASOLINA,tapa blanca de motor
CHERY,ARAUCA,ARAUCA,TAPA DE KIT DE CORREA TIEMPA EXTERNA  (2),tapa de kit
CHERY,ARAUCA,ARAUCA,TAPA DE TANQUE GASOLINA NEGRO,tapa de tanque de gasolina
CHERY,ARAUCA,ARAUCA,TAPA NEGRO DE BOMBA GASOLINA,tapa negra de motor
CHERY,ARAUCA,ARAUCA,TAPA RADIADOR ORIGINAL,tapa de radiador
CHERY,ARAUCA,ARAUCA,TAPA DE REJILLA AIRE DE CENTRAL ARAUCA,tapa de rejilla
CHERY,ARAUCA,ARAUCA,TAPA SOL DER  ORIGINAL,"visera, parasol"
CHERY,ARAUCA,ARAUCA,TAPA SOL IZQ  ORIGINAL,"visera, parasol"
CHERY,ARAUCA,ARAUCA,TAPA VALVULA  COMPLETO,tapa de valvulas del motor
CHERY,ARAUCA,ARAUCA,TAPITA DE RINES  CHERY ORIGINAL PLANTA C/U,"tapones de rines, copas de rines"
CHERY,ARAUCA,ARAUCA,TAPITA RIN  COLOR NEGRO TRAE LETRA R (TRAE 4),"tapon de rin, copa de rin"
CHERY,ARAUCA,ARAUCA,TAQUETES,"taquete, levantaválvulas, buzos"
CHERY,ARAUCA,ARAUCA,TENSOR DE CORREA TIEMPO ORIGINAL  (NTN),"tensor de correa, polea tensora"
CHERY,ARAUCA,ARAUCA,TENSOR TIEMPO ORIGINAL CON TIJERAS (NTN),"tensor de correa, polea tensora"
CHERY,ARAUCA,ARAUCA,TERMINAL  ORIGINAL,terminal de direccion
CHERY,ARAUCA,ARAUCA,TERMOSTATO  ORIGINAL,"termotasto, termostato de agua"
CHERY,ARAUCA,ARAUCA,TOMA DE TERMOSTATO O AGUA  ORIGINAL,"toma del termostato, carcasa del termostato"
CHERY,ARAUCA,ARAUCA,TORNILLOS DE CAMARA  (LARGO NEGRO) C/U,"birlos, pernos"
CHERY,ARAUCA,ARAUCA,TORNILLOS DE CARTER MOTOR,"birlos, pernos"
CHERY,ARAUCA,ARAUCA,TUBERIA DE AGUA PRINCIPAL ARAUCA ORIGINAL,"tuberia de agua, manguera de agua"
CHERY,ARAUCA,ARAUCA,VALVULA DE EXPANCION X1,"valvula de expansion, valvula de aire acondicionado"
CHERY,ARAUCA,ARAUCA,VALVULA DE FRENO  ORIGINAL,valvula de freno
CHERY,ARAUCA,ARAUCA,VALVULA DE PRESOSTATICA AIRE,valvula presostatica de aire acondicionado
CHERY,ARAUCA,ARAUCA,VALVULA DIRECCION HIDRAULICA (QQ6),valvula de direccion hidraulica
CHERY,ARAUCA,ARAUCA,VALVULA EGR DE GASES,"valvula egr, recirculacion de gases"
CHERY,ARAUCA,ARAUCA,VALVULA PCV  ORIGINAL,"valvula pcv, valvula de gases de carter"
CHERY,ARAUCA,ARAUCA,VALVULA PEDAL DE CROCHET,"valvula de pedal, valvula de freno"
CHERY,ARAUCA,ARAUCA,VALVULA PRESION ACEITE LARGA,valvula de presion de aceite o aire
CHERY,ARAUCA,ARAUCA,VALVULA PRESION ACEITE CORTA,valvula de presion de aceite o aire
CHERY,ARAUCA,ARAUCA,VALVULA RETROCESO  ORIGINAL,valvula de reversa
CHERY,ARAUCA,ARAUCA,VALVULA TEMPERATURA ORIGINAL  BOSCH,valvula de temperatura
CHERY,ARAUCA,ARAUCA,VARILLA ACEITE,"varilla de aceite, bayoneta"
CHERY,ARAUCA,ARAUCA,Y PLATICO,
CHERY,ORINOCO,ORINOCO,ACOPLE DIRECCION  NEGRO,"acople de rueda, cubo de rueda, maza"
CHERY,ORINOCO,ORINOCO,ALTERNADOR  ORIGINAL,"dinamo, generador"
CHERY,ORINOCO,ORINOCO,AMORTIGUADOR DELANTERO CON ESPIRALES OR KG (EL PAR),"suspension, amortiguacion, shock"
CHERY,ORINOCO,ORINOCO,AMORTIGUADOR DELANTERO DERECHA  ORIGINAL,"suspension, amortiguacion, shock"
CHERY,ORINOCO,ORINOCO,AMORTIGUADOR DELANTERO IZQUIERDA  ORIGINAL,"suspension, amortiguacion, shock"
CHERY,ORINOCO,ORINOCO,AMORTIGUADOR TRASERA  ORIGINAL C/U,"suspension, amortiguacion, shock"
CHERY,ORINOCO,ORINOCO,AMORTIGUADOR MALETA ORIGINAL C/U,"suspension, amortiguacion, shock"
CHERY,ORINOCO,ORINOCO,ANILLOS ESTANDA  STD ORIGINAL,"aros de piston, rines de piston, segmentos"
CHERY,ORINOCO,ORINOCO,"ANILLOS 0.10/0,25 ORIGINAL","aros de piston, rines de piston, segmentos"
CHERY,ORINOCO,ORINOCO,ANILLOS 0.20/0.50 ORIGINAL,"aros de piston, rines de piston, segmentos"
CHERY,ORINOCO,ORINOCO,ANILLOS 0.30/0.75 CON JUEGO PISTON OR,"aros de piston, rines de piston, segmentos"
CHERY,ORINOCO,ORINOCO,ANILLOS 0.40/1.00 CON JUEGO PISTON OR,"aros de piston, rines de piston, segmentos"
CHERY,ORINOCO,ORINOCO,ANTENA  ORIGINAL,antenita
CHERY,ORINOCO,ORINOCO,ANTENA INMOVILIZADOR,antenita
CHERY,ORINOCO,ORINOCO,ANTINIEBLA  DER,"luz antiniebla derecha, faro antiniebla derecho, neblinero derecho"
CHERY,ORINOCO,ORINOCO,ANTINIEBLA  IZQ,"luz antiniebla izquierda, faro antiniebla izquierdo, neblinero izquierdo"
CHERY,ORINOCO,ORINOCO,ANTIRUIDO DE FRENO (1 RUEDA),"parachispas de freno, aislante de ruido de pastilla"
CHERY,ORINOCO,ORINOCO,"ARBOL DE LEVA ADMISION  ORIGINAL APLICA TIGGO 2,0, X5 Y H5","arbol de leva, eje de levas, camshaft"
CHERY,ORINOCO,ORINOCO,"ARBOL DE LEVA ESCAPE  ORIGINAL APLICA TIGGO 2,0, X5 Y H5","arbol de leva, eje de levas, camshaft"
CHERY,ORINOCO,ORINOCO,ARO BRONCE SINCRONIZADOR  C/U,"aro sincronizador, sincro"
CHERY,ORINOCO,ORINOCO,ARRANQUE  ORIGINAL,"motor de arranque, marcha, burro de arranque, swich de arranque"
CHERY,ORINOCO,ORINOCO,AUTOMATICO ARRANQUE  (2 HUECO),"rele automatico de arranque, solenoide de arranque"
CHERY,ORINOCO,ORINOCO,AUTOMATICO ARRANQUE  (4 HUECO),"rele automatico de arranque, solenoide de arranque"
CHERY,ORINOCO,ORINOCO,AUTOMATICO ARRANQUE  (3 HUECO),"rele automatico de arranque, solenoide de arranque"
CHERY,ORINOCO,ORINOCO,AXILALES STD,"rotulas axiales, terminales axiales"
CHERY,ORINOCO,ORINOCO,AXIALES 0.10/0.25,"rotulas axiales, terminales axiales"
CHERY,ORINOCO,ORINOCO,AXIALES 0.20/0.50,"rotulas axiales, terminales axiales"
CHERY,ORINOCO,ORINOCO,BABERO DELANTERO DE PARACHOQUE,"babero delantero, spoiler delantero"
CHERY,ORINOCO,ORINOCO,BANDA DE FRENO DE MANO,"banda de freno de mano, cinta de freno de mano"
CHERY,ORINOCO,ORINOCO,BASE AMORTIGUADOR  ORIGINAL,"copa de amortiguador, soporte de amortiguador"
CHERY,ORINOCO,ORINOCO,BASE ANTINEIBLA DERECHA,"soporte antiniebla, base antiniebla"
CHERY,ORINOCO,ORINOCO,BASE ANTINEIBLA IZQ,"soporte antiniebla, base antiniebla"
CHERY,ORINOCO,ORINOCO,BASE CENTRA DE PARACHOQUE TRASERA,"base central de parachoques, soporte central"
CHERY,ORINOCO,ORINOCO,BASE DE FILTRO ACEITE,"base de filtro de aceite, soporte de filtro"
CHERY,ORINOCO,ORINOCO,BASE DE FLEXIBLE ORINOCO,base de manguera flexible
CHERY,ORINOCO,ORINOCO,BASE DE TERMOSTATO  ORIGINAL,"carcasa del termostato, soporte de termostato"
CHERY,ORINOCO,ORINOCO,BASE MOTOR DERECHA  ORIGINAL COMPLETO,"soporte de motor, cuna de motor, taco de motor"
CHERY,ORINOCO,ORINOCO,BASE MOTOR DERECHA  ORIGINAL SIN PLAZO,"soporte de motor, cuna de motor, taco de motor"
CHERY,ORINOCO,ORINOCO,BASE MOTOR IZQ  ORIGINAL,"soporte de motor, cuna de motor, taco de motor"
CHERY,ORINOCO,ORINOCO,BASE MOTOR TRASERA ABAJO  ORIGINAL PLATEA,"soporte de motor, cuna de motor, taco de motor"
CHERY,ORINOCO,ORINOCO,BASE MOTOR TRASERA ARRIBA NEGRO ORIGINAL,"soporte de motor, cuna de motor, taco de motor"
CHERY,ORINOCO,ORINOCO,BASE O BANDEJA ESPIRALES DEL SUPERIOR,"bandeja de espirales, base de espiral"
CHERY,ORINOCO,ORINOCO,BASE PARACHOQUE DEL DER,"soporte de parachoques, base de defensa"
CHERY,ORINOCO,ORINOCO,BASE PARACHOQUE DEL IZQ,"soporte de parachoques, base de defensa"
CHERY,ORINOCO,ORINOCO,BASE PLATICO DE PLACA,"base plastica, soporte plastico"
CHERY,ORINOCO,ORINOCO,BASE SOPORTE PARACHOQUE TRASERA DER,"soporte, base de motor"
CHERY,ORINOCO,ORINOCO,BASE SOPORTE PARACHOQUE TRASERA IZQ,"soporte, base de motor"
CHERY,ORINOCO,ORINOCO,BOBINA ENCENDIDO BOSCH ORIGINAL,"bobina de encendido, coil"
CHERY,ORINOCO,ORINOCO,BOMBA AGUA ORIGINAL PLANTA,"bomba de agua, bomba del radiador"
CHERY,ORINOCO,ORINOCO,BOMBA DE AGUA  ORIGINAL CHERY,"bomba de agua, bomba del radiador"
CHERY,ORINOCO,ORINOCO,BOMBA ACEITE  484 (BARATA),bomba de aceite del motor
CHERY,ORINOCO,ORINOCO,BOMBA ACEITE ORIGINAL CHERY  484FC,bomba de aceite del motor
CHERY,ORINOCO,ORINOCO,BOMBA DE FRENO  ORIGINAL,"bomba de freno, cilindro maestro de freno"
CHERY,ORINOCO,ORINOCO,BOMBA DE GASOLINA  COMPLETO ORIGINAL,"bomba de gasolina, bomba de combustible"
CHERY,ORINOCO,ORINOCO,BOMBA DIRECCION  AUTOMATICO,bomba de direccion hidraulica
CHERY,ORINOCO,ORINOCO,BOMBA O MOTOR WIPER LIMPIA PARABRISAS  ORIGINAL,bomba de aceite del motor
CHERY,ORINOCO,ORINOCO,BOMBIN INFERIOR ORIGINAL,"bombin inferior de embrague, cilindro esclavo"
CHERY,ORINOCO,ORINOCO,BOMBIN SUPERIOR ORIGINAL  TROKELIADO CHERY,"bombin superior de embrague, cilindro maestro de clutch"
CHERY,ORINOCO,ORINOCO,BRAZO BIELA ORIGINAL,"brazo de suspension, brazo axial, biela"
CHERY,ORINOCO,ORINOCO,BUJE BUMERAN EXTERNA TRASERA ORIGINAL N30,"bujes, buches, goma de suspension, silentblock"
CHERY,ORINOCO,ORINOCO,BUJE BUMERAN INTERNO TRASERA ORIGINAL N50,"bujes, buches, goma de suspension, silentblock"
CHERY,ORINOCO,ORINOCO,BUJE GOMAS DE BARRA ESTABILIZADORA ORIG CON MERTALICA,"bujes, buches, goma de suspension, silentblock"
CHERY,ORINOCO,ORINOCO,BUJE GRANDE DE MESETA TRASERA ORIGINAL,"bujes, buches, goma de suspension, silentblock"
CHERY,ORINOCO,ORINOCO,BUJE GRANDE MESETA DELANTERO,"bujes, buches, goma de suspension, silentblock"
CHERY,ORINOCO,ORINOCO,BUJE PEQ  MESETA DELANTERO,"bujes, buches, goma de suspension, silentblock"
CHERY,ORINOCO,ORINOCO,BUJE PEQ  MESETA DELANTERO  ORIGINAL PLANTA,"bujes, buches, goma de suspension, silentblock"
CHERY,ORINOCO,ORINOCO,BUJE GRANDE MESETA DELANTERO  ORIGINAL PLANTA,"bujes, buches, goma de suspension, silentblock"
CHERY,ORINOCO,ORINOCO,BUJE TRASERA COMPLETO  ORIGINAL (14 BUJE),"bujes, buches, goma de suspension, silentblock"
CHERY,ORINOCO,ORINOCO,BUJE TRASERA N 111030,"bujes, buches, goma de suspension, silentblock"
CHERY,ORINOCO,ORINOCO,BUJE TRASERA N 40,"bujes, buches, goma de suspension, silentblock"
CHERY,ORINOCO,ORINOCO,BUJE TRASERA N 60,"bujes, buches, goma de suspension, silentblock"
CHERY,ORINOCO,ORINOCO,BUJE TRASERA N 70,"bujes, buches, goma de suspension, silentblock"
CHERY,ORINOCO,ORINOCO,BUJIA  BOSCH     3ELETR,"bujias, candela, candelas"
CHERY,ORINOCO,ORINOCO,BUJIA  CHERY     3ELETR,"bujias, candela, candelas"
CHERY,ORINOCO,ORINOCO,BUJIA  TORCH     3ELRTR,"bujias, candela, candelas"
CHERY,ORINOCO,ORINOCO,BUJIA CHERY 3 ELECTRODO CAJA 10 UNIDADES,"bujias, candela, candelas"
CHERY,ORINOCO,ORINOCO,BUJIA PUNTA PLATINO LETRA AZUL (4 BUJIA),"bujias, candela, candelas"
CHERY,ORINOCO,ORINOCO,BUMERA INFERIOR TRASERA DER CON BUJE  ORIG,"parachoques trasero, bumper"
CHERY,ORINOCO,ORINOCO,BUMERA INFERIOR TRASERA IZQ CON BUJE  ORIG,"parachoques trasero, bumper"
CHERY,ORINOCO,ORINOCO,BUMERA SUPERIO TRANSERA CON BUJE  ORIG 2919110,"parachoques trasero, bumper"
CHERY,ORINOCO,ORINOCO,CABLES DE BUJIA  ORIGINAL DE PLANTA SEPARADO  (JUEGO),"cables de bujias, cableado de encendido"
CHERY,ORINOCO,ORINOCO,CAJA  ORGINAL SINCRONICA,"caja de velocidades original, transmision original"
CHERY,ORINOCO,ORINOCO,CAJETIN ELECTROASISTIDO  SIN ACCESORIO,"caja de direccion, cremallera de direccion"
CHERY,ORINOCO,ORINOCO,CAJETIN USA BOMBA DIRECION  COMPLETO,"caja de direccion, cremallera de direccion"
CHERY,ORINOCO,ORINOCO,CAMARA COMPLETO ORIGINAL,"camara de aire, tripa"
CHERY,ORINOCO,ORINOCO,CAMARA VACIA ORINOCO ORIGINAL,"camara de aire, tripa"
CHERY,ORINOCO,ORINOCO,CARTER MOTOR,"carter de motor, colador de aceite, bandeja de aceite"
CHERY,ORINOCO,ORINOCO,CATALIZADOR,"mofle catalitico, convertidor catalitico"
CHERY,ORINOCO,ORINOCO,CEPILLO LIMPIA PARABRISAS EL JUEGO,"escobilla, plumilla, limpiaparabrisas"
CHERY,ORINOCO,ORINOCO,CERRADURA DE CAPOT  ORIGINAL,"chapa, seguro"
CHERY,ORINOCO,ORINOCO,CERRADURA DE MALETA  ORIGINAL,"chapa, seguro"
CHERY,ORINOCO,ORINOCO,CIGUEÑAL  484J ORIGINAL,"cigüeñal, eje cigueñal, crankshaft"
CHERY,ORINOCO,ORINOCO,CINTA O RELOJ DE VOLANTE AZUL,"cinta reloj de volante, resorte de bocina"
CHERY,ORINOCO,ORINOCO,COCUYO  DER,"luz lateral, cocuyo de guardafango, marker light"
CHERY,ORINOCO,ORINOCO,COCUYO  IZQ,"luz lateral, cocuyo de guardafango, marker light"
CHERY,ORINOCO,ORINOCO,COLLARIN DE CROCHET  ORIGINAL LUK CAJA CHERY,"rodamiento de embrague, collarin de clutch"
CHERY,ORINOCO,ORINOCO,COMPRESOR  ORIGINAL AUTOMATICO,"compresor de aire acondicionado, compresor ac"
CHERY,ORINOCO,ORINOCO,COMPRESOR  ORIGINAL SINCRIDICA,"compresor de aire acondicionado, compresor ac"
CHERY,ORINOCO,ORINOCO,COMPUTADORA,"computdora, ecu, modulo de control, cerebro del carro"
CHERY,ORINOCO,ORINOCO,COMUTADOR DE LUCES,"conmutador, switch de luces"
CHERY,ORINOCO,ORINOCO,COMUTADOR DE ENCENDIDO,"conmutador, switch de luces"
CHERY,ORINOCO,ORINOCO,CONCHA DE BANCADA 0.10/0.25,"conchas, cocnhas, cojinete, metal de biela"
CHERY,ORINOCO,ORINOCO,CONCHA DE BANCADA 0.20/0.50,"conchas, cocnhas, cojinete, metal de biela"
CHERY,ORINOCO,ORINOCO,CONCHA DE BANCADA 0.30/0.75,"conchas, cocnhas, cojinete, metal de biela"
CHERY,ORINOCO,ORINOCO,CONCHA DE BANCADA 0.401/1.00,"conchas, cocnhas, cojinete, metal de biela"
CHERY,ORINOCO,ORINOCO,CONCHA DE BANCADA STD,"conchas, cocnhas, cojinete, metal de biela"
CHERY,ORINOCO,ORINOCO,CONCHA DE BIELA 0.10/0.25,"conchas, cocnhas, cojinete, metal de biela"
CHERY,ORINOCO,ORINOCO,CONCHA DE BIELA 0.20/0.50,"conchas, cocnhas, cojinete, metal de biela"
CHERY,ORINOCO,ORINOCO,CONCHA DE BIELA 0.30/0.75,"conchas, cocnhas, cojinete, metal de biela"
CHERY,ORINOCO,ORINOCO,CONCHA DE BIELA 0.40/1.00,"conchas, cocnhas, cojinete, metal de biela"
CHERY,ORINOCO,ORINOCO,CONCHA DE BIELAS STD,"conchas, cocnhas, cojinete, metal de biela"
CHERY,ORINOCO,ORINOCO,CONDENSADOR  ORIGINAL,"condensador de aire acondicionado, radiador de ac"
CHERY,ORINOCO,ORINOCO,CONECTOR CON CABLE BOMBA GASOLINA,"conector electrico, empalme"
CHERY,ORINOCO,ORINOCO,CORNETA ALTA,"coneta, bocina, claxon"
CHERY,ORINOCO,ORINOCO,CORNETA BAJA,"coneta, bocina, claxon"
CHERY,ORINOCO,ORINOCO,COPA CAJA 25*24 ORIGINAL SINC,copa de caja de velocidades
CHERY,ORINOCO,ORINOCO,COPA CAJA 25*29 ORIGINAL SINC,copa de caja de velocidades
CHERY,ORINOCO,ORINOCO,CORREA DE TIEMPO MARCA CHERY CLASE A,"correo, banda, faja"
CHERY,ORINOCO,ORINOCO,CORREA TIEMPO  DOBLE COSTURA NOMAL,"correo, banda, faja"
CHERY,ORINOCO,ORINOCO,CORREA DE TIEMPO  ORIGINAL DE PLANTA,"correo, banda, faja"
CHERY,ORINOCO,ORINOCO,CORREA UNICA  1540 ORIGINAL SINC,"correo, banda, faja"
CHERY,ORINOCO,ORINOCO,CORREA UNICA  1628 ORIGINAL AUTOMATICO TIGGO,"correo, banda, faja"
CHERY,ORINOCO,ORINOCO,CROCHERA DE COMPRESOR  AUTOMATICA,"soporte de embrague, horquilla de clutch"
CHERY,ORINOCO,ORINOCO,CROCHERA DE COMPRESOR  SINCRONICA,"soporte de embrague, horquilla de clutch"
CHERY,ORINOCO,ORINOCO,CUERPO ACELERACION  ORIGINAL,"cuerpo de aceleracion, guerpo de aceleracion, throttle body"
CHERY,ORINOCO,ORINOCO,DAMPE DE MOTOR  484J,"damper, polea amortiguadora, polea cigueñal"
CHERY,ORINOCO,ORINOCO,DAMPE DE MOTOR  484J PLANTA,"damper, polea amortiguadora, polea cigueñal"
CHERY,ORINOCO,ORINOCO,DISCO CROCHET  ORGINAL,disco de freno
CHERY,ORINOCO,ORINOCO,DISCO FRENOS DELANTERO,disco de freno
CHERY,ORINOCO,ORINOCO,DISCO DE FRENOS TRASERA,disco de freno
CHERY,ORINOCO,ORINOCO,ELECTROVENTILADOR  ORIGINAL,"electro, ventilador electrico, abanico electrico"
CHERY,ORINOCO,ORINOCO,ELEVAVIDRIO DERECHA DELANTERO,"control eleva vidrio, motor de vidrio, vidrio electrico"
CHERY,ORINOCO,ORINOCO,ELEVAVIDRIO DERECHA TRASERA,"control eleva vidrio, motor de vidrio, vidrio electrico"
CHERY,ORINOCO,ORINOCO,ELEVAVIDRIO IZQ DELANTERO,"control eleva vidrio, motor de vidrio, vidrio electrico"
CHERY,ORINOCO,ORINOCO,ELEVAVIDRIO IZQ TRASERA,"control eleva vidrio, motor de vidrio, vidrio electrico"
CHERY,ORINOCO,ORINOCO,EMPACADURA DE CAMARA  AMIENTO,"empacadula, junta de motor, empaque"
CHERY,ORINOCO,ORINOCO,EMPACADURA DE CAMARA METALICA,"empacadula, junta de motor, empaque"
CHERY,ORINOCO,ORINOCO,EMPACADURA TAPA VALVULA  FINA ORIGINAL,"empacadula, junta de motor, empaque"
CHERY,ORINOCO,ORINOCO,EMPACADURA TAPA VALVULA  GRUESO,"empacadula, junta de motor, empaque"
CHERY,ORINOCO,ORINOCO,EMPACADURA ADMISION,"empacadula, junta de motor, empaque"
CHERY,ORINOCO,ORINOCO,EMPACADURA DE BOMBA ACEITE  ORIGINAL,"empacadula, junta de motor, empaque"
CHERY,ORINOCO,ORINOCO,ENFRIADOR DE ACEITE,"radiador de aceite, intercambiador de calor"
CHERY,ORINOCO,ORINOCO,ENGRANAJES IMPULSOR 3 ERA 35,"engranaje, piñones, coronas"
CHERY,ORINOCO,ORINOCO,ENGRANAJES IMPULSOR 4TA 35,"engranaje, piñones, coronas"
CHERY,ORINOCO,ORINOCO,ENGRANAJES IMPULSOR 5TA,"engranaje, piñones, coronas"
CHERY,ORINOCO,ORINOCO,ENVASE DE AGUA O RESERVORIO  ORIGINAL,"deposito de agua, tanque de agua"
CHERY,ORINOCO,ORINOCO,ESPARRAGO RUEDA (5 PIEZAS),"birlo largo, prisionero"
CHERY,ORINOCO,ORINOCO,ESPIRALES DELANTEROS  ORIGINAL C/U,"resortes helicoidales, muelles espirales"
CHERY,ORINOCO,ORINOCO,ESPIRALES TRASERA  ORIGINAL C/U,"resortes helicoidales, muelles espirales"
CHERY,ORINOCO,ORINOCO,ESTOPELA ARBOL LEVA  PLANTA,"estopera, reten, sello de aceite"
CHERY,ORINOCO,ORINOCO,ESTOPERA COPA CAJA,"estopela, reten, sello de aceite"
CHERY,ORINOCO,ORINOCO,ESTOPERA DELANTERO CIGUEÑAL,"estopela, reten, sello de aceite"
CHERY,ORINOCO,ORINOCO,ESTOPERA TRASERA CIGÜEÑAL,"estopela, reten, sello de aceite"
CHERY,ORINOCO,ORINOCO,ESTRIBO DER,"pisadera, estribo lateral"
CHERY,ORINOCO,ORINOCO,ESTRIBO IZQ,"pisadera, estribo lateral"
CHERY,ORINOCO,ORINOCO,EVAPORADOR,"evaporador de aire acondicionado, serpentin de ac"
CHERY,ORINOCO,ORINOCO,FARO  DER AUT,"luz delantera, optico"
CHERY,ORINOCO,ORINOCO,FARO  IZQ AUT,"luz delantera, optico"
CHERY,ORINOCO,ORINOCO,FILTRO AIRE ANTIPOIRE,"fitro, filtro de aceite, filtro de aire, filtro de gasolina"
CHERY,ORINOCO,ORINOCO,FILTRO DE AIRE DE MOTOR ORINOCO ORIGINAL,"fitro, filtro de aceite, filtro de aire, filtro de gasolina"
CHERY,ORINOCO,ORINOCO,FILTRO DE BAMBA GASOLINA INTERNA REDONDO,"fitro, filtro de aceite, filtro de aire, filtro de gasolina"
CHERY,ORINOCO,ORINOCO,FILTRO ACEITE ORINOCO ORIGINAL,"fitro, filtro de aceite, filtro de aire, filtro de gasolina"
CHERY,ORINOCO,ORINOCO,FILTRO GASOLINA ORIGINAL CHERY,"fitro, filtro de aceite, filtro de aire, filtro de gasolina"
CHERY,ORINOCO,ORINOCO,FILTRO SECADOR DE AIRE,"fitro, filtro de aceite, filtro de aire, filtro de gasolina"
CHERY,ORINOCO,ORINOCO,FLEXIBLE  ORIGINAL,"manguera flexible, tuberia flexible"
CHERY,ORINOCO,ORINOCO,FLOTANTE DE BOMBA GASOLINA,"flotatante, sensor de nivel, boya de gasolina"
CHERY,ORINOCO,ORINOCO,FUSILERA DE BATERIA,"caja de fusibles, porta fusibles"
CHERY,ORINOCO,ORINOCO,FUSILERA DE PRINCIPAL,"caja de fusibles, porta fusibles"
CHERY,ORINOCO,ORINOCO,GOMAS DE ESCAPE FLEXIBLE ORIGINAL,"goma, bujes, empaques de goma"
CHERY,ORINOCO,ORINOCO,GOMA CUADRA DE TANQUE RADIADOR,"gomas, buje, empaque de goma"
CHERY,ORINOCO,ORINOCO,GOMA TAPA DECORATIVA DE MOTOR  C/U,"gomas, buje, empaque de goma"
CHERY,ORINOCO,ORINOCO,GOMAS DE ABAJO DE PARABRISAS,"goma, bujes, empaques de goma"
CHERY,ORINOCO,ORINOCO,GOMAS ESPILARLES INFERIOR,"goma, bujes, empaques de goma"
CHERY,ORINOCO,ORINOCO,GOMAS ESPIRALES SUPERIOR,"goma, bujes, empaques de goma"
CHERY,ORINOCO,ORINOCO,GOMAS NEGRO REDONDO PARA GASOLINA,"goma, bujes, empaques de goma"
CHERY,ORINOCO,ORINOCO,GORROS DE VALVULA MARCA SKF ORIGINAL PLANTA(JUEGO 16),"tapas de ruedas, gorros de rueda"
CHERY,ORINOCO,ORINOCO,GORROS O GOMAS VALVULA  COLOR NEGRO (JUEGO 16),"tapas de ruedas, gorros de rueda"
CHERY,ORINOCO,ORINOCO,GUADA POLVO RUEDA DER,"guardapolvo, guardarpolvo, fuelle"
CHERY,ORINOCO,ORINOCO,GUADA POLVO RUEDA IZQ,"guardapolvo, guardarpolvo, fuelle"
CHERY,ORINOCO,ORINOCO,GUADARPOLVO AMORTIGUADOR DELANTERO,"guardapolvo, fuelle"
CHERY,ORINOCO,ORINOCO,GUARDAPOLVO INFERIOR DE PARACHOQUE DELANTERO,"guada, guadarpolvo, guarda, fuelle"
CHERY,ORINOCO,ORINOCO,GUAYA DE PUERTA DELANTERO  6105040,"cable de puerta, guaya de manija"
CHERY,ORINOCO,ORINOCO,GUAYA DE PUERTA TRASERA 6205040,"cable de puerta, guaya de manija"
CHERY,ORINOCO,ORINOCO,GUAYA DE VELOCIDAD  ORIGINAL,"cable de velocidad, guaya de cambios"
CHERY,ORINOCO,ORINOCO,GUIA DE VALVULA  ORIGINAL (JUEGO 16),guia de valvula del motor
CHERY,ORINOCO,ORINOCO,HORQUILLA 1Y2,"horquilla de suspension, brazo inferior"
CHERY,ORINOCO,ORINOCO,HORQUILLA 3Y4,"horquilla de suspension, brazo inferior"
CHERY,ORINOCO,ORINOCO,HORQUILLA 5TA Y RETROSESO,"horquilla de suspension, brazo inferior"
CHERY,ORINOCO,ORINOCO,INYECTOR  ORIGINAL  C/U,"inyetor, inyector de gasolina, boquilla"
CHERY,ORINOCO,ORINOCO,JUEGO CILINDRO CON LLAVE SIN CONTROL ORIGINAL,juego de cilindros de freno
CHERY,ORINOCO,ORINOCO,JUEGO VALVULA ADMISION  (8),juego de valvulas del motor
CHERY,ORINOCO,ORINOCO,JUEGO VALVULA ESCAPE   (8),juego de valvulas del motor
CHERY,ORINOCO,ORINOCO,KIT CORREA TIEMPO ORIGINAL DE PLANTA,kit de correa de tiempo
CHERY,ORINOCO,ORINOCO,KIT CROCHET CRUCHT  ORIGINAL VALEO CON CAJA CHERY,"kit de embrague, kit de clutch"
CHERY,ORINOCO,ORINOCO,KIT DE EMPACADURA ORIGINAL  CON TAPA VAL FINA,kit de empacadura de motor con estopera
CHERY,ORINOCO,ORINOCO,KIT GOMA COPA CAJA  C/U,kit de gomas o bujes
CHERY,ORINOCO,ORINOCO,KIT GOMA PUNTA TRIPOIDE  C/U,kit de gomas o bujes
CHERY,ORINOCO,ORINOCO,KIT SELLOS MOTOR  ORIN CARTER,kit de sellos de caja
CHERY,ORINOCO,ORINOCO,LAPIZ DELANTERO,"sensor lapiz, sonda"
CHERY,ORINOCO,ORINOCO,LAPIZ TRASERO,"sensor lapiz, sonda"
CHERY,ORINOCO,ORINOCO,LLAVE VIRGEN  ORIGINAL,"llave vigen, control remoto virgen"
CHERY,ORINOCO,ORINOCO,LOGO CHERY,"emblema chery, insignia chery"
CHERY,ORINOCO,ORINOCO,LUZ DE CRUCE  DER,"luz de cruce, bombillo de cruce"
CHERY,ORINOCO,ORINOCO,LUZ DE CRUCE IZQ,"luz de cruce, bombillo de cruce"
CHERY,ORINOCO,ORINOCO,MANDO DE SUBIR Y BAJAR VIDRIO,"control remoto, mando a distancia"
CHERY,ORINOCO,ORINOCO,MANDO DE SUBIR Y BAJAR VIDRIO PRINCIPAL,"control remoto, mando a distancia"
CHERY,ORINOCO,ORINOCO,MANGUERA COMBUSTIBLE DE INYECTORES,"manguera de gasolina, manguera de combustible"
CHERY,ORINOCO,ORINOCO,MANGUERA DE CALEFACCION ENTRADA COMPLETO 510,manguera de calefaccion
CHERY,ORINOCO,ORINOCO,MANGUERA DE CALEFACCION SALIDA COMPLETO 500,manguera de calefaccion
CHERY,ORINOCO,ORINOCO,MANGUERA DE RADIADOR INFERIOR  1303301,manguera de radiador
CHERY,ORINOCO,ORINOCO,MANGUERA DE RADIADOR SUPERIOR   1303201,manguera de radiador
CHERY,ORINOCO,ORINOCO,MANGUERA DE TAPA VALVULA,manguera de tapa
CHERY,ORINOCO,ORINOCO,MANGUERA DE FRENO DELANTERO 6010,manguera de freno
CHERY,ORINOCO,ORINOCO,MANGUERA DE FRENO DER TRASERA TIPO L 6160,manguera de freno
CHERY,ORINOCO,ORINOCO,MANGUERA DE FRENO IZQ TRASERA TIPO L 6150,manguera de freno
CHERY,ORINOCO,ORINOCO,MANGUERA DE FRENO TRASERA 6070,manguera de freno
CHERY,ORINOCO,ORINOCO,MANGUERA DE PURIFICADOR ORINOCO,manguera de purificador de aire
CHERY,ORINOCO,ORINOCO,MANILLA DELANTERO DER EXTERNA,"manija, agarradera, manilla de puerta"
CHERY,ORINOCO,ORINOCO,MANILLA DELANTERO IZQ EXTERNA,"manija, agarradera, manilla de puerta"
CHERY,ORINOCO,ORINOCO,MANILLA ORIGINAL DERECHA PUERTA DELANTERO INTERNA,"manija, agarradera, manilla de puerta"
CHERY,ORINOCO,ORINOCO,MANILLA ORIGINAL DERECHA PUERTA TRASERA EXTERNA,"manija, agarradera, manilla de puerta"
CHERY,ORINOCO,ORINOCO,MANILLA ORIGINAL DERECHA PUERTA TRASERA INTENA,"manija, agarradera, manilla de puerta"
CHERY,ORINOCO,ORINOCO,MANILLA ORIGINAL IZQ PUERTA TRASERA EXTERNA,"manija, agarradera, manilla de puerta"
CHERY,ORINOCO,ORINOCO,MANILLA ORIGINAL IZQUIERDA PUERTA DELANTERO INTERNA,"manija, agarradera, manilla de puerta"
CHERY,ORINOCO,ORINOCO,MANILLA ORIGINAL IZQUIERDA PUERTA TRASERA INTERNA,"manija, agarradera, manilla de puerta"
CHERY,ORINOCO,ORINOCO,MARTILLOS DE VALVULAS (JUEGO DE 16),martillos neumaticos
CHERY,ORINOCO,ORINOCO,MESETA DELANTERO  ORIGINAL,"plato de clutch, meseta de embrague"
CHERY,ORINOCO,ORINOCO,MESETA TRASERA DERECHA,"plato de clutch, meseta de embrague"
CHERY,ORINOCO,ORINOCO,MESETA TRASERA IZQ,"plato de clutch, meseta de embrague"
CHERY,ORINOCO,ORINOCO,MODULO ABS,modulo de frenos abs
CHERY,ORINOCO,ORINOCO,MODULO DE DIRECCION  TAPA GRIS,modulo de direccion asistida
CHERY,ORINOCO,ORINOCO,MODULO INMOVILIZADOR  ETIGUETA BLANCO,"modulo de seguridad, modulo antirrobo"
CHERY,ORINOCO,ORINOCO,MOZO TRSERO  ORIGINAL,"rotula, terminal de direccion"
CHERY,ORINOCO,ORINOCO,MOZO DELANTERO  ORIGINAL,"rotula, terminal de direccion"
CHERY,ORINOCO,ORINOCO,MULTIPLE DE  ESCAPE ORINOCO,"multiple de admision, multiple de escape"
CHERY,ORINOCO,ORINOCO,MUÑON  ORIGINAL,"muñon, porta mazas"
CHERY,ORINOCO,ORINOCO,PALANCA DE TAPA GASOLINA,palanca de tapa de gasolina
CHERY,ORINOCO,ORINOCO,PANEL DE DESAGUE ABAJO DE PARABRISA,"panel de desague, canal de agua"
CHERY,ORINOCO,ORINOCO,PARACHOQUE DELANTERO  NEGRO,"parachoques, defensa, bumper, bumera"
CHERY,ORINOCO,ORINOCO,PARRILLA O REJILLA DELANTERO ORIGINAL SIN EMBLEMA,"rejilla frontal, grill"
CHERY,ORINOCO,ORINOCO,PARRILLA DE PARACHOQUE  ORIGINAL,"rejilla frontal, grill"
CHERY,ORINOCO,ORINOCO,PASTILLA DELANTERO  CON CAJA CHERY,"balata, pastillas de freno"
CHERY,ORINOCO,ORINOCO,PASTILLA DELANTERO  ORIGINAL CAJA AZUL,"balata, pastillas de freno"
CHERY,ORINOCO,ORINOCO,PASTILLA TRASERA  CON CAJA CHERY,"balata, pastillas de freno"
CHERY,ORINOCO,ORINOCO,PEDAL DE ACELERACION COMPLETO,"pedal del acelerador, pedal de gas"
CHERY,ORINOCO,ORINOCO,PILA BOMBA GASOLINA BOSCH VERDE UNIVESAL CON CAJA NEGRO,"bateria, acumulador"
CHERY,ORINOCO,ORINOCO,PILA GASOLINA BOSCH PICO NEGRO,"bateria, acumulador"
CHERY,ORINOCO,ORINOCO,PILA GASOLINA  MARCA CHERY PICO MARRON,"bateria, acumulador"
CHERY,ORINOCO,ORINOCO,PINON ENGRANAJE ARBOL DE LEVA OR,"piñon, engranaje piñon"
CHERY,ORINOCO,ORINOCO,PISTON ESTANDA  STD  ORIGINAL,"pistones, embolo"
CHERY,ORINOCO,ORINOCO,PISTON 0.10/0.25 ORIGINAL,"pistones, embolo"
CHERY,ORINOCO,ORINOCO,PISTON 0.20/0.50 ORIGINAL,"pistones, embolo"
CHERY,ORINOCO,ORINOCO,PISTON 0.30/0.75 CON JUEGO ANILLOS,"pistones, embolo"
CHERY,ORINOCO,ORINOCO,PISTON 0.40/1.00  CON JUEGO ANILLOS,"pistones, embolo"
CHERY,ORINOCO,ORINOCO,PLANETARIO DE ARRANQUE,"engranaje planetario, diferencial planetario"
CHERY,ORINOCO,ORINOCO,PLATINA CAPOT,"platina de capot, soporte de capo"
CHERY,ORINOCO,ORINOCO,PLATINA PUERTA DEL DER OR,"platina de puerta, modulo de puerta"
CHERY,ORINOCO,ORINOCO,PLATINA PUERTA DEL IZQ OR,"platina de puerta, modulo de puerta"
CHERY,ORINOCO,ORINOCO,PLATINA PUERTA TRASERA DER OR,"platina de puerta, modulo de puerta"
CHERY,ORINOCO,ORINOCO,PLATINA PUERTA TRASERA IZQ OR,"platina de puerta, modulo de puerta"
CHERY,ORINOCO,ORINOCO,PLATO CROCHET  ORIGINAL,"plato de embrague, plato de clutch"
CHERY,ORINOCO,ORINOCO,POLEA TORNILLO DE CORREA TIEMPO  ORIGINAL,"polea de correa, polea de alternador"
CHERY,ORINOCO,ORINOCO,POLEA DE CORREA DE  TIEMPO ORIGINAL    (SNK),"polea de correa, polea de alternador"
CHERY,ORINOCO,ORINOCO,POLEA UNICA ACANALADA ORIGINAL,"polea de correa, polea de alternador"
CHERY,ORINOCO,ORINOCO,POLEA UNICA LISA ORIGINAL,"polea de correa, polea de alternador"
CHERY,ORINOCO,ORINOCO,POMO FRENO MANOS  COLOR GRIS,"pomo de palanca, perilla de cambios"
CHERY,ORINOCO,ORINOCO,POMO PALANCA  ORIGINAL NEGRO,"pomo de palanca, perilla de cambios"
CHERY,ORINOCO,ORINOCO,PUNTA TRIPOIDE CON COPA COMPLETO DER,"punta trioide, homocinetica interna"
CHERY,ORINOCO,ORINOCO,PUNTA TRIPOIDE CON COPA COMPLETO IZQ,"punta trioide, homocinetica interna"
CHERY,ORINOCO,ORINOCO,PUNTA TRIPOIDES 26*22  ORIGINAL,"puntas trioides, homocineticas internas"
CHERY,ORINOCO,ORINOCO,PUNTA TRIPOIDES 26*29  ORIGINAL,"puntas trioides, homocineticas internas"
CHERY,ORINOCO,ORINOCO,PUNTA TRIPOIDES 26*32  ORIGINAL,"puntas trioides, homocineticas internas"
CHERY,ORINOCO,ORINOCO,RADIADOR  SINCRONICA CHERY,"radiador de agua, panal"
CHERY,ORINOCO,ORINOCO,REGULADOR DE ALTERNADOR  ORIGINAL,"regurador, regulador de alternador, regulador de voltaje"
CHERY,ORINOCO,ORINOCO,REGULADOR DE BOMBA GASOLINA  NORMAL (GORDO),"regurador, regulador de alternador, regulador de voltaje"
CHERY,ORINOCO,ORINOCO,REGULADOR PARA BOMBA GASOLINA ORIGINAL  (LARGO),"regurador, regulador de alternador, regulador de voltaje"
CHERY,ORINOCO,ORINOCO,REJILLA ANTINEIBLA DERECHA,"parrilla, rejilla de aire"
CHERY,ORINOCO,ORINOCO,REJILLA ANTINEIBLA IZQ,"parrilla, rejilla de aire"
CHERY,ORINOCO,ORINOCO,RELE 53 ( 4 PATA),"rele electrico, relay"
CHERY,ORINOCO,ORINOCO,RELE NEGRO MAS PER QUE  (4 PATA) (PARQUETES TRAE 5),"rele electrico, relay"
CHERY,ORINOCO,ORINOCO,RESEVORIO O ENVASE DE AGUA  ORIGINAL PLANTA,"reservorio, deposito"
CHERY,ORINOCO,ORINOCO,RESISTENCIA DE ELECTRO  ORIGINAL,resistencia de electroventilador
CHERY,ORINOCO,ORINOCO,RETROVISOR DERECHO,"espejo, espejo lateral"
CHERY,ORINOCO,ORINOCO,RETROVISOR IZQUIERDO,"espejo, espejo lateral"
CHERY,ORINOCO,ORINOCO,RINES  ORIGINAL,"aros, llantas de metal"
CHERY,ORINOCO,ORINOCO,ROCIADOR ACEITE,"rociador de limpiaparabrisas, boquilla lavaparabrisas"
CHERY,ORINOCO,ORINOCO,RODAMIENTO O ROLINERA DEL ORIGINAL  (CJB) IMANT,"rolinera, bearing"
CHERY,ORINOCO,ORINOCO,ROLINERA AGUJA DE CAJA 1/2,"rodamiento, bearing"
CHERY,ORINOCO,ORINOCO,ROLINERA AGUJA DE CAJA 3/5,"rodamiento, bearing"
CHERY,ORINOCO,ORINOCO,ROLINERA AGUJA DE CAJA 4,"rodamiento, bearing"
CHERY,ORINOCO,ORINOCO,ROLINERA AMORTIGUADOR  ORIGINAL,"rodamiento, bearing"
CHERY,ORINOCO,ORINOCO,ROLINERA CAJA  501349,"rodamiento, bearing"
CHERY,ORINOCO,ORINOCO,ROLINERA CAJA  6206,"rodamiento, bearing"
CHERY,ORINOCO,ORINOCO,ROLINERA CAJA  6206 CON ESTOPERA,"rodamiento, bearing"
CHERY,ORINOCO,ORINOCO,ROTULA LST COLOR NEGRO,"rotula de suspension, terminal, punta de eje, mozo"
CHERY,ORINOCO,ORINOCO,ROTULA  ORIGINAL,"rotula de suspension, terminal, punta de eje, mozo"
CHERY,ORINOCO,ORINOCO,SAPITO LIMPIA PARABRISA  ORIGINAL C/U,"conector sapito, empalme electrico"
CHERY,ORINOCO,ORINOCO,SELENOIDES DE PUERTA DELANTERO DERECHA,"selenoide, solenoides"
CHERY,ORINOCO,ORINOCO,SELENOIDES DE PUERTA DELANTERO IZQUIERDO,"selenoide, solenoides"
CHERY,ORINOCO,ORINOCO,SELLO MOTOR 26MM C/U,"sello de motor, reten de motor"
CHERY,ORINOCO,ORINOCO,SENSOR DE ABS DELANTERO DERECHA,sensor de frenos abs
CHERY,ORINOCO,ORINOCO,SENSOR DE ABS DELANTERO IZQUIERDA,sensor de frenos abs
CHERY,ORINOCO,ORINOCO,SENSOR DE ABS TRASERA DERECHA,sensor de frenos abs
CHERY,ORINOCO,ORINOCO,SENSOR DE ABS TRASERA IZQUIERDA,sensor de frenos abs
CHERY,ORINOCO,ORINOCO,SENSOR DE ARBOL DE LEVA  BOSCH  (CMP),sensor de arbol de leva
CHERY,ORINOCO,ORINOCO,SENSOR DE CIGUEÑAL BOSCH ORIGINAL  CORTA (CKP),sensor de cigueñal
CHERY,ORINOCO,ORINOCO,SENSOR DE CIGUEÑAL BOSCH ORIGINAL  LARGO,sensor de cigueñal
CHERY,ORINOCO,ORINOCO,SENSOR DE MAF SOLO ORIGINAL (BOSCH),sensor de flujo de aire
CHERY,ORINOCO,ORINOCO,SENSOR OXIGENO  ORIGINAL (BOSCH)CON CAJA CHERY,"sonda lambda, sensor de oxigeno"
CHERY,ORINOCO,ORINOCO,SENSOR VELOCIDAD O ODOMETRO ORIGINAL,sensor de velocidad
CHERY,ORINOCO,ORINOCO,SINCRONIZADOR 3/4TA,"sincronizador de caja, cubo sincronizador"
CHERY,ORINOCO,ORINOCO,SINCRONIZADOR 5TA,"sincronizador de caja, cubo sincronizador"
CHERY,ORINOCO,ORINOCO,SOPORTE PLASTICO TAPA DECORATIVA DE MOTOR,soporte de plastico
CHERY,ORINOCO,ORINOCO,SPOILER DER DE PARACHOQUE,"alerin, aleron"
CHERY,ORINOCO,ORINOCO,SPOILER IZQUIERDO DE PARACHOQUE,"alerin, aleron"
CHERY,ORINOCO,ORINOCO,STOP  DERECHO CON BOMBILLO,"luz trasera, calavera"
CHERY,ORINOCO,ORINOCO,STOP  IZQUIERDO CON BOMBILLO,"luz trasera, calavera"
CHERY,ORINOCO,ORINOCO,SUICHERA CON CONMUTADOR  ORIGINAL BASE,"switch de encendido, cerradura de arranque"
CHERY,ORINOCO,ORINOCO,TANQUE RADIADOR INFERIOR ORIGINAL,"deposito, tanque de gasolina"
CHERY,ORINOCO,ORINOCO,TANQUE RADIADOR SUPERIO  ORIGINAL,"deposito, tanque de gasolina"
CHERY,ORINOCO,ORINOCO,TAPA ACEITE NEGRO,tapa de aceite del motor
CHERY,ORINOCO,ORINOCO,TAPA BLANCA DE BOMBA GASOLINA,tapa blanca de motor
CHERY,ORINOCO,ORINOCO,TAPA DE KIT DE CORREA TIEMPA  EXTERNA  (2),tapa de kit
CHERY,ORINOCO,ORINOCO,TAPA NEGRO DE BOMBA GASOLINA,tapa negra de motor
CHERY,ORINOCO,ORINOCO,TAPA RESEVORIO CHERY CALIDAD,tapa de reservorio
CHERY,ORINOCO,ORINOCO,TAPA RESEVORIO H5  ORIGINAL C/U,tapa de reservorio
CHERY,ORINOCO,ORINOCO,TAPA VALVULA  ORIGINAL,tapa de valvulas del motor
CHERY,ORINOCO,ORINOCO,TAPITA DE RINES ORINOCO C/U,"tapones de rines, copas de rines"
CHERY,ORINOCO,ORINOCO,TAQUETES ORINOCO   (16),"taquete, levantaválvulas, buzos"
CHERY,ORINOCO,ORINOCO,TENSOR DE CORREA TIEMPO ORIGINAL CON TIJERAS (NTN),"tensor de correa, polea tensora"
CHERY,ORINOCO,ORINOCO,TENSOR DE CORREA TIEMPO ORIGINAL   (NTN),"tensor de correa, polea tensora"
CHERY,ORINOCO,ORINOCO,TENSOR UNICA ACANALADA SOLO ORIGINAL,"tensor de correa, polea tensora"
CHERY,ORINOCO,ORINOCO,TENSOR UNICA  COMPLETO,"tensor de correa, polea tensora"
CHERY,ORINOCO,ORINOCO,TERMINAL,"termial, rotula, punta de eje"
CHERY,ORINOCO,ORINOCO,TERMOSTATO ORIGINAL,"termotasto, termostato de agua"
CHERY,ORINOCO,ORINOCO,TORNILLOS DE CAMARA  (LARGO NEGRO) C/U,"birlos, pernos"
CHERY,ORINOCO,ORINOCO,TORNILLOS LA ENCENTRICA ALINACION TRASERA PAR,"birlos, pernos"
CHERY,ORINOCO,ORINOCO,TOMA DE TERMOSTATO O AGUA  ORIGINAL,"toma del termostato, carcasa del termostato"
CHERY,ORINOCO,ORINOCO,TOPE AMORTIGUADOR DELANTERO,"tope de amortiguador, guardapolvo tope"
CHERY,ORINOCO,ORINOCO,TOPE AMORTIGUADOR TRASERA,"tope de amortiguador, guardapolvo tope"
CHERY,ORINOCO,ORINOCO,TRIANGULAR TRASERA DERECHA,"brazo triangular, horquilla"
CHERY,ORINOCO,ORINOCO,TRIANGULAR TRASERA IZQ,"brazo triangular, horquilla"
CHERY,ORINOCO,ORINOCO,TRICETA 29 ESTRIAS 32MM,"triceta, trizeta, homocinetica"
CHERY,ORINOCO,ORINOCO,TRICETA 29 ESTRIAS 35MM ORIGINAL,"triceta, trizeta, homocinetica"
CHERY,ORINOCO,ORINOCO,TUBERIA DE AGUA PERQUEÑA TIPO  S,"tuberia de agua, manguera de agua"
CHERY,ORINOCO,ORINOCO,TUBERIA DE AGUA PRINCIPAL  ORIGINAL,"tuberia de agua, manguera de agua"
CHERY,ORINOCO,ORINOCO,TUBERIA DE AGUA TIPO 7 LARGO A21-1303310,"tuberia de agua, manguera de agua"
CHERY,ORINOCO,ORINOCO,VALVULA  EXPANCION  SINCRONICA,"valvula de expansion, valvula de aire acondicionado"
CHERY,ORINOCO,ORINOCO,VALVULA DE FRENO,valvula de freno
CHERY,ORINOCO,ORINOCO,VALVULA  PRESOSTATICA DE AIRE,valvula presostatica de aire acondicionado
CHERY,ORINOCO,ORINOCO,VALVULA EGR DE GASES,"valvula egr, recirculacion de gases"
CHERY,ORINOCO,ORINOCO,VALVULA PCV ORIGINAL,"valvula pcv, valvula de gases de carter"
CHERY,ORINOCO,ORINOCO,VALVULA PEDAL DE CROCHET,"valvula de pedal, valvula de freno"
CHERY,ORINOCO,ORINOCO,VALVULA PRISION ACEITE LARGA,valvula de presion
CHERY,ORINOCO,ORINOCO,VALVULA PRESION ACEITE CORTA,valvula de presion de aceite o aire
CHERY,ORINOCO,ORINOCO,VALVULA DE RETROCESO,valvula de reversa
CHERY,ORINOCO,ORINOCO,VALVULA DE TEMPERATURA ORIGINAL  BOSCH,valvula de temperatura
CHERY,ORINOCO,ORINOCO,VARILLA DE ACEITE,"varilla de aceite, bayoneta"
CHERY,ORINOCO,ORINOCO,VOLANTE DE MOTOR,"volante de direccion, volante motor"
CHERY,ORINOCO,ORINOCO,Y PLATICO,
CHERY,X1,X1,AMORTIGUADOR DE MALETA  ORIGINAL C/U,"suspension, amortiguacion, shock"
CHERY,X1,X1,ALTERNADOR  ORIGINAL,"dinamo, generador"
CHERY,X1,X1,AMORTIGUADOR DELANTERO  ORIGINAL C/U,"suspension, amortiguacion, shock"
CHERY,X1,X1,AMORTIGUADOR TRASERA  ORIGINAL  C/U,"suspension, amortiguacion, shock"
CHERY,X1,X1,ANILLOS   STD ORIGINAL,"aros de piston, rines de piston, segmentos"
CHERY,X1,X1,ANILLOS 0.10 ORIGINAL,"aros de piston, rines de piston, segmentos"
CHERY,X1,X1,ANILLOS 0.20 ORIGINAL,"aros de piston, rines de piston, segmentos"
CHERY,X1,X1,ANILLOS CON JUEGO PISTON 0.30 ORIGINAL,"aros de piston, rines de piston, segmentos"
CHERY,X1,X1,ANILLOS CON JUEGO PISTON 0.40 ORIGINAL,"aros de piston, rines de piston, segmentos"
CHERY,X1,X1,ANTENA    ORIGINAL,antenita
CHERY,X1,X1,ANTENA INMOVILIZADOR,antenita
CHERY,X1,X1,ANTINIEBLA  DER,"luz antiniebla derecha, faro antiniebla derecho, neblinero derecho"
CHERY,X1,X1,ANTINIEBLA  IZQ,"luz antiniebla izquierda, faro antiniebla izquierdo, neblinero izquierdo"
CHERY,X1,X1,ANTIRUIDO DE FRENO   (4),"parachispas de freno, aislante de ruido de pastilla"
CHERY,X1,X1,ARBOL DE LEVA ADMISION ORIGINAL,"arbol de leva, eje de levas, camshaft"
CHERY,X1,X1,ARBOL DE LEVA ESCAPE  ORIGINAL,"arbol de leva, eje de levas, camshaft"
CHERY,X1,X1,ARO BRONCE SINCRONIZADOR  ORIGINAL C/U,"aro sincronizador, sincro"
CHERY,X1,X1,ARRANQUE  ORIGINAL,"motor de arranque, marcha, burro de arranque, swich de arranque"
CHERY,X1,X1,AUTOMATICO ARRANQUE (3 HUECO) ORIGINAL,"rele automatico de arranque, solenoide de arranque"
CHERY,X1,X1,BASE AMORTIGUADOR  COMPLETO(BASE.COPA.GOMAS),"copa de amortiguador, soporte de amortiguador"
CHERY,X1,X1,BASE AMORTIGUADOR  ORIGINAL,"copa de amortiguador, soporte de amortiguador"
CHERY,X1,X1,BASE AMORTIGUADOR TOPE O COPA,"copa de amortiguador, soporte de amortiguador"
CHERY,X1,X1,BASE DE TERMOSTATO  ORIGINAL,"carcasa del termostato, soporte de termostato"
CHERY,X1,X1,BASE MOTOR DERECHA  ORIGINAL,"soporte de motor, cuna de motor, taco de motor"
CHERY,X1,X1,BASE MOTOR IZQ A ORIGINAL,"soporte de motor, cuna de motor, taco de motor"
CHERY,X1,X1,BASE MOTOR TRASERA CHUPETA ORIGINAL,"soporte de motor, cuna de motor, taco de motor"
CHERY,X1,X1,BASE DE MOTOR TRASERA ARRIBA,"soporte de motor, cuna de motor, taco de motor"
CHERY,X1,X1,BOBINA ENCENDIDO BOSCH ORIGINAL,"bobina de encendido, coil"
CHERY,X1,X1,BOMBA ACEITE ORIGINAL  ORIGINAL PLANTA,bomba de aceite del motor
CHERY,X1,X1,BOMBA AGUA  ORIGINAL PLANTA,"bomba de agua, bomba del radiador"
CHERY,X1,X1,BOMBA DE AGUA ORIGINAL CHERY,"bomba de agua, bomba del radiador"
CHERY,X1,X1,BOMBA DE GASOLINA  COMPLETO ORIGINAL,"bomba de gasolina, bomba de combustible"
CHERY,X1,X1,BOMBA DIRECCION  ORIGINAL,bomba de direccion hidraulica
CHERY,X1,X1,BOMBA FRENO  ORIGINAL,"bomba de freno, cilindro maestro de freno"
CHERY,X1,X1,BOMBA FRENO CON HIDROVAC Y ENVASE  ORIGINAL,"bomba de freno, cilindro maestro de freno"
CHERY,X1,X1,BOMBA O MOTOE WIPER LIMPIA PARABRISAS  ORIGINAL,"bomba de motor, bomba de aceite"
CHERY,X1,X1,BRAZO BIELA ORIGINAL,"brazo de suspension, brazo axial, biela"
CHERY,X1,X1,BUJE BARRA TENSORA EXTENA COMO AREPITA,"bujes, buches, goma de suspension, silentblock"
CHERY,X1,X1,BUJE BARRA TENSORA INTERNE COMO AREPITA,"bujes, buches, goma de suspension, silentblock"
CHERY,X1,X1,BUJE CAJETIN  (2 BUJE),"bujes, buches, goma de suspension, silentblock"
CHERY,X1,X1,BUJE MESETA TRASERA GORTA AR,"bujes, buches, goma de suspension, silentblock"
CHERY,X1,X1,BUJE MESETA TRASERA LARGA AR,"bujes, buches, goma de suspension, silentblock"
CHERY,X1,X1,BUJE O GAMAS CAJETIN  TIPO O,"bujes, buches, goma de suspension, silentblock"
CHERY,X1,X1,BUJE O GOMAS DE BARRA ESTABILIZADORA  ORIGINAL,"bujes, buches, goma de suspension, silentblock"
CHERY,X1,X1,BUJIA  BOSCH  3ELETR,"bujias, candela, candelas"
CHERY,X1,X1,BUJIA  CHERY  3ELETR,"bujias, candela, candelas"
CHERY,X1,X1,BUJIA  TORCH  3ELETR ARAUCA/X1,"bujias, candela, candelas"
CHERY,X1,X1,BUJIA DENSO IRIDIUM 3297 (4 BUJIA),"bujias, candela, candelas"
CHERY,X1,X1,BUJIA DENSO IRIDIUM 5304 (4 BUJIA),"bujias, candela, candelas"
CHERY,X1,X1,BUJIA PUNTA PLATINO LETRA AZUL (4 BUJIA),"bujias, candela, candelas"
CHERY,X1,X1,CABLES BUJIAS CLASE A,"cables de bujia, cableado de encendido"
CHERY,X1,X1,CABLES DE BUJIAS  ORIGINAL PLANTA SEPARADO (JUEGO),"cables de bujia, cableado de encendido"
CHERY,X1,X1,CAJETIN  SIN ACCESORIO ORIGINAL,"caja de direccion, cremallera de direccion"
CHERY,X1,X1,CAMARA  COMPLETO,"camara de aire, tripa"
CHERY,X1,X1,CARCASA PURIFICADOR DE AIRE  SIN CAJA,"carcaza, cubierta"
CHERY,X1,X1,CARTER MOTOR  ORIGINAL,"carter de motor, colador de aceite, bandeja de aceite"
CHERY,X1,X1,CEPILLO LIMPIA PARABRISA DELANTERO EL JUEGO,"escobilla, plumilla, limpiaparabrisas"
CHERY,X1,X1,CEPILLO LIMPIA PARABRISA TRASERA C/U,"escobilla, plumilla, limpiaparabrisas"
CHERY,X1,X1,CHUPON CLIP DE BOMBA GASOLINA  (G),"ventosa, soporte de goma"
CHERY,X1,X1,CHUPON CLIP DE BOMBA GASOLINA  (P),"ventosa, soporte de goma"
CHERY,X1,X1,CIGUEÑAL  ORIGINAL,"cigüeñal, eje cigueñal, crankshaft"
CHERY,X1,X1,CILINDRO DE FRENO TRASERA  C/U,cilindro de freno
CHERY,X1,X1,CINTA VOLANTE,"cinta reloj de volante, resorte de bocina"
CHERY,X1,X1,COLLARIN DE CROCHET ORIGINAL,"rodamiento de embrague, collarin de clutch"
CHERY,X1,X1,COMPRESOR  ORIGINAL,"compresor de aire acondicionado, compresor ac"
CHERY,X1,X1,COMPUTADORA DE  ORIGINAL,"computdora, ecu, modulo de control, cerebro del carro"
CHERY,X1,X1,COMUTADOR O PALANCA DE LUCES Y LIMPIA PARABRISA X1,"conmutador, switch de luces"
CHERY,X1,X1,CONMUTADOR ENCENDIDO ORINOCO,"comutador, switch de luces, interruptor de luces"
CHERY,X1,X1,COMUTADOR O PALANCA DE LUCES Y LIMPIA PARABRISA X1,"conmutador, switch de luces"
CHERY,X1,X1,CONCHA DE BANCADA 0.10/+25,"conchas, cocnhas, cojinete, metal de biela"
CHERY,X1,X1,CONCHA DE BANCADA 020/+50,"conchas, cocnhas, cojinete, metal de biela"
CHERY,X1,X1,CONCHA DE BANCADA 030/+75,"conchas, cocnhas, cojinete, metal de biela"
CHERY,X1,X1,CONCHA DE BANCADA STD,"conchas, cocnhas, cojinete, metal de biela"
CHERY,X1,X1,CONCHA DE BIELAS 010/+25,"conchas, cocnhas, cojinete, metal de biela"
CHERY,X1,X1,CONCHA DE BIELAS 020/+50,"conchas, cocnhas, cojinete, metal de biela"
CHERY,X1,X1,CONCHA DE BIELAS 030/+75,"conchas, cocnhas, cojinete, metal de biela"
CHERY,X1,X1,CONCHA DE BIELAS STD,"conchas, cocnhas, cojinete, metal de biela"
CHERY,X1,X1,CONDENSADOR  ORIGINAL,"condensador de aire acondicionado, radiador de ac"
CHERY,X1,X1,CONECTOR CON CABLE BOMBA GASOLINA,"conector electrico, empalme"
CHERY,X1,X1,CONECTOR PLATICO DE CARCASA,"conector electrico, empalme"
CHERY,X1,X1,COPA CAJA 21*25 USA TRICETA X1,copa de caja de velocidades
CHERY,X1,X1,COPA CAJA 25X28 ORIGINAL,copa de caja de velocidades
CHERY,X1,X1,CORREA DE AIRE ORIGINAL,"correo, banda, faja"
CHERY,X1,X1,CORREA DE ALTERNADOR ORIGINAL,"correo, banda, faja"
CHERY,X1,X1,CORREA TIEMPO  MARCA CHERY CLASE A,"correo, banda, faja"
CHERY,X1,X1,CORREA TIEMPO  DOBLE COSTURA NOMAL,"correo, banda, faja"
CHERY,X1,X1,CORREA TIEMPO ORIGINAL DE PLANTA,"correo, banda, faja"
CHERY,X1,X1,CROCHERA CON ROLINERA DE COMPRESOR  ORIGINAL,"soporte de embrague, horquilla de clutch"
CHERY,X1,X1,CUERPO ACELERECION  ORIGINAL,"cuerpo de aceleracion, throttle body"
CHERY,X1,X1,CUNA,"cuna de motor, base de motor"
CHERY,X1,X1,DISCO CROCHET VALEO CON CAJA CHERY,disco de freno
CHERY,X1,X1,DISCO FRENO  ORIGINAL,disco de freno
CHERY,X1,X1,ELECTROVENTILADOR  ORIGINAL,"electro, ventilador electrico, abanico electrico"
CHERY,X1,X1,ELEVA VIDRIO DELANTERO DERECHO,"eleva vidrio, vidrio electrico"
CHERY,X1,X1,ELEVA VIDRIO DELANTERO IZQUIERDA ORIGINAL,"eleva vidrio, vidrio electrico"
CHERY,X1,X1,ELEVAVIDRIO TRASERA DERECHA,"control eleva vidrio, motor de vidrio, vidrio electrico"
CHERY,X1,X1,ELEVAVIDRIO TRASERA IZQ,"control eleva vidrio, motor de vidrio, vidrio electrico"
CHERY,X1,X1,EMPACADURA DE BOMBA ACEITE ORIGINAL,"empacadula, junta de motor, empaque"
CHERY,X1,X1,EMPACADURA DE BOMBA AGUA ORIGINAL,"empacadula, junta de motor, empaque"
CHERY,X1,X1,EMPACADURA DE CAMARA AMIENTO,"empacadula, junta de motor, empaque"
CHERY,X1,X1,EMPACADURA DE CAMARA METALICA,"empacadula, junta de motor, empaque"
CHERY,X1,X1,EMPACADURA TAPA VALVULA MORADA,"empacadula, junta de motor, empaque"
CHERY,X1,X1,EMPACADURA TAPA VALVULA ORIGINAL FINA,"empacadula, junta de motor, empaque"
CHERY,X1,X1,ENGRANAJES IMPULSOR 3 ERA 37,"engranaje, piñones, coronas"
CHERY,X1,X1,ENGRANAJES IMPULSOR 4TA 33,"engranaje, piñones, coronas"
CHERY,X1,X1,ENGRANAJES IMPULSOR 5TA 32,"engranaje, piñones, coronas"
CHERY,X1,X1,ENGRANAJES PRINCIPA  5TA 37 X1,"engranaje, piñones, coronas"
CHERY,X1,X1,ENGRANAJES PRINCIPAL 3ERA 26 X1,"engranaje, piñones, coronas"
CHERY,X1,X1,ENGRANAJES PRINCIPAL 4TA 31 X1,"engranaje, piñones, coronas"
CHERY,X1,X1,ENVASE O TANQUE DE AGUA  ORIGINAL,"deposito, tanque reservorio"
CHERY,X1,X1,ESPIRAL TRASERO X1,"resorte helicoidal, muelle espiral"
CHERY,X1,X1,ESTOPERA ARBOL LEVA  PLANTA C/U,"estopela, reten, sello de aceite"
CHERY,X1,X1,ESTOPERA  CAJA ORIGINAL,"estopela, reten, sello de aceite"
CHERY,X1,X1,ESTOPERA DELANTERO CIGÜEÑAL,"estopela, reten, sello de aceite"
CHERY,X1,X1,ESTOPERA TRASERA CIGÜEÑAL,"estopela, reten, sello de aceite"
CHERY,X1,X1,EVAPORADOR  ORIGINAL,"evaporador de aire acondicionado, serpentin de ac"
CHERY,X1,X1,FILTRO DE AIRE  ORIGINAL,"fitro, filtro de aceite, filtro de aire, filtro de gasolina"
CHERY,X1,X1,FILTRO DE BAMBA GASOLINA INTERNA REDONDO,"fitro, filtro de aceite, filtro de aire, filtro de gasolina"
CHERY,X1,X1,FITRO ACEITE ORIGINAL,filtro
CHERY,X1,X1,FITRO GASOLINA ORIGINAL CHERY,filtro
CHERY,X1,X1,FITRO SECADOR DE AIRE  ORIGINAL,filtro
CHERY,X1,X1,FLEXIBLE  ORIGINAL,"manguera flexible, tuberia flexible"
CHERY,X1,X1,"FLOTANTE DE BOMBA GASOLINA ,","flotatante, sensor de nivel, boya de gasolina"
CHERY,X1,X1,FUSILERA DE BATERIA,"caja de fusibles, porta fusibles"
CHERY,X1,X1,GOMAS AMORTIGUADOR  ORIGINAL,"goma, bujes, empaques de goma"
CHERY,X1,X1,GOMAS DE ESCAPE FLEXIBLE ORIGINAL,"goma, bujes, empaques de goma"
CHERY,X1,X1,GOMAS NEGRO REDONDO PARA GASOLINA ORIGINAL,"goma, bujes, empaques de goma"
CHERY,X1,X1,GOMAS CUADRADAS NEGRAS DE CAJETIN,"goma, bujes, empaques de goma"
CHERY,X1,X1,GORROS O GOMAS VALVULA  COLOR NEGRO,"tapas de ruedas, gorros de rueda"
CHERY,X1,X1,GORROS O GOMAS VALVULA MARCA SKF ORIGINAL PLANTA,"tapas de ruedas, gorros de rueda"
CHERY,X1,X1,GUARDA POLVO CAJETIN  C/U,"guardapolvo, fuelle"
CHERY,X1,X1,GUAYA DE CROCHET  ORIGINAL GANCHO METALICA,"cable de embrague, guaya de clutch"
CHERY,X1,X1,GUAYA DE CROCHET  PLANTA GANCHO PLATICO,"cable de embrague, guaya de clutch"
CHERY,X1,X1,GUAYA DE VELOCIDAD,"cable de velocidad, guaya de cambios"
CHERY,X1,X1,GUAYA DE PUERTA DEL IZQ 6105110,"cable de puerta, guaya de manija"
CHERY,X1,X1,GUAYA DE PUERTA DEL DER 6105120,"cable de puerta, guaya de manija"
CHERY,X1,X1,GUAYA DE PUERTA TRAS IZQ 6205110,"cable de puerta, guaya de manija"
CHERY,X1,X1,GUAYA DE PUERTA TRAS DER 6205120,"cable de puerta, guaya de manija"
CHERY,X1,X1,GUIA DE VALVULA  ORIGINAL (JUEGO 16),guia de valvula del motor
CHERY,X1,X1,HORQUILLA 1Y2,"horquilla de suspension, brazo inferior"
CHERY,X1,X1,HORQUILLA 3Y4,"horquilla de suspension, brazo inferior"
CHERY,X1,X1,HORQUILLA 5TA Y RETROCESO,"horquilla de suspension, brazo inferior"
CHERY,X1,X1,HORQUILLA DE PALANCA LIBERADORA,"horquilla de suspension, brazo inferior"
CHERY,X1,X1,INYETOR  ORIGINAL C/U,inyector
CHERY,X1,X1,JUEGO CILINDRO CON LLAVE SIN CONTROL CON LLAVE,juego de cilindros de freno
CHERY,X1,X1,JUEGO DE EMPACADURA ORIGINAL  CON TAPA VAL FINA,"juego de empacaduras, kit de empacaduras"
CHERY,X1,X1,JUEGO VALVULA ADMISION  (8),juego de valvulas del motor
CHERY,X1,X1,JUEGO VALVULA ESCAPE   (8),juego de valvulas del motor
CHERY,X1,X1,KIT CORREA TIEMPO ORIGINAL DE PLANTA,kit de correa de tiempo
CHERY,X1,X1,KIT CROCHET CRUCHT ORIGINAL VALEO CON CAJA CHERY,"kit de embrague, kit de clutch"
CHERY,X1,X1,KIT DE REPARACION CAJETIN  ORIGINAL,kit de reparacion
CHERY,X1,X1,KIT DE REPARACION DE CALIPER ORIGINAL (2 PIEZAS),kit de reparacion
CHERY,X1,X1,KIT GOMA COPA CAJA  C/U,kit de gomas o bujes
CHERY,X1,X1,KIT GOMA PUNTA TRIPOIDE  C/U,kit de gomas o bujes
CHERY,X1,X1,LAME VIDRIO DEL. DER.,"laminas, cepillo limpiaparabrisas"
CHERY,X1,X1,LAME VIDRIO DEL. IZQ.,"laminas, cepillo limpiaparabrisas"
CHERY,X1,X1,LAME VIDRIO TRA. DER.,"laminas, cepillo limpiaparabrisas"
CHERY,X1,X1,LAME VIDRIO TRA. IZQ.,"laminas, cepillo limpiaparabrisas"
CHERY,X1,X1,LAPIZ DELANTE  C/U,"sensor lapiz, sonda"
CHERY,X1,X1,LOGO DE CHERY,"emblema chery, insignia chery"
CHERY,X1,X1,MAGUERA DE BOMBA DIRECCION  ALTA (LARGO),manguera de bomba
CHERY,X1,X1,MAGUERA DE BOMBA DIRECCION  BAJA,manguera de bomba
CHERY,X1,X1,MAGUERA DE CALEFACCION (TIPO 7)  1014211,manguera de calefaccion
CHERY,X1,X1,MAGUERA DE CALEFACCION  COMPLETO,manguera de calefaccion
CHERY,X1,X1,MAGUERA DE CALEFACCION LARGA  1014231,manguera de calefaccion
CHERY,X1,X1,MAGUERA DE CALEFACCION MAS FINITA 1014241,manguera de calefaccion
CHERY,X1,X1,MAGUERA DE CARCASA A CUERPO ACELERECION,manguera de carcasa
CHERY,X1,X1,MAGUERA DE PLATICO DE CARCASA TIPO S,manguera plastica
CHERY,X1,X1,MAGUERA DE RADIADOR  INFERIOR  1303111,manguera de radiador
CHERY,X1,X1,MAGUERA DE RADIADOR SUPERIOR   1303211,manguera de radiador
CHERY,X1,X1,MANDO DE SUBIR Y BAJAR VIDRIO,"control remoto, mando a distancia"
CHERY,X1,X1,MANDO DE SUBIR Y BAJAR VIDRIO PRINCIPAL,"control remoto, mando a distancia"
CHERY,X1,X1,MANGUERA FRENO DELANTERA,manguera de freno
CHERY,X1,X1,MANGUERA FRENO TRASERA 6070,manguera de freno
CHERY,X1,X1,MANGUERA T PLATICO CON VALVULA PCV,manguera en forma de t
CHERY,X1,X1,MANILLAS DELANTERO EXTERNA DERECHA ORIGINAL,"manijas, agarraderas, manillas de puerta"
CHERY,X1,X1,MANILLAS DELANTERO EXTERNA IZQ ORIGINAL,"manijas, agarraderas, manillas de puerta"
CHERY,X1,X1,MANILLAS DELANTERO INTENA DER ORIGINAL,"manijas, agarraderas, manillas de puerta"
CHERY,X1,X1,MANILLAS DELANTERO INTENA IZQ ORIGINAL,"manijas, agarraderas, manillas de puerta"
CHERY,X1,X1,MANILLAS TRASERA INTERNA DER ORIGINA,"manijas, agarraderas, manillas de puerta"
CHERY,X1,X1,MANILLAS TRASERA INTERNA IZQ ORIGINAL,"manijas, agarraderas, manillas de puerta"
CHERY,X1,X1,MARTILLO (16),"martillo neumatico, percutor"
CHERY,X1,X1,MECANISMO O PALANCA FRENO MANO COMPLETA,mecanismo de palanca de cambios
CHERY,X1,X1,MESETA DELANTERA DERECHA  C/U,"plato de clutch, meseta de embrague"
CHERY,X1,X1,MESETA DELANTERA IZQUIERDA C/U,"plato de clutch, meseta de embrague"
CHERY,X1,X1,MESETA TRASERA DERECHA ORIGINAL C/U,"plato de clutch, meseta de embrague"
CHERY,X1,X1,MESETA TRASERA IZQUIERDA ORIGINAL C/U,"plato de clutch, meseta de embrague"
CHERY,X1,X1,MODULO ABS,modulo de frenos abs
CHERY,X1,X1,MOZO DELANTERO,"rotula, terminal de direccion"
CHERY,X1,X1,MOZO TRASERA  CJB ORIGINAL,"rotula, terminal de direccion"
CHERY,X1,X1,MULTIPLES ESCAPE,"multiples de admision, multiples de escape"
CHERY,X1,X1,ORIN DE BOMBA ACEITE,"orin de puerta, bisagra"
CHERY,X1,X1,PARACHOQUE DELANTERO,"parachoques, defensa, bumper, bumera"
CHERY,X1,X1,PALANCA NEGRO DE SEGURO PUERTA,palanca de cambios negra
CHERY,X1,X1,PASTILLA FRENO DELANTERO  CON CAJA CHERY,"balata, pastillas de freno"
CHERY,X1,X1,PASTILLA FRENO DELANTERO  PLANTA CAJ AZUL,"balata, pastillas de freno"
CHERY,X1,X1,PILA GASOLINA  MARCA KG PICO MARRON,"bateria, acumulador"
CHERY,X1,X1,PILA GASOLINA BOSCH PICO NEGRO,"bateria, acumulador"
CHERY,X1,X1,PILA GASOLINA BOSCH PICO VERDE,"bateria, acumulador"
CHERY,X1,X1,PILA GASOLINA ORIGINAL MARCA CHERY PICO MARRON,"bateria, acumulador"
CHERY,X1,X1,PILA GASOLINA TENSO,"bateria, acumulador"
CHERY,X1,X1,PISTON STD ORIGINAL,"pistones, embolo"
CHERY,X1,X1,"PISTON 0.10/0,25","pistones, embolo"
CHERY,X1,X1,PISTON 0.20/0.50,"pistones, embolo"
CHERY,X1,X1,PISTON 0.30/0.75   CON ANILLOS,"pistones, embolo"
CHERY,X1,X1,PISTON 0.40/1.00   CON ANILLOS,"pistones, embolo"
CHERY,X1,X1,PLATO BASE FRENO CON BANDA Y CILINDRO,plato base de embrague
CHERY,X1,X1,PLATO BASE FRENO  IZQ CON BANDA Y CILINDRO,plato base de embrague
CHERY,X1,X1,PLATO CROCHET VALEO CON CAJA CHERY,"plato de embrague, plato de clutch"
CHERY,X1,X1,POLEA DE CORREA TIEMPO ORIGINAL,"polea de correa, polea de alternador"
CHERY,X1,X1,POMO PALANCA  ORIGINAL,"pomo de palanca, perilla de cambios"
CHERY,X1,X1,PUNTA TRIPOIDE 21X23 ORIGINAL,"punta trioide, homocinetica interna"
CHERY,X1,X1,RADIADOR  CHERY,"radiador de agua, panal"
CHERY,X1,X1,REGULADOR DE ALTERNADOR ORIGINAL,"regurador, regulador de alternador, regulador de voltaje"
CHERY,X1,X1,REGULADOR PARA BOMBA GASOLINA NOMAL  (GORDO),"regurador, regulador de alternador, regulador de voltaje"
CHERY,X1,X1,REGURADOR PARA BOMBA GASOLINA ORIGINAL,regulador
CHERY,X1,X1,RELE 19  C/U,"rele electrico, relay"
CHERY,X1,X1,RELE 21  C/U,"rele electrico, relay"
CHERY,X1,X1,RELE 53 ( 4 PATA),"rele electrico, relay"
CHERY,X1,X1,RELE 53 NEGRO MAS PEQUEÑO (4 PATA),"rele electrico, relay"
CHERY,X1,X1,ROCIADOR DE ACEITE,"rociador de limpiaparabrisas, boquilla lavaparabrisas"
CHERY,X1,X1,RODAMIENTO O ROLINERA DELANTERO ORIGINAL DE PLANTA  CJB,"rolinera, bearing"
CHERY,X1,X1,ROLINERA AGUJA DE CAJA 1/2,"rodamiento, bearing"
CHERY,X1,X1,ROLINERA AGUJA DE CAJA 3/4,"rodamiento, bearing"
CHERY,X1,X1,ROLINERA AGUJA DE CAJA 5,"rodamiento, bearing"
CHERY,X1,X1,ROLINERA AMORTIGUADOR,"rodamiento, bearing"
CHERY,X1,X1,ROLINERA CAJA  30206 (SALI DEL),"rodamiento, bearing"
CHERY,X1,X1,ROLINERA CAJA  32205 (SALI TRASERA),"rodamiento, bearing"
CHERY,X1,X1,ROTULA  ORIGINAL,"rotula de suspension, terminal, punta de eje, mozo"
CHERY,X1,X1,SAPITO LIMPIA PARABRISA  C/U,"conector sapito, empalme electrico"
CHERY,X1,X1,SELENOIDES CON CERRADURA DE PUERTA DELNTERO IZQ,"selenoide, solenoides"
CHERY,X1,X1,SELENOIDES CON CERRADURA PUERTA DELNTERO DERECHA,"selenoide, solenoides"
CHERY,X1,X1,SELENOIDES CON CERRADURA PUERTA TRASERA DERECHA,"selenoide, solenoides"
CHERY,X1,X1,SELENOIDES CON CERRADURA PUERTA TRASERA IZQ,"selenoide, solenoides"
CHERY,X1,X1,SENSOR DE ABS DELANTERO DERECHA  C/U,sensor de frenos abs
CHERY,X1,X1,SENSOR DE ABS DELANTERO IZQ   C/U,sensor de frenos abs
CHERY,X1,X1,SENSOR DE ABS TRASERA DERECHA  C/U,sensor de frenos abs
CHERY,X1,X1,SENSOR DE ABS TRASERA IZQ  C/U,sensor de frenos abs
CHERY,X1,X1,SENSOR DE ARBOL DE LEVA  BOSCH ORIGINAL,sensor de arbol de leva
CHERY,X1,X1,SENSOR DE CIGUEÑAL  BOSCH,sensor de cigueñal
CHERY,X1,X1,SENSOR DETONACION GOLPETEO,"sensor de golpeteo, sensor knock"
CHERY,X1,X1,SENSOR MAF  ORIGINAL BOSCH,sensor de flujo de aire
CHERY,X1,X1,SENSOR OXIGENO  ORIGINAL,"sonda lambda, sensor de oxigeno"
CHERY,X1,X1,SENSOR VELOCIDAD O ODOMETRO ORIGINAL,sensor de velocidad
CHERY,X1,X1,SINCRONIZADOR 1/2TA CAJA,"sincronizador de caja, cubo sincronizador"
CHERY,X1,X1,SINCRONIZADOR 3/4TA CAJA,"sincronizador de caja, cubo sincronizador"
CHERY,X1,X1,SINCRONIZADOR 5TA CAJA,"sincronizador de caja, cubo sincronizador"
CHERY,X1,X1,TANQUE DE GASOLINA CON BOMBA Y MANGUERA,"deposito, tanque de gasolina"
CHERY,X1,X1,TANQUE RADIADOR INFERIO NEGRO  ORIGINAL,"deposito, tanque de gasolina"
CHERY,X1,X1,TANQUE RADIADOR SUPERIO NEGRO  ORIGINAL,"deposito, tanque de gasolina"
CHERY,X1,X1,TAPA ACEITE NEGRO,tapa de aceite del motor
CHERY,X1,X1,TAPA BLANCA DE BOMBA GASOLINA,tapa blanca de motor
CHERY,X1,X1,TAPA NEGRO DE BOMBA GASOLINA,tapa negra de motor
CHERY,X1,X1,TAPA RADIADOR ORIGINAL,tapa de radiador
CHERY,X1,X1,TAPA VALVULA  COMPLETO,tapa de valvulas del motor
CHERY,X1,X1,TAQUETES,"taquete, levantaválvulas, buzos"
CHERY,X1,X1,TENSOR DE CORREA TIEMPO ORIGINAL  (NTN),"tensor de correa, polea tensora"
CHERY,X1,X1,TENSOR TIEMPO ORIGINAL CON TIJERAS (NTN),"tensor de correa, polea tensora"
CHERY,X1,X1,TERMINAL  ORIGINAL,terminal de direccion
CHERY,X1,X1,TERMOSTATO  ORIGINAL,"termotasto, termostato de agua"
CHERY,X1,X1,TOMA DE TERMOSTATO O AGUA  ORIGINAL,"toma del termostato, carcasa del termostato"
CHERY,X1,X1,TORNILLOS DE CAMARA  (LARGO NEGRO) C/U,"birlos, pernos"
CHERY,X1,X1,TORNILLOS DE CARTER MOTOR,"birlos, pernos"
CHERY,X1,X1,TUBERIA DE AGUA PRINCIPAL ARAUCA ORIGINAL,"tuberia de agua, manguera de agua"
CHERY,X1,X1,VALVULA DE FRENO  ORIGINAL,valvula de freno
CHERY,X1,X1,VALVULA DE PRESOSTATICA AIRE,valvula presostatica de aire acondicionado
CHERY,X1,X1,VALVULA DIRECCION HIDRAULICA,valvula de direccion hidraulica
CHERY,X1,X1,VALVULA EGR DE GASES,"valvula egr, recirculacion de gases"
CHERY,X1,X1,VALVULA PCV  ORIGINAL,"valvula pcv, valvula de gases de carter"
CHERY,X1,X1,VALVULA PEDAL DE CROCHET,"valvula de pedal, valvula de freno"
CHERY,X1,X1,VALVULA PRESION ACEITE LARGA,valvula de presion de aceite o aire
CHERY,X1,X1,VALVULA PRESION ACEITE CORTA,valvula de presion de aceite o aire
CHERY,X1,X1,VALVULA RETROCESO  ORIGINAL,valvula de reversa
CHERY,X1,X1,VALVULA TEMPERATURA ORIGINAL  BOSCH,valvula de temperatura
CHERY,X1,X1,VARILLA ACEITE,"varilla de aceite, bayoneta"
CHERY,X1,X1,Y PLATICO,
CHERY,ARAUCA S15,2018,AMORTIGUADOR DELANTERO  C/U,"suspension, amortiguacion, shock"
CHERY,ARAUCA S15,2018,AMORTIGUADOR TRASERO  C/U,"suspension, amortiguacion, shock"
CHERY,ARAUCA S15,2018,ANILLOS STD,"aros de piston, rines de piston, segmentos"
CHERY,ARAUCA S15,2018,ARBOL LEVA ADMISION,"arbol de leva, eje de levas, camshaft"
CHERY,ARAUCA S15,2018,ARBOL LEVA ESCAPE,"arbol de leva, eje de levas, camshaft"
CHERY,ARAUCA S15,2018,AXIAL  STD,"rotula axial, terminal axial"
CHERY,ARAUCA S15,2018,BOMBA ACEITE ORIGINAL,bomba de aceite del motor
CHERY,ARAUCA S15,2018,BOMBA AGUA,"bomba de agua, bomba del radiador"
CHERY,ARAUCA S15,2018,CIGUEÑAL,"cigüeñal, eje cigueñal, crankshaft"
CHERY,ARAUCA S15,2018,COMPUTADORA,"computdora, ecu, modulo de control, cerebro del carro"
CHERY,ARAUCA S15,2018,CONCHA BANCADA STD,"conchas, cocnhas, cojinete, metal de biela"
CHERY,ARAUCA S15,2018,CONCHA BIELA STD,"conchas, cocnhas, cojinete, metal de biela"
CHERY,ARAUCA S15,2018,CONDENSADOR,"condensador de aire acondicionado, radiador de ac"
CHERY,ARAUCA S15,2018,ELECTROVENTILADOR  ORIGINAL,"electro, ventilador electrico, abanico electrico"
CHERY,ARAUCA S15,2018,EMPACADURA CAMARA METALICA,"empacadula, junta de motor, empaque"
CHERY,ARAUCA S15,2018,FILTRO GASOLINA,"fitro, filtro de aceite, filtro de aire, filtro de gasolina"
CHERY,ARAUCA S15,2018,GUIA VALVULA,guia de valvula del motor
CHERY,ARAUCA S15,2018,JUEGO BUJIA (3),juego de bujias
CHERY,ARAUCA S15,2018,JUEGO VALVULA ADMICION,juego de valvulas del motor
CHERY,ARAUCA S15,2018,JUEGO VALVULA ESCAPE,juego de valvulas del motor
CHERY,ARAUCA S15,2018,KIT CROCHET,"kit de embrague, kit de clutch"
CHERY,ARAUCA S15,2018,KIT DE CADENA,kit de cadena de tiempo
CHERY,ARAUCA S15,2018,KIT EMPACADURA,kit de empacadura de motor con estopera
CHERY,ARAUCA S15,2018,MESETA C/U QQ3,"plato de clutch, meseta de embrague"
CHERY,ARAUCA S15,2018,PISTON 0.10,"pistones, embolo"
CHERY,ARAUCA S15,2018,PISTON 0.20,"pistones, embolo"
CHERY,ARAUCA S15,2018,PISTON STD,"pistones, embolo"
CHERY,ARAUCA S15,2018,RADIADOR,"radiador de agua, panal"
CHERY,ARAUCA S15,2018,ROTULA  C/U,"rotula de suspension, terminal, punta de eje, mozo"
CHERY,ARAUCA S15,2018,SENSOR ABS DEL DER,sensor de frenos abs
CHERY,ARAUCA S15,2018,SENSOR ABS DEL IZQ,sensor de frenos abs
CHERY,ARAUCA S15,2018,SENSOR ABS TRASEROS,sensor de frenos abs
CHERY,ARAUCA S15,2018,TERMINAL  C/U,terminal completo
CHERY,TIGGO 2.0,TIGGO 2.0,AMORTIGUADOR DELANTERO DERECHO  ORIGINAL,"suspension, amortiguacion, shock"
CHERY,TIGGO 2.0,TIGGO 2.0,AMORTIGUADOR DELANTERO IZQUIERDO ORIGINAL,"suspension, amortiguacion, shock"
CHERY,TIGGO 2.0,TIGGO 2.0,AMORTIGUADOR TRASERO TIGGO 2.0  C/U 2.4,"suspension, amortiguacion, shock"
CHERY,TIGGO 2.0,TIGGO 2.0,ANTENA INMOVILIZADOR OR,antenita
CHERY,TIGGO 2.0,TIGGO 2.0,ANILLOS 484 0.10 2.0 ORIGINAL,"aros de piston, rines de piston, segmentos"
CHERY,TIGGO 2.0,TIGGO 2.0,ANILLOS 484 0.20 2.0 ORIGINAL,"aros de piston, rines de piston, segmentos"
CHERY,TIGGO 2.0,TIGGO 2.0,ANILLOS 484 STD 2.0 ORIGINAL,"aros de piston, rines de piston, segmentos"
CHERY,TIGGO 2.0,TIGGO 2.0,ARBOL LEVA ADMISION,"arbol de leva, eje de levas, camshaft"
CHERY,TIGGO 2.0,TIGGO 2.0,ARBOL LEVA ESCAPE,"arbol de leva, eje de levas, camshaft"
CHERY,TIGGO 2.0,TIGGO 2.0,BASE DE AMORTIGUADOR ORIGINAL,"copa de amortiguador, soporte de amortiguador"
CHERY,TIGGO 2.0,TIGGO 2.4,BASE DE MOTOR DELANTERA 2.4,"soporte de motor, cuna de motor, taco de motor"
CHERY,TIGGO 2.0,TIGGO 2.4,BASE DE MOTOR DERECHA 2.4,"soporte de motor, cuna de motor, taco de motor"
CHERY,TIGGO 2.0,TIGGO 2.4,BASE DE MOTOR IZQUIERDA 2.4,"soporte de motor, cuna de motor, taco de motor"
CHERY,TIGGO 2.0,TIGGO 2.4,BASE DE MOTOR TRASERA 2.4,"soporte de motor, cuna de motor, taco de motor"
CHERY,TIGGO 2.0,TIGGO 2.0,BARRA TRASERA IZQ INFERIOR COMPLETA,"barra trasera de suspension, brazo trasero"
CHERY,TIGGO 2.0,TIGGO 2.0,BARRA TRASERA DER INFERIOR COMPLETA,"barra trasera de suspension, brazo trasero"
CHERY,TIGGO 2.0,TIGGO 2.0,BARRA TRASERA SUPERIOR COMPLETO,"barra trasera de suspension, brazo trasero"
CHERY,TIGGO 2.0,TIGGO 2.0,BARRA TRASERA SUPERIOR COMPLETO CON GRADUACION,"barra trasera de suspension, brazo trasero"
CHERY,TIGGO 2.0,TIGGO 2.0,BOBINA DE ENCENDIDO,"bobina de encendido, coil"
CHERY,TIGGO 2.0,TIGGO 2.0,BOMBA DE DIRECCION,bomba de direccion hidraulica
CHERY,TIGGO 2.0,TIGGO 2.0,BOMBA ACEITE  484,bomba de aceite del motor
CHERY,TIGGO 2.0,TIGGO 2.0,BOMBA ACEITE ORIGINAL CHERY  484J,bomba de aceite del motor
CHERY,TIGGO 2.0,TIGGO 2.0,BOMBA AGUA ORIGINAL PLANTA,"bomba de agua, bomba del radiador"
CHERY,TIGGO 2.0,TIGGO 2.0,BOMBA DE AGUA CHERY,"bomba de agua, bomba del radiador"
CHERY,TIGGO 2.0,TIGGO 2.0,BOMBA DE FRENO,"bomba de freno, cilindro maestro de freno"
CHERY,TIGGO 2.0,TIGGO 2.0,BOMBA GASOLINA TIGGO 2.0 UN SOLO PICO,"bomba de gasolina, bomba de combustible"
CHERY,TIGGO 2.0,TIGGO 2.0,BOMBIN INFERIOR,"bombin inferior de embrague, cilindro esclavo"
CHERY,TIGGO 2.0,TIGGO 2.0,BOMBIN SUPERIOR TIGGO,"bombin superior de embrague, cilindro maestro de clutch"
CHERY,TIGGO 2.0,TIGGO 2.0,BUJE DE BARRA ESTABILIZADORA TIGGO 2.0 ORIGINAL 2.4,"bujes, buches, goma de suspension, silentblock"
CHERY,TIGGO 2.0,TIGGO 2.0,BUJE MESETA DELT TIGGO 2.0 GRANDE,"bujes, buches, goma de suspension, silentblock"
CHERY,TIGGO 2.0,TIGGO 2.0,BUJE MESETA DELT TIGGO 2.0 PEQ,"bujes, buches, goma de suspension, silentblock"
CHERY,TIGGO 2.0,TIGGO 2.0,CAMARA COMPLETA ORIGINAL,"camara de aire, tripa"
CHERY,TIGGO 2.0,TIGGO 2.0,CAMARA DESNUDA ORIGINAL,"camara de aire, tripa"
CHERY,TIGGO 2.0,TIGGO 2.0,DISCO CROCHET TIGGO,disco de freno
CHERY,TIGGO 2.0,TIGGO 2.0,EMPACADURA DE BOMBA ACEITE ORIGINAL,"empacadula, junta de motor, empaque"
CHERY,TIGGO 2.0,TIGGO 2.0,EMPACADURA DE CAMARA AMIANTO,"empacadula, junta de motor, empaque"
CHERY,TIGGO 2.0,TIGGO 2.0,EMPACADURA DE CAMARA METALICA,"empacadula, junta de motor, empaque"
CHERY,TIGGO 2.0,TIGGO 2.0,EMPACADURA TAPA VALVULA FINA ORIGINAL,"empacadula, junta de motor, empaque"
CHERY,TIGGO 2.0,TIGGO 2.0,EMPACADURA TAPA VALVULA GRUESA,"empacadula, junta de motor, empaque"
CHERY,TIGGO 2.0,TIGGO 2.0,FILTRO DE LINEA GASOLINA,"fitro, filtro de aceite, filtro de aire, filtro de gasolina"
CHERY,TIGGO 2.0,TIGGO 2.0,GUIA DE VALVULA TIGGO ORIGINAL (JUEGO 16),guia de valvula del motor
CHERY,TIGGO 2.0,TIGGO 2.0,INYECTOR,"inyetor, inyector de gasolina, boquilla"
CHERY,TIGGO 2.0,TIGGO 2.0,KIT CROCHET TIGGO 2.0,"kit de embrague, kit de clutch"
CHERY,TIGGO 2.0,TIGGO 2.0,KIT EMPACADURA 484J,kit de empacadura de motor con estopera
CHERY,TIGGO 2.0,TIGGO 2.0,LAPIZ DELANTERO,"sensor lapiz, sonda"
CHERY,TIGGO 2.0,"TIGGO 2,0",MOZO TRASERO 4*2,"rotula, terminal de direccion"
CHERY,TIGGO 2.0,TIGGO 2.0,MOZO TRASERO 4*4,"rotula, terminal de direccion"
CHERY,TIGGO 2.0,TIGGO 2.0,MULTIPLE ESCAPE TIGGO 2.0,"multiple de admision, multiple de escape"
CHERY,TIGGO 2.0,TIGGO 2.0,MUÑON DE TIGGO 2.0 2.4,"muñon, porta mazas"
CHERY,TIGGO 2.0,TIGGO 2.0,ORIN AZUL DE BOMBA GASOLINA TIGGO,"orin de puerta, bisagra"
CHERY,TIGGO 2.0,TIGGO 2.0,PISTON 484 0.10/0.25 SIN RETEN,"pistones, embolo"
CHERY,TIGGO 2.0,TIGGO 2.0,PISTON 484 0.20/0.50 SIN RETEN,"pistones, embolo"
CHERY,TIGGO 2.0,TIGGO 2.0,PISTON 484 0.30/0.75 SIN RETEN CON ANILLOS,"pistones, embolo"
CHERY,TIGGO 2.0,TIGGO 2.0,PISTON 484 STD SIN RETEN,"pistones, embolo"
CHERY,TIGGO 2.0,TIGGO 2.0,"PUNTA DE TRIPOIDE 26X25X55,30","punta trioide, homocinetica interna"
CHERY,TIGGO 2.0,TIGGO 2.0,REGULADOR COMPLETO TIGGO 2.0 UN SOLO PICO,"regurador, regulador de alternador, regulador de voltaje"
CHERY,TIGGO 2.0,TIGGO 2.0,ROTULA DE TIGGO 2.0 2.4,"rotula de suspension, terminal, punta de eje, mozo"
CHERY,TIGGO 2.0,TIGGO 2.0,SENSOR DE OXIGENO DELANTERO,"sonda lambda, sensor de oxigeno"
CHERY,TIGGO 2.0,TIGGO 2.0,SENSOR DE TEMPERATURA DE AGUA,sensor de temperatura del motor
CHERY,TIGGO 2.0,TIGGO 2.0,SENSOR POSICION DE CIGUEÑAL,sensor de posicion del cigueñal o arbol
CHERY,TIGGO 2.0,TIGGO 2.0,TAQUETE HIDRAULICO,"taquetes, levantaválvula, buzo"
CHERY,TIGGO 2.0,TIGGO 2.0,TERMINAL DER TIGGO 2.0 2.4,terminal derecho de direccion
CHERY,TIGGO 2.0,TIGGO 2.0,TERMINAL IZQ TIGGO 2.0 2.4,terminal izquierdo de direccion
CHERY,X5,TIUNA X5,ANILLOS 484 0.10 2.0 ORIGINAL,"aros de piston, rines de piston, segmentos"
CHERY,X5,TIUNA X5,ANILLOS 484 0.20 2.0 ORIGINAL,"aros de piston, rines de piston, segmentos"
CHERY,X5,TIUNA X5,ANILLOS 484 STD 2.0 ORIGINAL,"aros de piston, rines de piston, segmentos"
CHERY,X5,TIUNA X5,ARBOL LEVA ADMISION,"arbol de leva, eje de levas, camshaft"
CHERY,X5,TIUNA X5,ARBOL LEVA ESCAPE,"arbol de leva, eje de levas, camshaft"
CHERY,X5,TIUNA X5,BASE TERMOSTATO X5 ORIGINAL,"carcasa del termostato, soporte de termostato"
CHERY,X5,TIUNA X5,BASE BRAZO LOCO,"base de brazo loco, soporte de brazo"
CHERY,X5,TIUNA X5,BOBINA ORIGINAL X5,"bobina de encendido, coil"
CHERY,X5,TIUNA X5,BOMBA ACEITE  484,bomba de aceite del motor
CHERY,X5,TIUNA X5,BOMBA ACEITE ORIGINAL CHERY  484J,bomba de aceite del motor
CHERY,X5,TIUNA X5,BOMBA AGUA ORIGINAL PLANTA,"bomba de agua, bomba del radiador"
CHERY,X5,TIUNA X5,BOMBA DE AGUA CHERY,"bomba de agua, bomba del radiador"
CHERY,X5,TIUNA X5,BOMBA DE GASOLINA,"bomba de gasolina, bomba de combustible"
CHERY,X5,TIUNA X5,BOMBA FRENO ORIGINAL,"bomba de freno, cilindro maestro de freno"
CHERY,X5,TIUNA X5,BOMBIN SUPERIOR,"bombin superior de embrague, cilindro maestro de clutch"
CHERY,X5,TIUNA X5,BRAZO BIELA X5,"brazo de suspension, brazo axial, biela"
CHERY,X5,TIUNA X5,BRAZO LOCO ORIGINAL,"brazo de suspension, brazo axial, biela"
CHERY,X5,TIUNA X5,BRAZO PITMAN ORIGINAL,"brazo de suspension, brazo axial, biela"
CHERY,X5,TIUNA X5,CIGÜEÑAL,"ciguenal, eje cigueñal, crankshaft"
CHERY,X5,TIUNA X5,COMPRESOR TIUNA X5 ORIGINAL,"compresor de aire acondicionado, compresor ac"
CHERY,X5,TIUNA X5,EMPACADURA DE BOMBA ACEITE ORIGINAL,"empacadula, junta de motor, empaque"
CHERY,X5,TIUNA X5,EMPACADURA DE CAMARA AMIANTO,"empacadula, junta de motor, empaque"
CHERY,X5,TIUNA X5,EMPACADURA DE CAMARA METALICA,"empacadula, junta de motor, empaque"
CHERY,X5,TIUNA X5,EMPACADURA TAPA VALVULA FINA ORIGINAL,"empacadula, junta de motor, empaque"
CHERY,X5,TIUNA X5,EMPACADURA TAPA VALVULA GRUESA,"empacadula, junta de motor, empaque"
CHERY,X5,TIUNA X5,ENFRIADOR DE ACEITE,"radiador de aceite, intercambiador de calor"
CHERY,X5,TIUNA X5,KIT CROCHET X5 ORIGINAL,"kit de embrague, kit de clutch"
CHERY,X5,TIUNA X5,KIT DE EMPACADURA 484J,kit de empacadura de motor con estopera
CHERY,X5,TIUNA X5,KIT DE TURBO ORIGINAL,kit de reparacion de turbo
CHERY,X5,TIUNA X5,MANILLA EXTERNA DELT DERECHA ORIGINAL,"manija, agarradera, manilla de puerta"
CHERY,X5,TIUNA X5,MANILLA EXTERNA DELT IZQUIERDA ORIGINAL,"manija, agarradera, manilla de puerta"
CHERY,X5,TIUNA X5,MANILLA EXTERNA TRAS DERECHA ORIGINAL,"manija, agarradera, manilla de puerta"
CHERY,X5,TIUNA X5,MANILLA EXTERNA TRAS IZQUIERDA ORIGINAL,"manija, agarradera, manilla de puerta"
CHERY,X5,TIUNA X5,MUÑON INF DER,"muñon inferior, porta mazas inferior"
CHERY,X5,TIUNA X5,MUÑON INF IZQ,"muñon inferior, porta mazas inferior"
CHERY,X5,TIUNA X5,MUÑON SUPERIOR,porta mazas superior
CHERY,X5,TIUNA X5,PISTON 484 0.10/0.25 CON RETEN,"pistones, embolo"
CHERY,X5,TIUNA X5,PISTON 484 0.20/0.50 CON RETEN,"pistones, embolo"
CHERY,X5,TIUNA X5,PISTON 484 0.30/0.75 CON RETEN CON ANILLOS,"pistones, embolo"
CHERY,X5,TIUNA X5,PISTON 484 STD CON RETEN,"pistones, embolo"
CHERY,X5,TIUNA X5,SENSOR DE CIGUEÑAL X5 ORIGINAL,sensor de cigueñal
CHERY,X5,TIUNA X5,TERMINAL EXTERNO CORTO,terminal externo de direccion
CHERY,X5,TIUNA X5,TERMINAL INTERNO LARGO,terminal interno de direccion
CHERY,X5,TIUNA X5,TUBERIA PRINCIPAL AGUA X5,"tuberia principal, manguera principal"
CHERY,X5,TIUNA X5,TURBO X5,turbocompresor
CHERY,H5,H5,ANILLOS 484 0.10 2.0 ORIGINAL,"aros de piston, rines de piston, segmentos"
CHERY,H5,H5,ANILLOS 484 0.20 2.0 ORIGINAL,"aros de piston, rines de piston, segmentos"
CHERY,H5,H5,ANILLOS 484 STD 2.0 ORIGINAL,"aros de piston, rines de piston, segmentos"
CHERY,H5,H5,ARBOL LEVA ADMISION,"arbol de leva, eje de levas, camshaft"
CHERY,H5,H5,ARBOL LEVA ESCAPE,"arbol de leva, eje de levas, camshaft"
CHERY,H5,H5,BOMBA ACEITE  484,bomba de aceite del motor
CHERY,H5,H5,BOMBA ACEITE ORIGINAL CHERY  484J,bomba de aceite del motor
CHERY,H5,H5,BOMBA AGUA ORIGINAL PLANTA,"bomba de agua, bomba del radiador"
CHERY,H5,H5,BOMBA DE AGUA CHERY,"bomba de agua, bomba del radiador"
CHERY,H5,H5,BOMBA DE GASOLINA,"bomba de gasolina, bomba de combustible"
CHERY,H5,H5,BOMBA FRENO H5,"bomba de freno, cilindro maestro de freno"
CHERY,H5,H5,BOMBA GASOLINA H5 ORIGINAL,"bomba de gasolina, bomba de combustible"
CHERY,H5,H5,BRAZO BIELA H5,"brazo de suspension, brazo axial, biela"
CHERY,H5,H5,CAMARA COMPLETA ORIGINAL,"camara de aire, tripa"
CHERY,H5,H5,CAMARA DESNUDA ORIGINAL,"camara de aire, tripa"
CHERY,H5,H5,CIGÜEÑAL,"ciguenal, eje cigueñal, crankshaft"
CHERY,H5,H5,COMPRESOR H5 ORIGINAL,"compresor de aire acondicionado, compresor ac"
CHERY,H5,H5,EMPACADURA DE BOMBA ACEITE ORIGINAL,"empacadula, junta de motor, empaque"
CHERY,H5,H5,EMPACADURA DE CAMARA AMIANTO,"empacadula, junta de motor, empaque"
CHERY,H5,H5,EMPACADURA DE CAMARA METALICA,"empacadula, junta de motor, empaque"
CHERY,H5,H5,EMPACADURA TAPA VALVULA FINA ORIGINAL,"empacadula, junta de motor, empaque"
CHERY,H5,H5,EMPACADURA TAPA VALVULA GRUESA,"empacadula, junta de motor, empaque"
CHERY,H5,H5,KIT CROCHE H5 ORIGINAL,"kit de embrague, kit de clutch"
CHERY,H5,H5,KIT EMPACADURA 484J,kit de empacadura de motor con estopera
CHERY,H5,H5,PISTON 484 0.10/0.25 SIN RETEN,"pistones, embolo"
CHERY,H5,H5,PISTON 484 0.20/0.50 SIN RETEN,"pistones, embolo"
CHERY,H5,H5,PISTON 484 STD SIN RETEN,"pistones, embolo"
CHERY,H5,H5,SENSOR DE OXIGENO DELANTERO,"sonda lambda, sensor de oxigeno"
CHERY,H5,H5,TERMINAL CON ROTULA,"terminal, rotula de direccion"
CHERY,H5,H5,MUÑON,"munon, porta mazas, knuckle"
CHERY,H5,H5,MESETA DER,"plato de clutch, meseta de embrague"
CHERY,H5,H5,MESETA IZQ,"plato de clutch, meseta de embrague"
CHERY,H5,H5,RADIADOR BAJO PEDIDO,"radiador de agua, panal"
CHERY,GRAN TIGGO,GRAND TIGGO,ALTERNADOR ORIGINAL,"dinamo, generador"
CHERY,GRAN TIGGO,GRAND TIGGO,AMORTIGUADOR DELANTELO DERECHA  ORIGINAL,"suspension, amortiguacion, shock"
CHERY,GRAN TIGGO,GRAND TIGGO,AMORTIGUADOR DELANTERO IZQ ORIGINAL,"suspension, amortiguacion, shock"
CHERY,GRAN TIGGO,GRAND TIGGO,AMORTIGUADOR TRASERA  ORIGINAL C/U,"suspension, amortiguacion, shock"
CHERY,GRAN TIGGO,GRAND TIGGO,ANILLOS 484 0.10 ORIGINAL,"aros de piston, rines de piston, segmentos"
CHERY,GRAN TIGGO,GRAND TIGGO,ANILLOS 484 0.20  ORIGINAL,"aros de piston, rines de piston, segmentos"
CHERY,GRAN TIGGO,GRAND TIGGO,ANILLOS 484 STD ORIGINAL,"aros de piston, rines de piston, segmentos"
CHERY,GRAN TIGGO,GRAND TIGGO,ARBOL LEVA ADMISION,"arbol de leva, eje de levas, camshaft"
CHERY,GRAN TIGGO,GRAND TIGGO,ARBOL LEVA ESCAPE GRAND TIGGO,"arbol de leva, eje de levas, camshaft"
CHERY,GRAN TIGGO,GRAND TIGGO,BARRA DER INFERIO COMPLETO GRAND TIGGO,"barra derecha de suspension, brazo derecho"
CHERY,GRAN TIGGO,GRAND TIGGO,BARRA IZQ INFERIO COMPLETO GRAND TIGGO,"barra izquierda de suspension, brazo izquierdo"
CHERY,GRAN TIGGO,GRAND TIGGO,BARRA SUPERIO COMPLETO  GRAND TIGGO,"barra superior de suspension, brazo superior"
CHERY,GRAN TIGGO,GRAND TIGGO,BARRA SUPERIO COMPLETO CON GRADUACION GRAND TIGGO,"barra superior de suspension, brazo superior"
CHERY,GRAN TIGGO,GRAND TIGGO,BASE AMORTIGUADOR TIGGO Y GRAND TIGGO CALIDAD,"copa de amortiguador, soporte de amortiguador"
CHERY,GRAN TIGGO,GRAND TIGGO,BASE MOTIR DER  GRAND TIG,"base motor, soporte de motor"
CHERY,GRAN TIGGO,GRAND TIGGO,BASE MOTOR DELANTERO ORIGINAL NEGRO GRANG TIG,"soporte de motor, cuna de motor, taco de motor"
CHERY,GRAN TIGGO,GRAND TIGGO,BASE MOTOR IZQ  NEGRO GRAND TIG,"soporte de motor, cuna de motor, taco de motor"
CHERY,GRAN TIGGO,GRAND TIGGO,BASE MOTOR TRASERA ORIGINAL NEGRO GRAND TIG,"soporte de motor, cuna de motor, taco de motor"
CHERY,GRAN TIGGO,GRAND TIGGO,BOMBA ACEITE CAJA GRAND TIGGO,bomba de aceite del motor
CHERY,GRAN TIGGO,GRAND TIGGO,BOMBA ACEITE ORIGINAL 484J,bomba de aceite del motor
CHERY,GRAN TIGGO,GRAND TIGGO,BOMBA DIRECCION GRAND TIGGO,bomba de direccion hidraulica
CHERY,GRAN TIGGO,GRAND TIGGO,BOMBA FRENO GRAND TIGGO,"bomba de freno, cilindro maestro de freno"
CHERY,GRAN TIGGO,GRAND TIGGO,BOMBA GASOLINA GRAND TIGGO,"bomba de gasolina, bomba de combustible"
CHERY,GRAN TIGGO,GRAND TIGGO,BOMBA O MOTOE WIPER LIMPIA PARABRISAS GRAND T21,"bomba de motor, bomba de aceite"
CHERY,GRAN TIGGO,GRAND TIGGO,BUJE CAJETIN GRAND TIGGO  (2),"bujes, buches, goma de suspension, silentblock"
CHERY,GRAN TIGGO,GRAND TIGGO,BUJE DE BARRA ESTABILIZADORA GRAND TIGGO ORIGINAL,"bujes, buches, goma de suspension, silentblock"
CHERY,GRAN TIGGO,GRAND TIGGO,BUJE DE MESETA DEL GRANDE GRAND TIGGO,"bujes, buches, goma de suspension, silentblock"
CHERY,GRAN TIGGO,GRAND TIGGO,BUJE DE MESETA DEL PERQ GRAND TIGGO,"bujes, buches, goma de suspension, silentblock"
CHERY,GRAN TIGGO,GRAND TIGGO,CADENA DE CAJA GRAND TIGGO ORIGINAL,"cadena de tiempo, cadena distribucion"
CHERY,GRAN TIGGO,GRAND TIGGO,CAJA GRAND TIGGO,"caja de velocidades, transmision"
CHERY,GRAN TIGGO,GRAND TIGGO,CAJETIN DE GRAND TIGGO COMPLETO,"caja de direccion, cremallera de direccion"
CHERY,GRAN TIGGO,GRAND TIGGO,CAMARA GRAND TIGGO ORIGINAL,"camara de aire, tripa"
CHERY,GRAN TIGGO,GRAND TIGGO,CERPENTIN DE CAJA GRAND TIGGO ORIGINAL,"serpentin, evaporador aire acondicionado"
CHERY,GRAN TIGGO,GRAND TIGGO,COMPRESOR GRAND TIGGO,"compresor de aire acondicionado, compresor ac"
CHERY,GRAN TIGGO,GRAND TIGGO,COMPUTADORA DE CAJA GRAND TIGGO ORIGINAL,"computdora, ecu, modulo de control, cerebro del carro"
CHERY,GRAN TIGGO,GRAND TIGGO,COMPUTADORA DE GRAND TIGGO ORIGINAL,"computdora, ecu, modulo de control, cerebro del carro"
CHERY,GRAN TIGGO,GRAND TIGGO,CORREA UNICA 6PK1628,"correo, banda, faja"
CHERY,GRAN TIGGO,GRAND TIGGO,ELECTROVENTILADOR GRAND TIGGO ORIGINAL,"electro, ventilador electrico, abanico electrico"
CHERY,GRAN TIGGO,GRAND TIGGO,EMPACADULA TAPA VALVULA H5 GRAND TIGGO TIUNA,"empacadura, junta de motor, empaque"
CHERY,GRAN TIGGO,GRAND TIGGO,EMPACADURA CAMARA 484 PARA H5 GRAND TIGGO A520 TIUNA,"empacadula, junta de motor, empaque"
CHERY,GRAN TIGGO,GRAND TIGGO,ESTOPERA ARBOL LEVA GRAND TIGGO C/U,"estopela, reten, sello de aceite"
CHERY,GRAN TIGGO,GRAND TIGGO,FILTRO ACEITE DE CAJA GRAND TIGGO,"fitro, filtro de aceite, filtro de aire, filtro de gasolina"
CHERY,GRAN TIGGO,GRAND TIGGO,FILTRO AIRE ANTIPOLEN A/A GRAND TIGGO ORIGINAL,"fitro, filtro de aceite, filtro de aire, filtro de gasolina"
CHERY,GRAN TIGGO,GRAND TIGGO,FILTRO AIRE MOTOR GRAND TIGGO ORIGINAL,"fitro, filtro de aceite, filtro de aire, filtro de gasolina"
CHERY,GRAN TIGGO,GRAND TIGGO,FILTRO GASOLINA GRAND TIGGO,"fitro, filtro de aceite, filtro de aire, filtro de gasolina"
CHERY,GRAN TIGGO,GRAND TIGGO,FLOTANTE GASOLINA GRAND TIGGO,"flotatante, sensor de nivel, boya de gasolina"
CHERY,GRAN TIGGO,GRAND TIGGO,GUERPO VALVULA DE CAJA GRAND TIGGO CON SELENOIDES,"cuerpo de valvula de caja, guerpo de valvula"
CHERY,GRAN TIGGO,GRAND TIGGO,GUIA DE VALVULA TIGGO H5 TIUNA ORIGINAL (JUEGO 16),guia de valvula del motor
CHERY,GRAN TIGGO,GRAND TIGGO,KIT CORREA TIEMPO ORIGINAL GRAND TIGGO CON TENSOR DE TIJER,kit de correa de tiempo
CHERY,GRAN TIGGO,GRAND TIGGO,KIT DE DISCO DE PASTA Y HIERRO DE CAJA GRAND  DEL,kit de disco de freno con pastilla
CHERY,GRAN TIGGO,GRAND TIGGO,KIT DE DISCO DE PASTA Y HIERRO DE CAJA GRAND  TRA,kit de disco de freno con pastilla
CHERY,GRAN TIGGO,GRAND TIGGO,KIT DE SELLOS SOLO GOMAS Y ORIN ( SIN MUNICIONES ),kit de sellos de caja
CHERY,GRAN TIGGO,GRAND TIGGO,KIT EMPACADURA DE GRAND TIGGO CON ESTOPERA LEVA EXACTO,kit de empacadura de motor con estopera
CHERY,GRAN TIGGO,GRAND TIGGO,KIT PISTON CAJA GRAND TIGGO,kit de piston de caja
CHERY,GRAN TIGGO,GRAND TIGGO,KIT SELLOS CAJA GRAND TIGGO COMPLETO,kit de sellos de caja
CHERY,GRAN TIGGO,GRAND TIGGO,LAPIZ DELANTERO GRAND TIGGO ORIGINAL,"sensor lapiz, sonda"
CHERY,GRAN TIGGO,GRAND TIGGO,MOZO DELANTERO GRAND TIGGO,"rotula, terminal de direccion"
CHERY,GRAN TIGGO,GRAND TIGGO,MOZO TRANSERA GRAMD TIGGO,"rotula, terminal de direccion"
CHERY,GRAN TIGGO,GRAND TIGGO,MUNON DE MESETA GRAND TIGGO,"muñon de meseta, muñon de embrague"
CHERY,GRAN TIGGO,GRAND TIGGO,PASTILLA TRASERA DE GRAND TIGGO ORIGINAL,"balata, pastillas de freno"
CHERY,GRAN TIGGO,GRAND TIGGO,PASTILLAS DELANTERO GRAND TIGGO ORIGINAL,"balatas, pastilla de freno"
CHERY,GRAN TIGGO,GRAND TIGGO,PISTON 484 0.10/0.25 CON RETEN,"pistones, embolo"
CHERY,GRAN TIGGO,GRAND TIGGO,PISTON 484 0.20/0.50 CON RETEN,"pistones, embolo"
CHERY,GRAN TIGGO,GRAND TIGGO,PISTON 484 STD CON RETEN,"pistones, embolo"
CHERY,GRAN TIGGO,GRAND TIGGO,POLEA VARIADORA P,"polea de correa, polea de alternador"
CHERY,GRAN TIGGO,GRAND TIGGO,RESEVORIO AGUA GRAND TIGGO,"reservorio, deposito"
CHERY,GRAN TIGGO,GRAND TIGGO,ROLINERA DELANTERO GRAND TIGGO,"rodamiento, bearing"
CHERY,GRAN TIGGO,GRAND TIGGO,ROTULA GRAND TIGGO,"rotula de suspension, terminal, punta de eje, mozo"
CHERY,GRAN TIGGO,GRAND TIGGO,SELENOIDES DE CAJA GRAND TIGGO C/U,"selenoide, solenoides"
CHERY,GRAN TIGGO,GRAND TIGGO,SENSOR ABS DEL DER GRAND TIGGO,sensor de frenos abs
CHERY,GRAN TIGGO,GRAND TIGGO,SENSOR ABS DEL IZQ GRAND TIGGO,sensor de frenos abs
CHERY,GRAN TIGGO,GRAND TIGGO,SENSOR ABS TRASERA GRAND TIGGO IGUAL LOS DOS,sensor de frenos abs
CHERY,GRAN TIGGO,GRAND TIGGO,SENSOR NEUTRO CAJA GRAND TIGGO,sensor de neutro de caja
CHERY,GRAN TIGGO,GRAND TIGGO,SENSOR OXIGENO GRAND TIGGO,"sonda lambda, sensor de oxigeno"
CHERY,GRAN TIGGO,GRAND TIGGO,SENSOR VELOCIDAD CORTA,sensor de velocidad
CHERY,GRAN TIGGO,GRAND TIGGO,SENSOR VELOCIDAD LARGO,sensor de velocidad
CHERY,GRAN TIGGO,GRAND TIGGO,TAQUETES (16),"taquete, levantaválvulas, buzos"
CHERY,GRAN TIGGO,GRAND TIGGO,TERMINAL DER GRAND TIGGO,terminal derecho de direccion
CHERY,GRAN TIGGO,GRAND TIGGO,TERMINAL IZQ GRAND TIGGO,terminal izquierdo de direccion
CHERY,GRAN TIGGO,GRAND TIGGO,VALVULA DE OCV DE GRAND TIGGO PRICION ACEITE VVT,"valvula de tiempo variable, ocv"
CHERY,GRAN TIGGO,GRAND TIGGO,VALVULA FRENO GRAND TIGGO,valvula de freno
CHERY,GRAN TIGGO,GRAND TIGGO,VALVULA PRESION ACEITE CAJA GRAND TIGGO,valvula de presion de aceite o aire
CHERY,GRAN TIGGO,GRAND TIGGO,VVT ADMICION DE GRAND TIGGO ORIGINAL C/U,"variador de tiempo, vvt actuator"
CHERY,GRAN TIGGO,GRAND TIGGO,VVT ESCAPE DE GRAND TIGGO ORIGINAL C/U,"variador de tiempo, vvt actuator"
