DESCRIPCION,MODELO,COSTO,DIVISA,MONTO Bs,BOLIVARES
DESENGRASANTE 32 OZ,BRAVA,5,8,6970.4728,11
ALTERNADOR,BUS/VAN/TRUCK,90,120,104557.092,135.6
AMORTIGUADOR DE COMPUERTA TRASERA,BUS/VAN/TRUCK,8,13,11327.0183,14.69
AMORTIGUADOR DELANTERO DERECHO GAS,BUS/VAN/TRUCK,30,37,32238.4367,41.81
AMORTIGUADOR DELANTERO DERECHO ACEITE,BUS/VAN/TRUCK,30,37,32238.4367,41.81
AMORTIGUADOR DELANTERO IZQUIERDO ACEITE,BUS/VAN/TRUCK,30,37,32238.4367,41.81
AMORTIGUADOR DELANTERO IZQUIERDO GAS,BUS/VAN/TRUCK,30,37,32238.4367,41.81
AMORTIGUADOR TRASERO,BUS/VAN/TRUCK,14,20,17426.182,22.6
"ANILLOS 0,25/010",BUS/VAN/TRUCK,10,15,13069.6365,16.95
"ANILLOS 0,50/020",BUS/VAN/TRUCK,10,15,13069.6365,16.95
"ANILLOS 0,75/030",BUS/VAN/TRUCK,16,20,17426.182,22.6
ANILLOS STD,BUS/VAN/TRUCK,10,15,13069.6365,16.95
ARANDELA TOPE DE AMORTIGUADOR,BUS/VAN/TRUCK,3,5,4356.5455,5.65
ARBOL DE LEVA 2 LECTORE Esteem,BUS/VAN/TRUCK,31,40,34852.364,45.2
ARBOL DE LEVA 1 LECTOR (ORIGNAL ),BUS/VAN/TRUCK,31,40,34852.364,45.2
ARRANQUE DE MOTOR ,BUS/VAN/TRUCK,60,80,69704.728,90.4
BANDAS DE FRENO ,BUS/VAN/TRUCK,10,20,17426.182,22.6
BALLESTAS TRASERA ( 4 HOJAS),BUS/VAN/TRUCK,55,70,60991.637,79.1
BARRA DE TORCION DERECHA,BUS/VAN/TRUCK,10,20,17426.182,22.6
BARRA DE TORCION IZQUIERDA,BUS/VAN/TRUCK,10,20,17426.182,22.6
BASE DE MOTOR DERECHA,BUS/VAN/TRUCK,15,25,21782.7275,28.25
BASE DE MOTOR IZQUIERDA,BUS/VAN/TRUCK,25,35,30495.8185,39.55
BASE METELICA DE AMORTIGUADOR,BUS/VAN/TRUCK,7,12,10455.7092,13.56
BASE PATIN INFERIOR DERECHA (20230115R),BUS/VAN/TRUCK,10,15,13069.6365,16.95
BASE PATIN INFERIOR IZQUIERDA (20230115L),BUS/VAN/TRUCK,10,15,13069.6365,16.95
BASE PATIN PUERTA MEDIA DERECHA,BUS/VAN/TRUCK,7,12,10455.7092,13.56
BASE PATIN PUERTA MEDIA IZQUIERDA,BUS/VAN/TRUCK,7,12,10455.7092,13.56
BASE PATIN SUPERIOR PUERTA DERECHA (202350),BUS/VAN/TRUCK,5,10,8713.091,11.3
BASE PATIN SUPERIOR PUERTA IZQUIERDA (201801),BUS/VAN/TRUCK,5,10,8713.091,11.3
BASE TRASERA DE CAJA,BUS/VAN/TRUCK,10,16,13940.9456,18.08
BOBINA DE ENCENDIDO,BUS/VAN/TRUCK,14,20,17426.182,22.6
BOMBA DE ACEITE,BUS/VAN/TRUCK,24,35,30495.8185,39.55
BOMBA DE AGUA,BUS/VAN/TRUCK,16,25,21782.7275,28.25
BOMBA DE FRENO,BUS/VAN/TRUCK,18,25,21782.7275,28.25
BOMBA DE GASOLINA,BUS/VAN/TRUCK,35,45,39208.9095,50.85
BRAZO DE BIELA,BUS/VAN/TRUCK,10,15,13069.6365,16.95
BUJE BARRA ESTABILZADORA,BUS/VAN/TRUCK,1,2,1742.6182,2.26
BUJE DE BALLESTAS PEQ GRAD 8 UND,BUS/VAN/TRUCK,5,10,8713.091,11.3
BUJE DE BASE DE CAJA TRASERO ,BUS/VAN/TRUCK,3.5,6,5227.8546,6.78
BUJE DE BASE DE MOTOR DERECHA E IZQUIERDA ,BUS/VAN/TRUCK,4,8,6970.4728,9.04
BUJE DE EMPUJE DELENTERO ,BUS/VAN/TRUCK,1,3,2613.9273,3.39
BUJES DE BALLESTA  TRASERO (4UND),BUS/VAN/TRUCK,5,10,8713.091,11.3
BUJIAS NGK (4 UNIDADES),BUS/VAN/TRUCK,4.8,10,8713.091,11.3
BUJIAS NGK (4 UNIDADES) (aplica a la c35),BUS/VAN/TRUCK,6,10,8713.091,11.3
BUJIAS DENSO CAJA AMARILLA (4 UND PUNTA IRIDIUM ),BUS/VAN/TRUCK,6,10,8713.091,11.3
BUJIAS DENSO CAJA AZUL (4 UND PUNTA IRIDIUM),BUS/VAN/TRUCK,6,10,8713.091,11.3
BUJIAS TORCH 3 PUNTAS (4 UNIDADES),BUS/VAN/TRUCK,6,10,8713.091,11.3
CABLES DE BUJAS,BUS/VAN/TRUCK,5,10,8713.091,11.3
CARDAN 2201100-01,BUS/VAN/TRUCK,43,65,56635.0915,73.45
CAÑA DE DIRECCION DE VOLANTE INFERIOR,BUS/VAN/TRUCK,14,30,26139.273,33.9
CAÑA DE DIRECCION DE VOLANTE SUPERIOR,BUS/VAN/TRUCK,28,50,43565.455,56.5
CAJA COMPLETA ,BUS/VAN/TRUCK,600,750,653481.825,847.5
CAJETIN DE DIRECCION,BUS/VAN/TRUCK,30,45,39208.9095,50.85
CALIPER DERECHO,BUS/VAN/TRUCK,20,30,26139.273,33.9
CALIPER IZQUIERDO,BUS/VAN/TRUCK,20,30,26139.273,33.9
CAMARA COMPLETA ,BUS/VAN/TRUCK,300,350,304958.185,395.5
CAMARA DESNUDA,BUS/VAN/TRUCK,200,250,217827.275,282.5
CARCASA AIRE DE MOTOR,BUS/VAN/TRUCK,27,35,30495.8185,39.55
CARTER DE MOTOR,BUS/VAN/TRUCK,15,20,17426.182,22.6
CERRADURA DE GUANTERA,BUS/VAN/TRUCK,5,8,6970.4728,9.04
CIGÜEÑAL,BUS/VAN/TRUCK,90,110,95844.001,124.3
CILINDRO DE FRENO LH,BUS/VAN/TRUCK,5,10,8713.091,11.3
CILINDRO DE FRENO RH,BUS/VAN/TRUCK,5,10,8713.091,11.3
COCUYO DE GUARDAFANGO,BUS/VAN/TRUCK,2.504,5,4356.5455,5.65
COLLARIN,BUS/VAN/TRUCK,3.5,8,6970.4728,9.04
COMPRESOR AIRE/AC,BUS/VAN/TRUCK,150,160,139409.456,180.8
COMPUTADORA MINI BUS VAN,BUS/VAN/TRUCK,85,100,87130.91,113
CONCHAS DE BANCADA 075,BUS/VAN/TRUCK,8,15,13069.6365,16.95
CONCHAS DE BANCADA 010,BUS/VAN/TRUCK,6,10,8713.091,11.3
CONCHAS DE BANCADA 020,BUS/VAN/TRUCK,6,10,8713.091,11.3
CONCHAS DE BANCADA STD,BUS/VAN/TRUCK,6,10,8713.091,11.3
CONCHAS DE BIELA 075,BUS/VAN/TRUCK,7,15,13069.6365,16.95
CONCHAS DE BIELA 010,BUS/VAN/TRUCK,5,8,6970.4728,9.04
CONCHAS DE BIELA 020,BUS/VAN/TRUCK,5,8,6970.4728,9.04
CONCHAS DE BIELA STD,BUS/VAN/TRUCK,5,8,6970.4728,9.04
CONJUNTO DE VALVULA BOMBA DE FRENO ,BUS/VAN/TRUCK,29,35,30495.8185,39.55
CONMUTADOR DE LUCES,BUS/VAN/TRUCK,20,30,26139.273,33.9
CONTROL ELEVA VIDRIO LH BEIS,BUS/VAN/TRUCK,13,18,15683.5638,20.34
CONTROL ELEVA VIDRIO LH NEGRO,BUS/VAN/TRUCK,13,18,15683.5638,20.34
CONTROL ELEVA VIDRIO RH BEIS,BUS/VAN/TRUCK,7,15,13069.6365,16.95
CONTROL ELEVA VIDRIO RH NEGRO,BUS/VAN/TRUCK,7,15,13069.6365,16.95
CONTROL ELEVAVIDRIO DERECHO 2013,BUS/VAN/TRUCK,10,15,13069.6365,16.95
CONTROL ELEVAVIDRIO IZQUIERDO 2013,BUS/VAN/TRUCK,10,15,13069.6365,16.95
COPA DE BASE DE AMORTIGUADOR,BUS/VAN/TRUCK,4,6,5227.8546,6.78
CORREA ALTERNADOR 4PK780,BUS/VAN/TRUCK,3.5,5,4356.5455,5.65
CORREA ALTERNADOR 4PK790,BUS/VAN/TRUCK,3.5,5,4356.5455,5.65
CORREA ALTERNADOR 4PK800,BUS/VAN/TRUCK,3.5,5,4356.5455,5.65
CORREA DE TIEMPO,BUS/VAN/TRUCK,9,20,17426.182,22.6
CORREA DE TIEMPO DOBLE COSTURA ,BUS/VAN/TRUCK,15,30,26139.273,33.9
CORREA DEL COMPRESOR AV*820,BUS/VAN/TRUCK,3.5,5,4356.5455,5.65
CRUCETA 25*64   (aplica C-37),BUS/VAN/TRUCK,5,10,8713.091,11.3
CUERPO DE ACELERACION,BUS/VAN/TRUCK,50,60,52278.546,67.8
DAMPER DE CIGÜEÑAL,BUS/VAN/TRUCK,20,25,21782.7275,28.25
DEPOSITO REFRIGERANTE,BUS/VAN/TRUCK,5,10,8713.091,11.3
DISCO DE CROCHET,BUS/VAN/TRUCK,16,25,21782.7275,28.25
DISCO DE FRENO,BUS/VAN/TRUCK,18,25,21782.7275,28.25
ELECTRO VENTILADOR DE RADIADOR ,BUS/VAN/TRUCK,67,80,69704.728,90.4
EMPACADURA DE CAMARA,BUS/VAN/TRUCK,2.5,5,4356.5455,5.65
EMPACADURA DE TAPA VALVULA,BUS/VAN/TRUCK,2.5,5,4356.5455,5.65
ENGRANAJE DE TIEMPO ,BUS/VAN/TRUCK,8,15,13069.6365,16.95
ENVASE DE AGUA CON MOTOR LIMPIA PARABRISA,BUS/VAN/TRUCK,13,20,17426.182,22.6
ESTOPERA DE CIGÜEÑAL DELANTERA ,BUS/VAN/TRUCK,1.5,5,4356.5455,5.65
ESTOPERA DE LEVA ,BUS/VAN/TRUCK,1.5,5,4356.5455,5.65
ESTOPERA TRASERA DE CIGÜEÑAL,BUS/VAN/TRUCK,2,5,4356.5455,5.65
FARO ANTINIEBLA 2013 DERECHO,BUS/VAN/TRUCK,10,15,13069.6365,16.95
FARO ANTINIEBLA 2013 IZQUIERDO,BUS/VAN/TRUCK,10,15,13069.6365,16.95
FARO DELANTERO DERECHO FONDO NEGRO,BUS/VAN/TRUCK,45,55,47922.0005,62.15
FARO DELANTERO IZQUIERDO FONDO NEGRO,BUS/VAN/TRUCK,45,55,47922.0005,62.15
FILTRO DE ACEITE,BUS/VAN/TRUCK,2,5,4356.5455,5.65
FILTRO DE AIRE MOTOR,BUS/VAN/TRUCK,4.5,8,6970.4728,9.04
FILTRO DE GASOLINA ,BUS/VAN/TRUCK,co,5,4356.5455,5.65
FLOTANTE DE GASOLINA ,BUS/VAN/TRUCK,8,12,10455.7092,13.56
GOMA GUARDAPOLVO DE CAÑA DE DIRECCION ,BUS/VAN/TRUCK,4,8,6970.4728,9.04
GOMA DE AMORTIGUADOR,BUS/VAN/TRUCK,5,10,8713.091,11.3
GORROS DE VALVULAS,BUS/VAN/TRUCK,4,10,8713.091,11.3
GRUPO DIFERENCIAL RELACION 43x11,BUS/VAN/TRUCK,125,140,121983.274,158.2
GUARDAPOLVO DE AMORTIGUADOR,BUS/VAN/TRUCK,3.5,5,4356.5455,5.65
GUARDAPOLVO DE ROTULA,TODAS LAS MARCAS,3.5,6,5227.8546,8
GUAYA DE ACELERACION,BUS/VAN/TRUCK,5.5,10,8713.091,11.3
GUAYA DE CROCHET,BUS/VAN/TRUCK,7,10,8713.091,11.3
GUAYA DE VELOCIDAD DELENTARA PUNTA PLATEADA,BUS/VAN/TRUCK,7,10,8713.091,11.3
GUAYA DE VELOCIDAD TRASERA PUNTA AMARILLA,BUS/VAN/TRUCK,7,10,8713.091,11.3
GUAYA SELECTORA DE CAMBIO,BUS/VAN/TRUCK,12,20,17426.182,22.6
GUIA DE VALVULAS 16PIEZAS,BUS/VAN/TRUCK,15,20,17426.182,22.6
INYECTOR DE GASOLINA,BUS/VAN/TRUCK,12,20,17426.182,22.6
KIT BASE DE AMORTIGUADOR 9 PIEZAS,BUS/VAN/TRUCK,20,25,21782.7275,28.25
KIT CHUPON DE BOBINA,BUS/VAN/TRUCK,5,10,8713.091,11.3
KIT DE BALANCIN 8PIEZAS Y MARTILLOS 8PIEZAS,BUS/VAN/TRUCK,36,45,39208.9095,50.85
KIT DE COMPONESTES PARA ARMAR CAMARA (88 PIEZAS),BUS/VAN/TRUCK,30,40,34852.364,45.2
KIT DE CROCHET,BUS/VAN/TRUCK,44,55,47922.0005,62.15
KIT DE EMPACADURA ,BUS/VAN/TRUCK,14,20,17426.182,22.6
KIT DE PUNTA DE EJE TRASERA,BUS/VAN/TRUCK,15,20,17426.182,22.6
KIT DE TIEMPO original,BUS/VAN/TRUCK,25,40,34852.364,45.2
KIT DE TIEMPO CORREA Y TENSOR,BUS/VAN/TRUCK,15,30,26139.273,33.9
KIT DE REPARACION DE FRENO BANDAS TRASERA ,BUS/VAN/TRUCK,10,15,13069.6365,16.95
LAPIZ DELANTERO,BUS/VAN/TRUCK,2.5,5,4356.5455,5.65
LOGO DE COMPUERTA TRASERA ,BUS/VAN/TRUCK,4,8,6970.4728,9.04
MANGERA SALIDA DE MOTOR,BUS/VAN/TRUCK,6,10,8713.091,11.3
MANGUERA ENTRADA DE MOTOR,BUS/VAN/TRUCK,6,10,8713.091,11.3
MANGERA SALIDA DE RADIADOR,BUS/VAN/TRUCK,4,10,8713.091,11.3
MANGUERA ENTRADA DE RADIADOR,BUS/VAN/TRUCK,6,10,8713.091,11.3
MANGUERA CALEFACCION ENTRADA MOTOR,BUS/VAN/TRUCK,3.504,10,8713.091,11.3
MANGUERA DE AIRE DE MOTOR,BUS/VAN/TRUCK,6,10,8713.091,11.3
MANGUERA DE CALEFACCION ENTRA,BUS/VAN/TRUCK,3.504,10,8713.091,11.3
MANGUERA DE CALEFACCION SALIDA,BUS/VAN/TRUCK,3.504,10,8713.091,11.3
MANILLA ELEVA VIDRIO PUERTA MEDIA,BUS/VAN/TRUCK,2.5,5,4356.5455,5.65
MANILLA EXTERNA PUERTA DELANTERA DERECHA,BUS/VAN/TRUCK,3.5,8,6970.4728,9.04
MANILLA EXTERNA PUERTA DELANTERA IZQUIERDA,BUS/VAN/TRUCK,3.5,8,6970.4728,9.04
MANILLA EXTERNA PUERTA MEDIA DERECHA ,BUS/VAN/TRUCK,8,12,10455.7092,13.56
MANILLA EXTERNA PUERTA MEDIA IZQUIERDA,BUS/VAN/TRUCK,8,12,10455.7092,13.56
MANILLA INTERNA PUERTA DELANTEA DERECHA,BUS/VAN/TRUCK,2.5,5,4356.5455,5.65
MANILLA INTERNA PUERTA DELANTEA IZQUIERDA,BUS/VAN/TRUCK,2.5,5,4356.5455,5.65
MANILLA INTERNA PUERTA DELANTERA DERECHA 2013,BUS/VAN/TRUCK,7,10,8713.091,11.3
MANILLA INTERNA PUERTA DELANTERA IZUIERDA 2013,BUS/VAN/TRUCK,7,10,8713.091,11.3
MANILLA INTERNA PUERTA MEDIA ,BUS/VAN/TRUCK,2.5,5,4356.5455,5.65
MESETA DERECHA ,BUS/VAN/TRUCK,7.504,15,13069.6365,16.95
MESETA IZQUIEDA,BUS/VAN/TRUCK,7.504,15,13069.6365,16.95
MOLDURA COMPUERTA TRASERA,BUS/VAN/TRUCK,12,20,17426.182,22.6
MOLDURA TORPEDO,BUS/VAN/TRUCK,15,20,17426.182,22.6
MOTOR COMPLETO ,BUS/VAN/TRUCK,1080,1350,1176267.285,1525.5
MOTOR COMPLETO GARANTIA CONSECIONARIO ,BUS/VAN/TRUCK,,1482,1291280.086,1674.66
MOTOR ELEVA VIDRIO DERECHO,BUS/VAN/TRUCK,25,35,30495.8185,39.55
MOTOR ELEVA VIDRIO IZQUIERDO,BUS/VAN/TRUCK,25,35,30495.8185,39.55
MOTOR LIMPIA PARABRISAS,BUS/VAN/TRUCK,25,40,34852.364,45.2
MOTOR SOPLADOR AIRE ACONDICIONADO,BUS/VAN/TRUCK,22,30,26139.273,33.9
MOZO DELANTERO,BUS/VAN/TRUCK,15,20,17426.182,22.6
PARACHOQUE DELANTERO MODELO NUEVO,BUS/VAN/TRUCK,105,115,100200.5465,129.95
PARRILLA DELANTERA EL PAR,BUS/VAN/TRUCK,15,30,26139.273,33.9
PASTILLAS DE FRENO,BUS/VAN/TRUCK,5.5,10,8713.091,11.3
PILA DE GASOLINA BOSCH 2068 UNIVERSAL,BUS/VAN/TRUCK,6,10,8713.091,11.3
PILA DE GASOLINA MARCA DENSO,BUS/VAN/TRUCK,6,10,8713.091,11.3
PIÑON DE CIGÜEÑAL,BUS/VAN/TRUCK,6,10,8713.091,11.3
PISTON 075/30,BUS/VAN/TRUCK,36,45,39208.9095,50.85
PISTONES 010/25,BUS/VAN/TRUCK,26,38,33109.7458,42.94
PISTONES 020/50,BUS/VAN/TRUCK,26,38,33109.7458,42.94
PISTONES ESTANDAR,BUS/VAN/TRUCK,26,38,33109.7458,42.94
PLATO DE CORCHET ,BUS/VAN/TRUCK,25,30,26139.273,33.9
POLEA DE BOMBA DE AGUA,BUS/VAN/TRUCK,6.504,12,10455.7092,13.56
PUNTA DE EJE TRASERA 25 DIENTES,BUS/VAN/TRUCK,33,40,34852.364,45.2
RADIADOR,BUS/VAN/TRUCK,70,80,69704.728,90.4
REGULADOR DE GASOLINA,BUS/VAN/TRUCK,6,12,10455.7092,13.56
RELE  LUZ INTERMITENTE,BUS/VAN/TRUCK,4,8,6970.4728,9.04
RETROVISOR DERECHO 2012,BUS/VAN/TRUCK,15,20,17426.182,22.6
RETROVISOR IZQUIERDO 2012,BUS/VAN/TRUCK,15,20,17426.182,22.6
RETROVISOR DERECHO MODELO NUEVO 2013,BUS/VAN/TRUCK,21.232,32,27881.8912,36.16
RETROVISOR IZQUIERDO MODELO NUEVO 2013,BUS/VAN/TRUCK,21.232,32,27881.8912,36.16
RODAMIENTO DE AMORTIGUADOR,BUS/VAN/TRUCK,2,5,4356.5455,5.65
ROLINERA TRASERA,BUS/VAN/TRUCK,5,8,6970.4728,9.04
ROTULA DE DIRECCION,BUS/VAN/TRUCK,4,8,6970.4728,9.04
SELLO DE BUJIAS,BUS/VAN/TRUCK,3,5,4356.5455,5.65
SENSOR ARBOL DE LEVA aplica zotye,BUS/VAN/TRUCK,10,15,13069.6365,16.95
SENSOR DE GOLPETEO,BUS/VAN/TRUCK,8,15,13069.6365,16.95
SENSOR DE OXIGENO (CONECTOR BLANCO),BUS/VAN/TRUCK,16,25,21782.7275,28.25
SENSOR DE OXIGENO TRASERO ,BUS/VAN/TRUCK,14,20,17426.182,22.6
SENSOR DE RETROCESO,BUS/VAN/TRUCK,5,10,8713.091,11.3
SENSOR DE VELOCIDAD,BUS/VAN/TRUCK,5,10,8713.091,11.3
SENSOR MAP (BOSH),BUS/VAN/TRUCK,8,15,13069.6365,16.95
SENSOR POCISION DE CIGÜEÑAL,BUS/VAN/TRUCK,8,15,13069.6365,16.95
SENSOR TPS aplica a zotye ,BUS/VAN/TRUCK,5,10,8713.091,11.3
SILICON MEGA GREY ,BUS/VAN/TRUCK,1.5,3,2613.9273,3.39
STOP DERECHO MODELO NUEVO ,BUS/VAN/TRUCK,25,33,28753.2003,37.29
STOP IZQUIERDO MODELO NUEVO,BUS/VAN/TRUCK,25,33,28753.2003,37.29
SUICHERA DE ENCENDIDO,BUS/VAN/TRUCK,20,30,26139.273,33.9
TAMBOR DE FRENO,BUS/VAN/TRUCK,23,30,26139.273,33.9
TANQUE DE GASOLINA,BUS/VAN/TRUCK,168,185,161192.1835,209.05
TAPA BOMBA DE GASOLINA,BUS/VAN/TRUCK,8,15,13069.6365,16.95
TAPA CORREA DE TIEMPO,BUS/VAN/TRUCK,15,20,17426.182,22.6
TAPA PLASTICA DE AMORTIGUADOR,BUS/VAN/TRUCK,1.5,5,4356.5455,5.65
TAPA VALVULA DE MOTOR,BUS/VAN/TRUCK,38,45,39208.9095,50.85
TENSOR DE TIEMPO,BUS/VAN/TRUCK,8,15,13069.6365,16.95
TERMINAL DE DIRECCION DERECHO,BUS/VAN/TRUCK,4.5,8,6970.4728,9.04
TERMINAL DE DIRECCION IZQIERDO,BUS/VAN/TRUCK,4.5,8,6970.4728,9.04
TERMOSTATO,BUS/VAN/TRUCK,5,10,8713.091,11.3
TOMA DE TERMOSTATO,BUS/VAN/TRUCK,6,12,10455.7092,13.56
TOPE GOMA DE AMORTIGUADOR,BUS/VAN/TRUCK,2.5,5,4356.5455,5.65
TOPE METALICO DE AMORTIGUADOR,BUS/VAN/TRUCK,4,6,5227.8546,6.78
TUBERIA DE AGUA,BUS/VAN/TRUCK,15,20,17426.182,22.6
TUBERIA PRINCIPAL DE AGUA+ CODO,BUS/VAN/TRUCK,12,20,17426.182,22.6
VALVULA DE TEMPERATURA,BUS/VAN/TRUCK,4,8,6970.4728,9.04
VALVULA IAC (aplica para la zotye),BUS/VAN/TRUCK,6.5,10,8713.091,11.3
VALVULA PCV,BUS/VAN/TRUCK,2,5,4356.5455,5.65
VALVULA PRESION DE ACEITE,BUS/VAN/TRUCK,2.5,5,4356.5455,5.65
VALVULAS DE ADMISION ,BUS/VAN/TRUCK,10,15,13069.6365,16.95
VALVULAS DE ESCAPE,BUS/VAN/TRUCK,10,15,13069.6365,16.95
VOLANTE DE MOTOR ,BUS/VAN/TRUCK,40,55,47922.0005,62.15
WIPPER  BOMBA LIMPIA PARABISAS,BUS/VAN/TRUCK,5,10,8713.091,11.3
ACOPLE DE RUEDA,ZNA ,45,55,47922.0005,62.15
ALTERNADOR,ZNA,124,145,126339.8195,163.85
AMORTIGUADOR TRASERO 4X2 ACEITE,ZNA ,12,20,17426.182,22.6
AMORTIGUADOR TRASERO 4X2,ZNA ,16,25,21782.7275,28.25
AMORTIGUADORES DELANTERO  4X2,ZNA ,16,25,21782.7275,28.25
AMORTIGUADORES DELANTERO  4X2 ACEITE,ZNA ,12,20,17426.182,22.6
AMORTIGUADORES DELANTERO 4X4,ZNA ,16,25,21782.7275,28.25
AMORTIGUADORES DELANTERO 4X4 ACEITE,ZNA ,12,20,17426.182,22.6
AMOTIGUADOR TRASERO 4X4,ZNA ,16,25,21782.7275,28.25
AMOTIGUADOR TRASERO 4X4 ACEITE,ZNA ,12,20,17426.182,22.6
ANILLOS 0.25/010,ZNA ,18,25,21782.7275,28.25
ANILLOS 0.50/020,ZNA ,18,25,21782.7275,28.25
ANILLOS 0.75/030,ZNA ,23,30,26139.273,33.9
ANILLOS STD,ZNA ,18,25,21782.7275,28.25
ARRANQUE DE MOTOR,ZNA ,95,115,100200.5465,129.95
AXIALES STD,ZNA ,8,12,10455.7092,13.56
BALLESTA DE ZNA 4X2,ZNA ,102,120,104557.092,135.6
BALLESTA DE ZNA 4X4,ZNA ,102,120,104557.092,135.6
BANDAS DE FRENO 4X4,ZNA ,25,35,30495.8185,39.55
BARRA DE DIRECCION CON MUÑON  4X2 P2700,ZNA ,33,40,34852.364,45.2
BARRA DE DIRECCION CON MUÑON CURVA  4X4 2W300,ZNA ,38,45,39208.9095,50.85
BASE DE CAJA 4X2,ZNA ,10,20,17426.182,22.6
BASE DE CAJA 4X4,ZNA ,12,20,17426.182,22.6
BASE DE MOTOR 4X2 4X4,ZNA ,9,15,13069.6365,16.95
BOBINA DE ENCENDIDO,ZNA ,20,30,26139.273,33.9
BOMBA DE ACEITE,ZNA ,90,120,104557.092,135.6
BOMBA DE ACEITE ORIGINAL,ZNA ,105,135,117626.7285,152.55
BOMBA DE AGUA,ZNA ,35,45,39208.9095,50.85
BOMBA DE DIRECCION,ZNA ,70,85,74061.2735,96.05
BOMBA DE FRENO CON ENVASE,ZNA ,30,45,39208.9095,50.85
BOMBA DE GASOLINA,ZNA ,60,70,60991.637,79.1
BOMBIN SUPERIOR,ZNA ,14,20,17426.182,22.6
BOMBIN INFERIOR,ZNA ,10,15,13069.6365,16.95
BRAZO DE BIELA,ZNA ,20,30,26139.273,33.9
BRAZO LOCO 4X2,ZNA ,15,25,21782.7275,28.25
BRAZO LOCO 4X4,ZNA ,15,25,21782.7275,28.25
BRAZO PITMA 4X4,ZNA ,15,25,21782.7275,28.25
BUCHE DE GUARDAFANGO DELANTERO DERECHO,ZNA ,20,30,26139.273,33.9
BUCHE DE GUARDAFANGO DELANTERO IZQUIERDO,ZNA ,20,30,26139.273,33.9
BUCHE DE GUARDAFANGO TRASERO DERECHO,ZNA ,23,30,26139.273,33.9
BUCHE DE GUARDAFANGO TRASERO IZQUIERDO,ZNA ,23,30,26139.273,33.9
BUCHE DE PARACHOQUE DELANTERO DERECHO,ZNA ,7.504,12,10455.7092,13.56
BUCHE DE PARACHOQUE DELANTERO IZQUIERDO,ZNA ,7.504,12,10455.7092,13.56
BUJE DE BALLESTA GRANDE 2 UND,ZNA ,5,10,8713.091,11.3
BUJE DE BALLESTA PEQUEÑO 2 UND,ZNA ,4,10,8713.091,11.3
BUJE DE BARRA ESTABILIZADORA 4X2,ZNA ,3,6,5227.8546,6.78
BUJE DE BARRA ESTABILIZADORA 4X4,ZNA ,3,6,5227.8546,6.78
BUJE DE MESETA INFERIOR 4X2,ZNA ,4,10,8713.091,11.3
BUJE DE MESETA INFERIOR 4X4,ZNA ,4,10,8713.091,11.3
BUJE DE MESETA SUPERIOR 4X2 4X4,ZNA ,5,10,8713.091,11.3
BUJIAS NGK (4 UNIDADES),ZNA ,1.2,10,8713.091,11.3
BUJIAS NGK (4 UNIDADES),ZNA ,6,10,8713.091,11.3
BUJIAS DENSO CAJA AMARILLA (4 UND PUNTA IRIDIUM ),ZNA ,6,10,8713.091,11.3
BUJIAS DENSO CAJA AZUL (4 UND PUNTA IRIDIUM),ZNA ,6,10,8713.091,11.3
BUJIAS TORCH 3 PUNTAS (4 UNIDADES),ZNA ,6,10,8713.091,11.3
CABLES DE BUJIA,ZNA ,12,20,17426.182,22.6
CAJETIN DE DIRECCION 4X4,ZNA ,180,200,174261.82,226
CAMARA COMPLETA ,ZNA ,900,1000,871309.1,1130
CARCAZA CON FILTRO AIRE DE MOTOR,ZNA ,75,90,78417.819,101.7
CERRADURA DE GUANTERA ,ZNA ,5,10,8713.091,11.3
CHAPALETA DE GUARDABARROS DELANTERO DERECHO 4X4,ZNA ,12,20,17426.182,22.6
CHAPALETA DE GUARDABARROS DELANTERO IZQUIERDO 4X4,ZNA ,12,20,17426.182,22.6
CHAPALETA DE GUARDABARROS TRASERO DERECHO 4X4,ZNA ,15,20,17426.182,22.6
CHAPALETA DE GUARDABARROS TRASERO IZQUIERDO 4X4,ZNA ,15,20,17426.182,22.6
CHUMACERA DE CARDAN 4X2,ZNA ,10,20,17426.182,22.6
CHUMACERA DE CARDAN 4X4,ZNA ,10,20,17426.182,22.6
CIGÜEÑAL,ZNA ,160,175,152479.0925,197.75
CILINDRO DE FRENO TRASERO 4X2 4X4,ZNA ,7,15,13069.6365,16.95
COCUYO DE GUARDAFANGO ,ZNA,4,8,6970.4728,9.04
COLLARIN DE CROCHET,ZNA ,6,15,13069.6365,16.95
COMPLEMENTO DE FARO DERECHO,ZNA ,3.504,6,5227.8546,6.78
COMPLEMENTO DE FARO IZQUIERDO,ZNA ,3.504,6,5227.8546,6.78
COMPRESOR AIRE/AC,ZNA ,185,200,174261.82,226
COMPUTADORA,ZNA ,85,100,87130.91,113
CONCHAS DE BANCADA 0.25/010,ZNA ,11,18,15683.5638,20.34
CONCHAS DE BANCADA 0.50/020,ZNA ,11,18,15683.5638,20.34
CONCHAS DE BANCADA STD,ZNA ,11,18,15683.5638,20.34
CONCHAS DE BIELA 0.50/020,ZNA ,8,15,13069.6365,16.95
CONCHAS DE BIELA STD,ZNA ,8,15,13069.6365,16.95
CONCHAS DE BILEA 0.25/010,ZNA ,8,15,13069.6365,16.95
CONDENSADOR AIRE ACONDICINADO,ZNA ,70,90,78417.819,101.7
CONJUNTO VALVULA BOMBA DE FRENO 4X2,ZNA ,36,40,34852.364,45.2
CONJUNTO VALVULA BOMBA DE FRENO 4X4,ZNA ,40,45,39208.9095,50.85
CONMUTADOR DE ENCENDIDO ,ZNA ,16,25,21782.7275,28.25
CORREA DE ALTERNADOR 5PK865,ZNA ,4.2,10,8713.091,11.3
CORREA DE DIRECCION V13X1120,ZNA ,4.504,10,8713.091,11.3
CORREA DEL COMPRESOR 4PK940,ZNA ,4.2,10,8713.091,11.3
CRUCETA DE CARDAN GRANDE  30*88 RETEN INTERNO,ZNA ,12,20,17426.182,22.6
CRUCETA DE CARDAN PEQUEÑA 27*72 RETEN INTERNO,ZNA ,10,15,13069.6365,16.95
DAMPER DE CIGUEÑAL,ZNA ,20,30,26139.273,33.9
DISCO DE CROCHET,ZNA ,32,40,34852.364,45.2
DISCO DE FRENO 4X4,ZNA,30,40,34852.364,45.2
DISCO DE FRENO 4X2,ZNA,30,40,34852.364,45.2
ELECTROVENTILADOR ,ZNA ,80,90,78417.819,101.7
EMPACADURA DE CAMARA,ZNA ,4,10,8713.091,11.3
EMPACADURA DE TAPA VALVULA,ZNA ,M-,8,6970.4728,9.04
ENVASE DE REFRIGERANTE MODELO QUE APLICA,ZNA ,15,25,21782.7275,28.25
ESTOPERA DELANTERA DE CIGÜEÑAL,ZNA ,3,6,5227.8546,6.78
ESTOPERA TRASERA DE CIGÜEÑAL,ZNA ,5,10,8713.091,11.3
FARO DELANTERO DERECHO MODELO NUEVO (LED),ZNA ,70,85,74061.2735,96.05
6+,ZNA ,70,85,74061.2735,96.05
FILTRO AIRE DE MOTOR,ZNA ,8.5,12,10455.7092,13.56
FILTRO DE ACEITE,ZNA ,3,5,4356.5455,5.65
FILTRO DE GASOLINA,ZNA ,4,8,6970.4728,9.04
FLOTANTE DE GASOLINA,ZNA ,8,15,13069.6365,16.95
GEMELO DE BALLESTA ,ZNA ,10,15,13069.6365,16.95
GOMAS DE LA PCV 5 UND,ZNA ,1,3,2613.9273,3.39
"gomas de parachoque trasero ( 1 grande, 1 pequeña) ",ZNA ,10,15,13069.6365,16.95
GORROS DE VALVULAS,ZNA ,6,10,8713.091,11.3
GUARDA BARROS DELANTERO DERECHO,ZNA ,9,15,13069.6365,16.95
GUARDA BARROS DELANTERO IZQUIERDO,ZNA ,9,15,13069.6365,16.95
GUAYA DE ACELERACION,ZNA ,5.504,10,8713.091,11.3
HORQUILLA DE COLLARIN,ZNA,15,25,21782.7275,28.25
INYECTOR DE GASOLINA ,ZNA ,15,25,21782.7275,28.25
KIT DE CROCHET kg,ZNA ,70,85,74061.2735,96.05
KIT DE EMPACADURA,ZNA ,27,35,30495.8185,39.55
KIT REPARACION DE CAJETIN 4X2,ZNA ,20,25,21782.7275,28.25
KIT DE REPARACION DE CAJETIN 4X4,ZNA ,20,25,21782.7275,28.25
KIT DE TERMINALES COMPLETO 4X2 (EL PAR),ZNA ,24,35,30495.8185,39.55
KIT DE TERMINALES COMPLETO 4X4 (EL PAR),ZNA ,24,35,30495.8185,39.55
KIT DE TIEMPO,ZNA ,58,85,74061.2735,96.05
LAPIZ CORTO 4x4,ZNA ,3.7,8,6970.4728,9.04
LAPIZ LAGO 4X2,ZNA ,3.7,8,6970.4728,9.04
LOGO DE PARRILLA,ZNA ,5,10,8713.091,11.3
MANDO ELEVAVIDRIO DERECHO,ZNA ,8,15,13069.6365,16.95
MANDO ELEVAVIDRIO IZQUIERDO,ZNA ,30,35,30495.8185,39.55
MANGUERA ACORDEON AIRE DE MOTOR ,ZNA ,27,35,30495.8185,39.55
MANGUERA DE CALIPER DELANTERA DERECHA 4X2 46210-3S410,ZNA,7,15,13069.6365,16.95
MANGUERA DE CALIPER DELANTERA IZQUIERDA 4X2 46211-3S410,ZNA,7,15,13069.6365,16.95
MANGUERA DE CALIPER DELANTERA DERECHA 4X4 46210-2S600,ZNA,8,15,13069.6365,16.95
MANGUERA DE CALIPER DELANTERA IZQUIERDA 4X4 46210-2S600,ZNA,8,15,13069.6365,16.95
MANILLA DE COMPUERTA TRASERA ,ZNA ,8,12,10455.7092,13.56
MANILLA DELANTERA EXTERNA DERECHA,ZNA ,3,6,5227.8546,6.78
MANILLA DELANTERA EXTERNA IZQUIERDA,ZNA ,3,6,5227.8546,6.78
MANILLA INTERNA DERECHA,ZNA ,8,12,10455.7092,13.56
MANILLA INTERNA IZQUIERDA,ZNA ,8,12,10455.7092,13.56
MESETA SUPERIOR DERECHA 4X4,ZNA,32,50,43565.455,56.5
MESETA SUPERIOR IZQUIERDA 4X4,ZNA,32,50,43565.455,56.5
MESETA INFERIOR DERECHA 4X2,ZNA ,30,45,39208.9095,50.85
MESETA INFERIOR IZQUIERDA 4X2,ZNA ,30,45,39208.9095,50.85
MOZO O CUBO DE REUEDA 4X4,ZNA ,26,35,30495.8185,39.55
MOZO O CUBO DE REUEDA 4X2,ZNA ,26,35,30495.8185,39.55
MUÑON INFERIOR 4X2  2C410,ZNA ,12,18,15683.5638,20.34
MUÑON INFERIOR 4X4 3S600,ZNA ,12,18,15683.5638,20.34
"MUÑON SUPERIOR 4X4 4X2 01G00 Medida 51,50mm",ZNA ,12,18,15683.5638,20.34
ODOMETRO DE VELOCIDAD,ZNA ,8,15,13069.6365,16.95
PARACHOQUE INFERIOR ,ZNA ,60,70,60991.637,79.1
PARACHOQUE TRASERO,ZNA ,98,110,95844.001,124.3
PARRILLA DELANTERA MODELO NUEVO,ZNA ,55,65,56635.0915,73.45
PASTILLAS DE FRENO,ZNA ,9,15,13069.6365,16.95
PILA DE GASOLINA 2068 MARCA DENSO,ZNA ,6,10,8713.091,11.3
PILA DE GASOLINA BOSCH 2068 UNIVERSAL,ZNA ,6,10,8713.091,11.3
PISTONES STD,ZNA ,55,65,56635.0915,73.45
PISTONES 0.25/010,ZNA ,55,65,56635.0915,73.45
PISTONES 050/020,ZNA ,55,65,56635.0915,73.45
PISTON 0.75/030,ZNA ,65,80,69704.728,90.4
PLATO DE CROCHET,ZNA ,52,65,56635.0915,73.45
POLEA ACANALADA,ZNA ,11,20,17426.182,22.6
POLEA TENSORA CORREA DE DIRECCION,ZNA ,16,25,21782.7275,28.25
PUNTA DE TRIPOIDE COMPLETA 4X4,ZNA ,67,75,65348.1825,84.75
RADIADOR ,ZNA ,75,85,74061.2735,96.05
REGULADOR DE GASOLINA,ZNA ,8,15,13069.6365,16.95
REJILLA DE AIRE ACONDICIONADO DERECHA,ZNA ,21,30,26139.273,33.9
REJILLA DE AIRE ACONDICIONADO IZQUIERDA,ZNA ,28,35,30495.8185,39.55
RELE 25630 P2700,ZNA ,5,10,8713.091,11.3
RELE PRINCIPAL AZUL,ZNA ,6,10,8713.091,11.3
RETROVISOR DERECHO,ZNA ,25.5,30,26139.273,33.9
RETROVISOR IZQUIERDO,ZNA ,25.5,30,26139.273,33.9
ROLINERA EXTERNA DELANTERA  4X4 300849,ZNA ,5.52,12,10455.7092,13.56
ROLINERA INTERNA DELANTERA 4X4 603049,ZNA ,6,12,10455.7092,13.56
ROLINERA EXTERNA DELANTERA 4X2 12649,ZNA ,4.504,12,10455.7092,13.56
ROLINERA INTERNA DELANTERA 4X2 48548,ZNA ,5,12,10455.7092,13.56
SELLOS DE BUJIAS,ZNA ,5,10,8713.091,11.3
SENSOR DE ARBOL DE LEVA,ZNA ,10,15,13069.6365,16.95
SENSOR DE PRESION DE ACEITE,ZNA ,5,10,8713.091,11.3
SENSOR DE RETROCESO ZNA 4X4,ZNA ,7,15,13069.6365,16.95
SENSOR DE TEMPERATURA 1 PIN,ZNA ,4,10,8713.091,11.3
SENSOR DE TEMPERATURA 2 PIN,ZNA ,5,10,8713.091,11.3
SENSOR MAP,ZNA ,10,15,13069.6365,16.95
SENSOR POSICION DE CIGÜEÑAL,ZNA ,8,15,13069.6365,16.95
SELLOS DE ADMISION (4 UND),ZNA ,5.5,10,8713.091,11.3
SENSOR TPS,ZNA ,5,10,8713.091,11.3
SESNSOR DE OXGENO ,ZNA ,20,30,26139.273,33.9
SOPORTE DE BALLESTA ,ZNA ,8,15,13069.6365,16.95
SOPORTE DE BARRA DE TORCION DERECHA,ZNA ,11,20,17426.182,22.6
SOPORTE DE BARRA DE TORCION IZQUIERDA ,ZNA ,11,20,17426.182,22.6
STOP DERECHO,ZNA ,22,30,26139.273,33.9
STOP IZQUIERDO,ZNA ,22,30,26139.273,33.9
SUICHERA DE ENCENDIDO,ZNA ,30,45,39208.9095,50.85
TAPA ACEITE DE MOTOR,ZNA ,7,12,10455.7092,13.56
TAPA DE RADIADOR (zotye),ZNA ,3,6,5227.8546,6.78
TAPA VALVULA DE MOTOR,ZNA ,100,115,100200.5465,129.95
TERMOSTATO,ZNA ,7,12,10455.7092,13.56
VALVULA IAC (MINIMO),ZNA ,6.5,15,13069.6365,16.95
VARILLA DE MEDIR ACEITE CON TUBO,ZNA,16,25,21782.7275,28.25
VALVULA PCV,ZNA ,4,10,8713.091,11.3
VALVULAS ADMISION,ZNA ,15,20,17426.182,22.6
VALVULAS ESCAPE,ZNA ,15,20,17426.182,22.6
BALLESTAS 4X4 BAJO PEDIDO ,,108,130,113270.183,146.9
ALTERNADOR,S30,120,145,126339.8195,163.85
AMORTIGUADO DELANTERO DERECHO,S30,35,45,39208.9095,50.85
AMORTIGUADOR DELANTERO IZQUIERDO,S30,35,45,39208.9095,50.85
AMORTIGUADOR TRASERO CALIDAD,S30,17,25,21782.7275,28.25
AMORTIGUADOR TRASERO ORIGINAL,S30,20,30,26139.273,33.9
ANILLOS 0.25/010,S30,12,20,17426.182,22.6
ANILLOS 0.50/020,S30,12,20,17426.182,22.6
ANILLOS 0.75/030,S30,20,30,26139.273,33.9
ANILLOS STD,S30,12,20,17426.182,22.6
ARBOL DE LEVA ADMISION (TU5JP4INT),S30,65,75,65348.1825,84.75
ARBOL DE LEVA ESCAPE (TU5JP4EXT),S30,65,75,65348.1825,84.75
ARBOL DE LEVA ADMISION (1441000) OFERA,S30,55,65,56635.0915,73.45
ARBOL DE LEVA ESCAPE (1442000) OFERTA,S30,55,65,56635.0915,73.45
ARRANQUE DE MOTOR original ,S30,85,105,91487.4555,118.65
ARRANQUE DE MOTOR ,S30,70,90,78417.819,101.7
BASE DE AMORTIGUADOR,S30,-b,15,13069.6365,16.95
BASE DE MOTOR  LH  SINCRONICO,S30,4.504,10,8713.091,11.3
BASE DE MOTOR LH AUTOMATICO,S30,7,15,13069.6365,16.95
BASE DE MOTOR RH SINCRONICO (TROMPO),S30,9,15,13069.6365,16.95
BASE DEL TERMOSTATO,S30,12,20,17426.182,22.6
BASE INFERIOR COMPLETA AUTOMATICA,S30,30,35,30495.8185,39.55
BASE INFERIOR COMPLETA SINCRONICA,S30,25,35,30495.8185,39.55
BASE TRASERA DE CAJA sincronico,S30,10,15,13069.6365,16.95
BASE DE PUENTE TRASERO (4954500),S30,5,15,13069.6365,16.95
BOBINA DE ENCENDIDO CON CHUPONES,S30,42,55,47922.0005,62.15
BOMBA DE ACEITE DE PLANTA ,S30,63,75,65348.1825,84.75
BOMBA DE AGUA,S30,15,20,17426.182,22.6
BOMBA DE DIRECCION,S30,70,90,78417.819,101.7
BOMBA DE FRENO,S30,,35,30495.8185,39.55
BOMBA DE FRENO CON ENVASE,S30,35,45,39208.9095,50.85
BOMBA DE GASOLINA,S30,35,45,39208.9095,50.85
BOQUILLA DE ENFRIADOR DE PISTON ( rociador de aceite ,S30,10,15,13069.6365,16.95
BRAZO DE BIELA,S30,12,20,17426.182,22.6
BRAZO MUTANTE DERECHO COMPLETO ,S30,80,95,82774.3645,107.35
BRAZO MUTANTE IZQUIERDO  COMPLETO ,S30,80,95,82774.3645,107.35
BUJE BARRA ESTABILIZADORA,S30,3,5,4356.5455,5.65
BUJE BASE CENTRAL,S30,7,10,8713.091,11.3
BUJE DE MESETA G,S30,7,12,10455.7092,13.56
BUJE MESETA PEQUEÑO ,S30,3,6,5227.8546,6.78
BUJIAS 4UND,S30,6,15,13069.6365,16.95
CABLE NEGATIVO,S30,15,20,17426.182,22.6
CADENA BOMBA DE ACEITE,S30,10,20,17426.182,22.6
CAJETIN DE DIRECCION SIN ACCESORIOS ,S30,180,205,178618.3655,231.65
CAJETIN DE DIRECCION COMPLETO,S30,245,270,235253.457,305.1
CAMARA COMPLETA,S30,750,850,740612.735,960.5
CAMARA DESNUDA,S30,350,450,392089.095,508.5
CARBONERA DE ALTERNANADOR ,S30,6,12,10455.7092,13.56
CARCAZA FILTRO DE AIRE DE MOTOR COMPLETA,S30,30,40,34852.364,45.2
CERRADURA DE CAPOT,S30,6.504,12,10455.7092,13.56
CIGÜEÑAL,S30,100,120,104557.092,135.6
COLLARIN DE CROCHEt,S30,6,10,8713.091,11.3
COMPRESOR DE AIRE,S30,185,200,174261.82,226
COMPUTADORA AUTOMATICO,S30,120,135,117626.7285,152.55
COMPUTADORA SINCRONICO ,S30,120,135,117626.7285,152.55
CONCHAS DE BANCADA 0.30/010,S30,10,15,13069.6365,16.95
CONCHAS DE BANCADA 0.50/020,S30,10,15,13069.6365,16.95
CONCHAS DE BANCADA STD,S30,10,15,13069.6365,16.95
CONCHAS DE BIELA 0.30/010,S30,9,15,13069.6365,16.95
CONCHAS DE BIELA 0.50/020,S30,9,15,13069.6365,16.95
CONCHAS DE BIELA STD,S30,9,15,13069.6365,16.95
CONDENSADOR,S30,65,75,65348.1825,84.75
CONDENSADOR DE SEGURIDAD ,S30,18,25,21782.7275,28.25
COPA CAJA INTERIOR IZQUIERDA SINC,S30,26,35,30495.8185,39.55
COPA CAJA LARGA INTERNA SINC DERECHA,S30,45,55,47922.0005,62.15
CORREA DE ALTERNADOR  4PK850,S30,4,8,6970.4728,9.04
CORREA DE COMPRESOR 5PK1218,S30,6,10,8713.091,11.3
CORREO DE TIEMPO ORIGINAL,S30,22,40,34852.364,45.2
CORREA DE TIEMPO,S30,15,25,21782.7275,28.25
CUERPO DE ACELERACION,S30,80,100,87130.91,113
DISCO DE CROCHET,S30,26,35,30495.8185,39.55
DISCO DE FRENO DELANTERO,S30,23,35,30495.8185,39.55
DISCO DE FRENO TRASERO,S30,18,35,30495.8185,39.55
EJE DEL TUNEL TRASERO ,S30,15,30,26139.273,33.9
ELECTROVENTILADOR,S30,45,60,52278.546,67.8
EMPACADURA DE CAMARA,S30,5,7,6099.1637,7.91
EMPACADURA DE TAPA VALVULA,S30,4,7,6099.1637,7.91
ENGRANAJE DE ADMISION,S30,15,20,17426.182,22.6
ENGRANAJE DE ESCAPE,S30,15,20,17426.182,22.6
ENVASE DE ACEITE DE DIRECCION,S30,18,30,26139.273,33.9
ENVASE REFRIGERANTE,S30,22,35,30495.8185,39.55
ESTOPERA ARBOL DE LEVA,S30,1.5,5,4356.5455,5.65
ESTOPERA DE CIGÜEÑAL DELANTERA,S30,2.5,5,4356.5455,5.65
ESTOPERA DE COPA CAJA DERECHA P SINCRONICO ,S30,2,5,4356.5455,5.65
ESTOPERA DE COPA CAJA IZQUIERDA G SINCRONICO,S30,2.5,5,4356.5455,5.65
ESTOPERA TRASERA DE CIGÜEÑAL ,S30,4,7,6099.1637,7.91
FARO DELANTERO DERECHO,S30,100,110,95844.001,124.3
FARO DELANTERO IZQUIERDO,S30,100,110,95844.001,124.3
FILTRO AIRE DE MOTOR,S30,6,10,8713.091,11.3
FILTRO DE ACEITE,S30,2.5,5,4356.5455,5.65
FILTRO DE GASOLINA,S30,3,5,4356.5455,5.65
FLOTANTE DE GASOLINA,S30,8,15,13069.6365,16.95
GANCHO DE REPARACION CALIPER TRASERO,S30,6,10,8713.091,11.3
GORROS DE VALVULA,S30,5,10,8713.091,11.3
GUAYA DE CAPOT,S30,6,10,8713.091,11.3
GUAYA DE CROCHET,S30,5,15,13069.6365,16.95
GUAYA DE FRENO DE MANO IZQUIERDO 174CM,S30,8.504,15,13069.6365,16.95
GUAYA FRENO DE MANO DERECHA 165CM,S30,8.504,15,13069.6365,16.95
GUIA DE COLLARIN,S30,4,10,8713.091,11.3
GUIA DE VALVULAS,S30,20,25,21782.7275,28.25
INYECTOR DE GASOLINA,S30,10,15,13069.6365,16.95
KIT CHUPON DE BOBINA ENCENDIDO,S30,6,10,8713.091,11.3
KIT DE CROCHET (VALEO),S30,65,75,65348.1825,84.75
KIT DE EMPACADURA,S30,22,30,26139.273,33.9
KIT DE ESTOPERAS TUNEL TRASERO,S30,4,10,8713.091,11.3
KIT DE GOMA DE COPA CAJA,S30,7,10,8713.091,11.3
KIT DE GOMA  DE PUNTA,S30,7,10,8713.091,11.3
KIT DE REPARACION DE CAJETIN DIRECCION,S30,15,25,21782.7275,28.25
KIT DE REPARACION DE CALIPER SIN ANTIRUIDOS,S30,5,10,8713.091,11.3
KIT DE REPARACION DE CALIPER CON ANTIRUIDOS,S30,10,15,13069.6365,16.95
KIT DE TIEMPO CORREA CLASE A,S30,40,60,52278.546,67.8
KIT DE TIEMPO DOBLE COSTURA COMPLETO ORIGINAL,S30,46.5,80,69704.728,90.4
LAPIZ DE BIELETA,S30,4.5,8,6970.4728,9.04
MANGUERA ENFRIADOR DE ACEITE SALIDA DE CAJA,S30,20,25,21782.7275,28.25
MANGUERA ENFRIADOR DE CAJA ATM,S30,18,25,21782.7275,28.25
MANGUERA DE CALIPER DE FRENO DELANTERA ,S30,6,10,8713.091,11.3
MANGUERA DE CALIPER DE FRENO TRASERA,S30,5.504,10,8713.091,11.3
MANDO ELEVAVIDRIO IZQUIERDO PRINCIPAL,S30,25,30,26139.273,33.9
MANGERA DE GASES,S30,15,20,17426.182,22.6
MANGUERA ACORDEON,S30,8,15,13069.6365,16.95
MANGUERA DE CARCAZA DE FILTRO,S30,15,20,17426.182,22.6
MANGUERA INFERIOR DE RADIADOR,S30,5.6,12,10455.7092,13.56
MANGUERA SUPERIOR DE RADIADOR ,S30,5,12,10455.7092,13.56
MANILLA INTERNA DERECHA,S30,8,12,10455.7092,13.56
MANILLA EXTERNA TRASERA  DERECHA,S30,8.5,15,13069.6365,16.95
MANILLA EXTERNA TRASERA  IZQUIERDA,S30,8.5,15,13069.6365,16.95
MECANISMO LIMPIAPARABRISAS ,S30,35.5,45,39208.9095,50.85
MESETA DELANTERA DERECHA,S30,33.504,40,34852.364,45.2
MESETA DELANTERA IZQUIERDA,S30,33.504,40,34852.364,45.2
MICA DE RETROVISOR DERECHA,S30,13,20,17426.182,22.6
MICA DE RETROVISOR IZQUIERDA,S30,13,20,17426.182,22.6
MOLDURA DE CAPOT,S30,20,25,21782.7275,28.25
MOTOR ELEVA VIDRIO DELANTERO IZQUIERDO,S30,28,35,30495.8185,39.55
MOTOR ELEVA VIDRIO TRASERO IZQUIERDO,S30,25,35,30495.8185,39.55
MOTOR ELEVA VIDRO DELANTERO DERECHO ,S30,28,35,30495.8185,39.55
MOTOR ELEVAVIDRIO TRASERO DERECHO,S30,25,35,30495.8185,39.55
MOTOR LIMPIA PARABRISA9-+-,S30,25,35,30495.8185,39.55
MOTOR SOPLADOR AIRE ACONDICIONADO ,S30,55,65,56635.0915,73.45
MOZO / CUBO DE RUEDA DELANTERO,S30,18,25,21782.7275,28.25
MOZO / CUBO DE RUEDA TRASERO,S30,37,47,40951.5277,53.11
MUÑON,S30,4.504,10,8713.091,11.3
PARACHOQUE DELANTERO,S30,115,135,117626.7285,152.55
PARRILLA DE PARACHOQUE,S30,55.04,65,56635.0915,73.45
PASTILLAS DE FRENO DELANTERO,S30,9,15,13069.6365,16.95
PASTILLAS DE FRENO TRASERA,S30,9,15,13069.6365,16.95
PILA DE GASOLINA 2068 MARCA DENSO,S30,6,10,8713.091,11.3
PILA DE GASOLINA BOSCH 2068 UNIVERSAL,S30,6,10,8713.091,11.3
PIÑON DE CIGÜEÑAL,S30,10,15,13069.6365,16.95
PISTONES 0.25/010,S30,40,45,39208.9095,50.85
PISTONES 0.50/020,S30,40,45,39208.9095,50.85
PISTONES 0.75/030,S30,50,55,47922.0005,62.15
PISTONES STD,S30,40,45,39208.9095,50.85
PLATO DE CROCHET,S30,35,50,43565.455,56.5
POLEA CON BASE,S30,10,18,15683.5638,20.34
POLEA DE TIEMPO,S30,12,18,15683.5638,20.34
POLEA DE TIEMPO LITENS,S30,17,30,26139.273,33.9
POMO DE PALANCA AUTOMATICO,S30,10,20,17426.182,22.6
POMO DE PALANCA SINCRONICO COMPLETO,S30,12,20,17426.182,22.6
PRE-FILTRO BOMBA DE GASOLINA,S30,2,5,4356.5455,5.65
PUNTA DE TRIPOIDE 25*30,S30,26,35,30495.8185,39.55
RADIADOR AUTOMATICO,S30,70,80,69704.728,90.4
RADIADOR SINCRONICO,S30,65,75,65348.1825,84.75
REGULADOR DE ALTERNADOR ,S30,12,20,17426.182,22.6
REGULADOR DE GASOLINA (GORDO),S30,6,12,10455.7092,13.56
RELE AZUL,S30,4,12,10455.7092,13.56
RELE VERDE 12V/45A-03653,S30,4,12,10455.7092,13.56
RESISTENCIA DE ELECTROVENTILADOR,S30,8,12,10455.7092,13.56
RODAMIENTO DALENTERO,S30,10,20,17426.182,22.6
RODAMIENTO DE AMORTIGUADOR,S30,5.5,8,6970.4728,9.04
RODAMIENTO EXTERNO DE PUENTE TRASERO,S30,2,3,2613.9273,3.39
RODAMIENTO INTERNO DE PUENTE TRASERO,S30,2,3,2613.9273,3.39
ROLINERA DE COPA CAJA,S30,5.504,8,6970.4728,9.04
ROTULA,S30,5,8,6970.4728,9.04
SENSOR ABS DELANTERO,S30,9,15,13069.6365,16.95
SENSOR ABS TRASERO,S30,9,15,13069.6365,16.95
SENSOR DE OXIGENO DELANTERO,S30,18,25,21782.7275,28.25
SENSOR DE OXIGENO TRASERO,S30,18,25,21782.7275,28.25
SENSOR DE RETROCESO ,S30,6,15,13069.6365,16.95
SENSOR DE TEMPERATURA 3 PIN,S30,8,15,13069.6365,16.95
SENSOR DE VELOCIDAD SINCRONICO,S30,10,15,13069.6365,16.95
SENSOR PARE-NEUTRO,S30,25,30,26139.273,33.9
SENSOR MAP,S30,15,25,21782.7275,28.25
SENSOR POSICION DE CIGÜEÑAL AUTOMATICO,S30,20,30,26139.273,33.9
SENSOR POSICION DE CIGÜEÑAL SINCRONICO,S30,10,20,17426.182,22.6
TANQUE DE GASOLINA ,S30,200,230,200401.093,259.9
TAPA BOMBA DE GASOLINA,S30,10,15,13069.6365,16.95
TAPA DE ACEITE DE  MOTOR ,S30,3.5,8,6970.4728,9.04
TAPA DE ENVASE REFRIGERANTE,S30,7,10,8713.091,11.3
TAPA DE RADIADOR INFERIOR AUTOMATICO,S30,12,18,15683.5638,20.34
TAPA DE RADIDOR INFERIOR SINCRONICO ,S30,12,18,15683.5638,20.34
TAPA FILTRO DE ACEITE,S30,8,15,13069.6365,16.95
TAPA RIN,S30,3,6,5227.8546,6.78
TAPON CARTE DE ACEITE,S30,2.6,5,4356.5455,5.65
TAQUETES 16 UND,S30,70,85,74061.2735,96.05
TENSOR DE TIEMPO,S30,20,30,26139.273,33.9
TENSOR DE TIEMPO LITENS,S30,29,45,39208.9095,50.85
TERMINAL DE DIRECION,S30,4,8,6970.4728,9.04
TERMOTASTO DE MOTOR ,S30,8,15,13069.6365,16.95
TOMA DE TERMOSTATO,S30,6,12,10455.7092,13.56
TRICETA  22X30,S30,5,10,8713.091,11.3
TUBERIA DE AGUA aplica para el sincronico,S30,18,25,21782.7275,28.25
TUNEL TRASERo,S30,95,110,95844.001,124.3
VALVULA  DE ESCAPE,S30,12,20,17426.182,22.6
VALVULA DE ADMISION,S30,12,20,17426.182,22.6
VALVULA DE EXPANSION A/AC,S30,10,15,13069.6365,16.95
VALVULA PCV,S30,8,15,13069.6365,16.95
VALVULA PRESION DE ACEITE,S30,4,10,8713.091,11.3
VALVULA PRESOSTATICA A/AC,S30,11,16,13940.9456,18.08
VOLANTE DE MOTOR,S30,45,60,52278.546,67.8
WIPER BOMBA LIMPIA RAABRISA,S30,5,10,8713.091,11.3
AMORTIGUADOR DELANTERO DERECHO,HAIMA7,45,55,47922.0005,62.15
AMORTIGUADOR DELANTERO IZQUIERDO,HAIMA7,45,55,47922.0005,62.15
AMORTIGUADOR TRASERO,HAIMA7,25,35,30495.8185,39.55
AIRBAG DE VOLANTE  COMPLETO ,HAIMA7,125,150,130696.365,169.5
AMRTIGUADOR DE COMPUERTA TRASERA ,HAIMA7,7.504,10,8713.091,11.3
"ANILLOS 0,25/010",HAIMA 7,23,30,26139.273,33.9
"ANILLOS 0,50/020",HAIMA 7,23,30,26139.273,33.9
ANILLOS STD,HAIMA7,23,30,26139.273,33.9
ARRANQUE DE MOTOR,HAIMA7,75,95,82774.3645,107.35
BASE DE AMORTIGUADOR,HAIMA 7,10,15,13069.6365,16.95
BASE DELANTERA DERECHA AUTOMATICA,HAIMA 7,25,35,30495.8185,39.55
BASE DELANTERA IZQUIERDA AUTOMATICA ,HAIMA 7,18,25,21782.7275,28.25
BASE DELANTERA DERECHA SINCRONICA,HAIMA 7,25,35,30495.8185,39.55
BASE DELANTERA IZQUIERDA SINCRONICA,HAIMA 7,32,40,34852.364,45.2
BASE FRONTAL AM/TM,HAIMA 7,11,25,21782.7275,28.25
BASE TRASERA AUTOMATICO,HAIMA 7,16,25,21782.7275,28.25
BASE TRASERA SINCRONICA,HAIMA 7,17,25,21782.7275,28.25
BOBINA DE ENCENDIDO,HAIMA7,14,25,21782.7275,28.25
BOMBA DE ACEITE,HAIMA 7,120,135,117626.7285,152.55
BOMBA DE AGUA,HAIMA 7,21.5,35,30495.8185,39.55
BOMBA DE DIRECCION,HAIMA 7,95,120,104557.092,135.6
BOMBA DE GASOLINA,HAIMA 7,45,60,52278.546,67.8
BOMBIN INFERIOR,HAIMA 7,10,20,17426.182,22.6
BOMBIN SUPERIOR,HAIMA 7,15,25,21782.7275,28.25
BUJE BARRA ESTABILIZADORA,HAIMA 7,2.5,5,4356.5455,5.65
BUJE DE MESETA GRANDE,HAIMA7,5,10,8713.091,11.3
BUJE DE MESETA PEQUEÑO,HAIMA 7,3,10,8713.091,11.3
BUJIAS NGK (4 UNIDADES),HAIMA 7,1.2,10,8713.091,11.3
BUJIAS NGK (4 UNIDADES),HAIMA 7,6,10,8713.091,11.3
BUJIAS DENSO CAJA AMARILLA (4 UND PUNTA IRIDIUM ),HAIMA 7,6,10,8713.091,11.3
BUJIAS DENSO CAJA AZUL (4 UND PUNTA IRIDIUM),HAIMA 7,6,10,8713.091,11.3
BUJIAS TORCH 3 PUNTAS (4 UNIDADES),HAIMA 7,6,10,8713.091,11.3
CAMARA COMPLETA ,HAIMA 7,990,1100,958440.01,1243
CARCAZA DE FILTRO DE MOTOR ,HAIMA 7,48,60,52278.546,67.8
CERRADURA DE GUANTERA BEIS,HAIMA 7,4.504,10,8713.091,11.3
CERRADURA DE GUANTERA NEGRA ,HAIMA 7,4.504,10,8713.091,11.3
CERRADURA DE GUANTERA PARA LLAVE BEIS,HAIMA 7,4.504,10,8713.091,11.3
CERRADURA DE GUANTERA PARA LLAVE NEGRO,HAIMA 7,4.504,10,8713.091,11.3
COLLARIN,HAIMA 7,8,12,10455.7092,13.56
COMPRESOR A/C,HAIMA7,240,260,226540.366,293.8
COMPUTADORA,HAIMA 7,85,100,87130.91,113
COMPUTDORA ANTI-ROBO,HAIMA 7,150,170,148122.547,192.1
CONCHAS DE BANCADA 0.25/010,HAIMA 7,10,15,13069.6365,16.95
CONCHAS DE BANCADA 0.50/020,HAIMA 7,10,15,13069.6365,16.95
CONCHAS DE BANCADA STD,HAIMA 7,10,15,13069.6365,16.95
CONCHAS DE BIELA 0.25/010,HAIMA 7,9,15,13069.6365,16.95
CONCHAS DE BIELA 0.50/020,HAIMA 7,9,15,13069.6365,16.95
CONCHAS DE BIELA STD,HAIMA7,9,15,13069.6365,16.95
DAMPER DE CIGÜEÑAL,HAIMA7,35,45,39208.9095,50.85
DISCO DE FRENO DELANTERO ,HAIMA7,36,45,39208.9095,50.85
DISCO DE CROCHET,HAIMA 7,26,35,30495.8185,39.55
EMPACADURA DE CAMARA AMIANTO,HAIMA 7,3.5,6,5227.8546,6.78
EMPACADURA DE CAMARA METAL,HAIMA 7,8,15,13069.6365,16.95
EMPACADURA DE TAPA VALVULA,HAIMA 7,4,6,5227.8546,6.78
ENVASE DE REFRIGERANTE,HAIMA 7,35,45,39208.9095,50.85
FILTRO DE aire motor ,HAIMA 7,11,17,14812.2547,19.21
FILTRO DE GASOLINA,HAIMA 7,4.504,8,6970.4728,9.04
FLOTANTE DE GASOLINA,HAIMA 7,8,15,13069.6365,16.95
FUSIBLE 125A PAQUETE (5 UNIDADES),HAIMA 7,7.504,15,13069.6365,16.95
GUAYA SELECTORA DE CAMBIO AUTOMATICA 500M1,HAIMA 7,20,30,26139.273,33.9
GUAYA DE CAMBIO AUTOMATICA 300M1 (CON VALVULA DE FRENO),HAIMA 7,42,50,43565.455,56.5
GUAYA DE CAPOT,HAIMA 7,8.504,12,10455.7092,13.56
INMOVILIZADOR,HAIMA 7,30,40,34852.364,45.2
INYECTOR DE GASOLINA,HAIMA7,15,20,17426.182,22.6
KIT DE EMPACADURA ,HAIMA7,29,35,30495.8185,39.55
KIT CHUPONES DE BOBINAS CON SELLOS DE BUJIAS ,HAIMA7,7,15,13069.6365,16.95
KIT DE CROCHET -PHC VALEO-,HAIMA 7,65,80,69704.728,90.4
KIT DE CADENA DE TIEMPO,HAIMA 7,65,80,69704.728,90.4
LAPIZ DE BIELETA DERECHO,HAIMA 7,4.5,8,6970.4728,9.04
LAPIZ DE BIELETA IZQUIERDO,HAIMA 7,4.5,8,6970.4728,9.04
MANGUERA TOMA DE AIRE PURIFICADORA ,HAIMA 7,25,35,30495.8185,39.55
MANGUERA DE RADIADOR  SUPERIRO 186,HAIMA7,7,12,10455.7092,13.56
MANGUERA DE RADIADOR  INFERIOR 185,HAIMA7,7,12,10455.7092,13.56
MANGUERA DE TANQUE DE GASOLINA (2 UND),HAIMA 7,14,20,17426.182,22.6
MANDO ELEVA VIDRIO DERECHO,HAIMA 7,3.504,10,8713.091,11.3
MANDO ELEVA VIDRIO PRINCIPAL,HAIMA 7,15,20,17426.182,22.6
MANILLA EXTERNA DELANTERA IZQUIERDA ,HAIMA 7,20,25,21782.7275,28.25
MANILLA EXTERNA DELANTERA DERECHA,HAIMA 7,20,25,21782.7275,28.25
MANILLA EXTERNA TRASERA DERECHA,HAIMA 7,20,25,21782.7275,28.25
MANILLA EXTERNA TRASERA IZQUIERDA ,HAIMA 7,20,25,21782.7275,28.25
MANILLA INTERNA DERECHA,HAIMA 7,8,12,10455.7092,13.56
MANILLA INTERNA IZQUIERDA,HAIMA 7,8,12,10455.7092,13.56
MICRO-FILTRO BLOQUE DE MOTOR,HAIMA 7,5,10,8713.091,11.3
MOZO / CUBO DE RUEDA DELANTERO,HAIMA 7,25,35,30495.8185,39.55
MUÑON DE MESETA LISO,HAIMA7,5,10,8713.091,11.3
PASTILLAS DE FRENO DELANTERA,HAIMA 7,17,25,21782.7275,28.25
PASTILLAS DE FRENO TRASERA,HAIMA7,15,25,21782.7275,28.25
PLATO DE CROCHET,HAIMA 7,36,45,39208.9095,50.85
PORTA ESTOPERA DE CIGUAÑAL TRASERA ,HAIMA 7,17,25,21782.7275,28.25
PRE-FILTRO DE GASOLINA,HAIMA7,3.5,8,6970.4728,9.04
PUNTA DE TRIOIDE COMPLETA DERECHA 8135A,HAIMA7,75,90,78417.819,101.7
PUNTA DE TRIOIDE COMPLETA IZQUIERDA 8134A,HAIMA 7,75,90,78417.819,101.7
PUNTA DE TRIPOIDE 28*24,HAIMA7,32,45,39208.9095,50.85
RADIADOR ,HAIMA 7,91,110,95844.001,124.3
RESISTENCIA A/AC,HAIMA 7,20,25,21782.7275,28.25
ROLINERA DE AMORTIGUADOR,HAIMA 7,3.5,8,6970.4728,9.04
ROTULA,HAIMA 7,6,10,8713.091,11.3
SELENOIDE DE VVT ADMISION 479Q,HAIMA 7,15,25,21782.7275,28.25
SELENOIDE DE VVT ESCAPE 484Q,HAIMA 7,15,25,21782.7275,28.25
SENSOR ARBOL DE LEVA,HAIMA 7,10,15,13069.6365,16.95
SENSOR DE OXIGENO,HAIMA 7,18.504,25,21782.7275,28.25
SENSOR DE POCIOSION DE CIGÜEÑAL ,HAIMA 7,8,15,13069.6365,16.95
SENSOR MAF BOSCH,HAIMA 7,33,40,34852.364,45.2
TAPA RIN ,HAIMA 7,3,6,5227.8546,6.78
TAPA DE GASOLINA ,HAIMA 7,5,10,8713.091,11.3
TAPA DE BOMBA DE GASOLINA,HAIMA 7,10,15,13069.6365,16.95
TERMINAL DE DIRECCION,HAIMA 7,5,10,8713.091,11.3
TERMOSTATO,HAIMA 7,9,15,13069.6365,16.95
VALVULA PCV,HAIMA 7,6,10,8713.091,11.3
VALVULA PEDEAL DE FRENO ,HAIMA 7,7,15,13069.6365,16.95
VARILLA DE MEDIR ACEITE ,HAIMA 7,5,10,8713.091,11.3
VALVULA PRESION DE ACEITE ,HAIMA 7,3.504,10,8713.091,11.3
VALVULA DE TEMPRATURA 3PIN,HAIMA7,5,10,8713.091,11.3
VALVULA PRESostatica A/AC,HAIMA 7,10,15,13069.6365,16.95
VVT DE ADMISION ,HAIMA 7,65,80,69704.728,90.4
VVT DE ESCAPE,HAIMA 7,65,80,69704.728,90.4
ALTERNADOR,ZOTYE,115,135,117626.7285,152.55
AMORTIGUADOR DELANTERO DERECHO,ZOTYE,35,45,39208.9095,50.85
AMORTIGUADOR DELANTERO IZQUIERDO,ZOTYE,35,45,39208.9095,50.85
AMORTIGUADOR TRASERO,ZOTYE,15,25,21782.7275,28.25
ANILLOS 0.25/010 1.3,ZOTYE,15,20,17426.182,22.6
ANILLOS 0.25/010 1.6,ZOTYE,15,20,17426.182,22.6
ANILLOS 0.50/020 1.3,ZOTYE,15,20,17426.182,22.6
ANILLOS 0.50/020 1.6,ZOTYE,15,20,17426.182,22.6
ANILLOS STD 1.3,ZOTYE,15,20,17426.182,22.6
ANILLOS STD 1.6,ZOTYE,15,20,17426.182,22.6
ARRANQUE ,ZOTYE,85,100,87130.91,113
ARBOL DE LEVA,ZOTYE,33,45,39208.9095,50.85
Balancin O Martillo De Valvulas A,ZOTYE,6,10,8713.091,11.3
Balancin O Martillo De Valvulas B,ZOTYE,6,10,8713.091,11.3
Balancin O Martillo De Valvulas C,ZOTYE,6,10,8713.091,11.3
BANDAS DE FRENO,ZOTYE,15,20,17426.182,22.6
BASE DE AMORTIGUADOR,ZOTYE,10,15,13069.6365,16.95
BASE DE MOTOR DERECHA,ZOTYE,10,15,13069.6365,16.95
BASE DE MOTOR IZQIERDA  (CAJA),ZOTYE,12,20,17426.182,22.6
BOBINA DE ENCENDIDO,ZOTYE,14,25,21782.7275,28.25
BOMBA DE ACEITE,ZOTYE,65,80,69704.728,90.4
BOMBA DE AGUA,ZOTYE,19,25,21782.7275,28.25
BOMBA DE DIRECCION ,ZOTYE,75,95,82774.3645,107.35
BOMBA DE FRENO,ZOTYE,29,35,30495.8185,39.55
BOMBA DE FRENO CON ENVASE,ZOTYE,37,45,39208.9095,50.85
BOMBA DE GASOLINA,ZOTYE,45,55,47922.0005,62.15
BOMBIN SUPERIOR,ZOTYE,15,25,21782.7275,28.25
BOMBIN INFERIOR marca Jiechi,ZOTYE,9,15,13069.6365,16.95
BUJE DE BARRA ESTABILIZADORA,ZOTYE,2,5,4356.5455,5.65
BUJE DE MESETA DELANTERA GRANDE,ZOTYE,4,8,6970.4728,9.04
BUJE DE MESETA DELANTERA PEQUEÑO,ZOTYE,3,6,5227.8546,6.78
BUJIAS NGK (4 UNIDADES),ZOTYE,6,10,8713.091,11.3
BUJIAS DENSO CAJA AMARILLA (4 UND PUNTA IRIDIUM ),ZOTYE,6,10,8713.091,11.3
BUJIAS DENSO CAJA AZUL (4 UND PUNTA IRIDIUM),ZOTYE,6,10,8713.091,11.3
BUJIAS TORCH 3 PUNTAS (4 UNIDADES),ZOTYE,6,10,8713.091,11.3
CABLES DE BUJIAS,ZOTYE,6,10,8713.091,11.3
CAJETIN DE DIRECCION COMPLETO (SIN TERMINALES),ZOTYE,220,240,209114.184,271.2
CARCAZA FILTRO DE AIRE ,ZOTYE,35,40,34852.364,45.2
COLLARIN,ZOTYE,4,10,8713.091,11.3
CIGÜEÑAL 1.6,ZOTYE,109,125,108913.6375,141.25
CILINDRO DE FREBO DERECHO,ZOTYE,6,10,8713.091,11.3
CILINDRO DE FRENO IZQUIERDO,ZOTYE,6,10,8713.091,11.3
COCNHAS DE BANCADA 025/010,ZOTYE,10,15,13069.6365,16.95
COMPRESOR ,ZOTYE,215,235,204757.6385,265.55
CONCHAS DE BANCADA STD,ZOTYE,10,15,13069.6365,16.95
CONCHAS DE BIELA 025/010,ZOTYE,5,10,8713.091,11.3
CONCHAS DE BILA STD,ZOTYE,5,10,8713.091,11.3
CONMUTADOR DE ENCENDIDO,ZOTYE,8,15,13069.6365,16.95
CONMUTADOR DE LUCES,ZOTYE,32,45,39208.9095,50.85
CONTROL ELEVA VIDRIO DERECHO,ZOTYE,12,20,17426.182,22.6
CONTROL ELEVA VIDRIO IZQIERDO,ZOTYE,18,25,21782.7275,28.25
CORREA DE ALTERNADOR 5PK865,ZOTYE,4,10,8713.091,11.3
CORREA DE TEMPO,ZOTYE,13,25,21782.7275,28.25
CORREA MULTIFUNCIONAL 5PK1050,ZOTYE,4.5,10,8713.091,11.3
CRUCETA,ZOTYE,7,12,10455.7092,13.56
CHUMASERA ,ZOTYE,10,15,13069.6365,16.95
DAMPER,ZOTYE,28,40,34852.364,45.2
DISCO DE CROCHET,ZOTYE,26,35,30495.8185,39.55
ELECTROVENTILADOR ,ZOTYE,80,95,82774.3645,107.35
EMPACADURA DE CAMARA MOTOR 1.3,ZOTYE,2.5,5,4356.5455,5.65
EMPACADURA DE CAMARA MOTOR 1.6,ZOTYE,2.5,5,4356.5455,5.65
EMPACADURA DE TAPA VALVULA,ZOTYE,3,5,4356.5455,5.65
ESTOPERA ARBOL DE LEVA,ZOTYE,2,5,4356.5455,5.65
ESTOPERA DELANTERA DE CIGÜEÑAL,ZOTYE,2,5,4356.5455,5.65
ESTOPERA TRASERA DE CIGÜEÑAL,ZOTYE,3,5,4356.5455,5.65
FILTRO DE ACEITE ,ZOTYE,3,5,4356.5455,5.65
FILTRO DE AIRE MOTOR,ZOTYE,7,12,10455.7092,13.56
FLOTATANTE DE GASOLINA ,ZOTYE,8,15,13069.6365,16.95
GORROS DE VALVULAS,ZOTYE,5,10,8713.091,11.3
GUAYA DE ACELERACION,ZOTYE,4,10,8713.091,11.3
GUAYA SELECTORA DE CAMBIOS,ZOTYE,10,15,13069.6365,16.95
INYECTOR DE GASOLINA,ZOTYE,12,20,17426.182,22.6
KIT DE CROCHET marca Hong Xie,ZOTYE,65,75,65348.1825,84.75
KIT DE EMPACADURA,ZOTYE,15,25,21782.7275,28.25
KIT DE TIEMPO CORREA Y TENSOR ,ZOTYE,16.5,30,26139.273,33.9
LAPIZ DE BIELETA C/U,ZOTYE,3,6,5227.8546,6.78
MANGUERA DE AIRE DE MOTOR ,ZOTYE,33,45,39208.9095,50.85
MANILLA DELANTERA EXTERNA DERECHA,ZOTYE,4,8,6970.4728,9.04
MANILLA DELANTERA EXTERNA IZQUIERDA,ZOTYE,4,8,6970.4728,9.04
MANILLA INTERNA DERECHA,ZOTYE,4,8,6970.4728,9.04
MANILLA INTERNA IZQUIERDA,ZOTYE,4,8,6970.4728,9.04
MESETA DELANTERA DERECHA,ZOTYE,32,45,39208.9095,50.85
MESETA DELANTERA IZQUIERDA,ZOTYE,32,45,39208.9095,50.85
MOTOR LIMPIA PARABRISA,ZOTYE,25,35,30495.8185,39.55
MOZO DELANTERO ,ZOTYE,22,30,26139.273,33.9
ODOMETRO DE VELOCIDAD,ZOTYE,10,15,13069.6365,16.95
PASTILLAS DE FRENO,ZOTYE,8,15,13069.6365,16.95
PARACHOQUE DELANTERO,ZOTYE,100,120,104557.092,135.6
PARACHOQUE TRASERO,ZOTYE,100,120,104557.092,135.6
PILA DE GASOLINA 2068 MARCA DENSO,ZOTYE,6,10,8713.091,11.3
PILA DE GASOLINA BOSCH 2068 UNIVERSAL,ZOTYE,6,10,8713.091,11.3
PIÑON DE CIGÜEÑAL,ZOTYE,9,15,13069.6365,16.95
PISTONES STD 1.6,ZOTYE,30,40,34852.364,45.2
PISTONES 050/020 1.6,ZOTYE,30,40,34852.364,45.2
PLATO DE CROCHET,ZOTYE,35,45,39208.9095,50.85
RADIADOR ZOTYE,ZOTYE,72,90,78417.819,101.7
REGULADOR DE GASOLINA,ZOTYE,6,12,10455.7092,13.56
RETROVISOR DERECHO,ZOTYE,39,45,39208.9095,50.85
RETROVISOR IZQUIERDO,ZOTYE,39,45,39208.9095,50.85
RODAMIENTO DELANTERO,ZOTYE,9,15,13069.6365,16.95
ROTULA ROSCA FINA,ZOTYE,5,8,6970.4728,9.04
ROTULA ROSCA GRUESA,ZOTYE,5,8,6970.4728,9.04
SENSOR DE OXIGENO aplica arauca,ZOTYE,17,25,21782.7275,28.25
SELLOS DE BUJIAS,ZOTYE,3,6,5227.8546,6.78
SENSOR MAP,ZOTYE,9,15,13069.6365,16.95
SENSOR PEDAL DE FRENO,ZOTYE,5,10,8713.091,11.3
SENSOR POSICION DE CIGÜEÑAL,ZOTYE,8,15,13069.6365,16.95
SUICHERA DE ENCENDIDO,ZOTYE,30,40,34852.364,45.2
TAPA BOMBA DE GASOLINA,ZOTYE,10,15,13069.6365,16.95
TAPA CADENA DE MOTOR ,ZOTYE,12,18,15683.5638,20.34
TENSOR DE TIEMPO,ZOTYE,8,15,13069.6365,16.95
TERMIAL DE DIRECCION,ZOTYE,4.504,8,6970.4728,9.04
TERMOSTATO,ZOTYE,7,10,8713.091,11.3
TUBERIA  DE REFRIGERANTE,ZOTYE,10,15,13069.6365,16.95
VALVULA DE ADMISION 1.3,ZOTYE,12,20,17426.182,22.6
VALVULA DE ESCAPE 1.3,ZOTYE,12,20,17426.182,22.6
VALVULA DE TEMPERATURA 2 PIN,ZOTYE,3,6,5227.8546,6.78
VALVULA PCV,ZOTYE,2,5,4356.5455,5.65
VALVULAS DE ADMISION 1.6,ZOTYE,12,20,17426.182,22.6
VALVULAS DE ESCAPE 1.6,ZOTYE,12,20,17426.182,22.6
VARILLA DE MEDIR ACEITE ,ZOTYE,8.5,15,13069.6365,16.95
AMORTIGUADOR DELANTERO RH( mini dongfeng),CHANA,30,37,32238.4367,41.81
AMORTIGUADOR DELANTERO LH,CHANA,30,37,32238.4367,41.81
ANILLOS 025/010,CHANA,10,15,13069.6365,16.95
"ANILLOS 0,50/020",CHANA,10,15,13069.6365,16.95
ANILLOS STD,CHANA,10,15,13069.6365,16.95
ARBOL DE LEVA,CHANA,25,40,34852.364,45.2
ARRANQUE DE MOTOR ,CHANA,65,80,69704.728,90.4
BOBINA CAPTADORA ,CHANA,7.5,15,13069.6365,16.95
BOBINA DE ENCENDIDO,CHANA,12,20,17426.182,22.6
BOMBA DE ACEITE,CHANA,18,30,26139.273,33.9
BOMBA DE AGUA,CHANA,15,25,21782.7275,28.25
BUJIAS DENSO CAJA AMARILLA (4 UND PUNTA IRIDIUM ),CHANA,6,10,8713.091,11.3
BUJIAS DENSO CAJA AZUL (4 UND PUNTA IRIDIUM),CHANA,6,10,8713.091,11.3
CABLES DE BUJAS,CHANA,8,15,13069.6365,16.95
CAJETIN DE DIRECCION,CHANA,30,45,39208.9095,50.85
CAMARA COMPLETA ,CHANA,200,250,217827.275,282.5
CIGÜEÑAL ,CHANA,70,85,74061.2735,96.05
COLLARIN,CHANA,3.5,6,5227.8546,6.78
CONCHAS DE BANCADA 010,CHANA,6,10,8713.091,11.3
CONCHAS DE BANCADA 020,CHANA,6,10,8713.091,11.3
CONCHAS DE BANCADA STD,CHANA,6,10,8713.091,11.3
CONCHAS DE BIELA 010,CHANA,5,10,8713.091,11.3
CONCHAS DE BIELA 020,CHANA,5,10,8713.091,11.3
CONCHAS DE BIELA STD,CHANA,5,10,8713.091,11.3
CORREA DE TIEMPO ,CHANA,8,15,13069.6365,16.95
DISCO DE CROCHET,CHANA,15,25,21782.7275,28.25
DISCO DE FRENO,CHANA,18,25,21782.7275,28.25
DISTRIBUIDOR DE CORRIENTE ,CHANA,28,35,30495.8185,39.55
EMPACADURA DE CAMARA,CHANA,2,5,4356.5455,5.65
EMPACADURA DE TAPA VALVULA,CHANA,2,5,4356.5455,5.65
ESTOPERA DE ARBOL DE LEVA,CHANA,1.504,5,4356.5455,5.65
ESTOPERA DELANTERA DE CIGÜEÑAL,CHANA,1.504,5,4356.5455,5.65
ESTOPERA TRASERA DE CIGÜEÑAL,CHANA,2,5,4356.5455,5.65
FARO ANTINIEBLA DERECHO,CHANA,12,20,17426.182,22.6
FARO ANTINIEBLA IZQUIERDO,CHANA,12,20,17426.182,22.6
FARO DELANTERO DERECHO,CHANA,39,45,39208.9095,50.85
FARO FELANTERO IZQUIERDO,CHANA,39,45,39208.9095,50.85
GORROS DE VALVULA (8UND),CHANA,2.504,5,4356.5455,5.65
GUAYA DE ACELERACION ,CHANA,5,10,8713.091,11.3
INYECTOR DE GASOLINA ,CHANA,10,15,13069.6365,16.95
KIT DE CROCHET,CHANA,36,45,39208.9095,50.85
KIT DE EMPACADURA,CHANA,9,15,13069.6365,16.95
LAPIZ DELANTERO,CHANA,2.504,5,4356.5455,5.65
MOTOR COMPLETO 465 CHANA SAIC WULLING,CHANA,735,830,723186.553,937.9
MESETA RH ,CHANA,7.504,15,13069.6365,16.95
MESETA LH ,CHANA,7.504,15,13069.6365,16.95
PARACHOQUE DELANTERO,CHANA,91,105,91487.4555,118.65
PASTILLAS DE FRENO,CHANA,5,10,8713.091,11.3
PILA DE GASOLINA 2068 MARCA DENSO,CHANA,6,10,8713.091,11.3
PILA DE GASOLINA BOSCH 2068 UNIVERSAL,CHANA,6,10,8713.091,11.3
PISTONES 0.25/010,CHANA,23,35,30495.8185,39.55
PISTONES 0.50/020,CHANA,23,35,30495.8185,39.55
PISTONES STD,CHANA,23,35,30495.8185,39.55
PLATO DE CROCHET,CHANA,22,35,30495.8185,39.55
PROTECTO DE KIT DE TIEMPO ,CHANA,15,25,21782.7275,28.25
RETROVISOR DERECHO,CHANA,9,15,13069.6365,16.95
RETROVISOR IZQUIERDO,CHANA,9,15,13069.6365,16.95
ROTULA ,CHANA,4,8,6970.4728,9.04
SENSOR TEMPRERATURA 1 PIN,CHANA,3,6,5227.8546,6.78
SENSOR DE TEMPERATURA 2 PINES,CHANA,5,10,8713.091,11.3
STOP DERECHO,CHANA,25,35,30495.8185,39.55
STOP IZQUIERDO,CHANA,25,35,30495.8185,39.55
TERMINAL DE DIRECCION DERECHO,CHANA,4.504,8,6970.4728,9.04
TERMINAL DE DIRECCION IZQUIERDO,CHANA,4.504,8,6970.4728,9.04
TOMA DE TERMOSTATO ,CHANA,5,10,8713.091,11.3
VOLANTE DE MOTOR ,CHANA,35,45,39208.9095,50.85
ALTERNADOR  ORIGINAL ,ARAUCA,90,110,95844.001,124.3
AMORTIGUADOR DELANTERO COMPLETO CON ESPIRAL EL PAR,ARAUCA,110,130,113270.183,146.9
AMORTIGUADOR DELANTERO  ORIGINAL C/U aplica qq6,ARAUCA,27,35,30495.8185,39.55
AMORTIGUADOR TRASERA  ORIGINAL  C/U,ARAUCA,16,25,21782.7275,28.25
AMORTIGUADOR DE MALETA  ORIGINAL C/U,ARAUCA,9,15,13069.6365,16.95
ANILLOS ESTANDAR  STD ORIGINAL (QQ6),ARAUCA,10,15,13069.6365,16.95
ANILLOS 0.10 ORIGINAL ,ARAUCA,10,15,13069.6365,16.95
ANILLOS 0.20 ORIGINAL ,ARAUCA,10,15,13069.6365,16.95
ANILLOS CON JUEGO PISTON 0.30 ORIGINAL ,ARAUCA,70,85,74061.2735,96.05
ANILLOS CON JUEGO PISTON 0.40 ORIGINAL ,ARAUCA,90,100,87130.91,113
ANTENA    ORIGINAL,ARAUCA,12,20,17426.182,22.6
ANTENA INMOVILIZADOR ,ARAUCA,6,15,13069.6365,16.95
ANTINIEBLA  DER ,ARAUCA,12,20,17426.182,22.6
ANTINIEBLA  IZQ ,ARAUCA,12,20,17426.182,22.6
ANTIRUIDO DE FRENO   (4 piezas),ARAUCA,5,10,8713.091,11.3
ARBOL DE LEVA ADMISION ORIGINAL,ARAUCA,50,60,52278.546,67.8
ARBOL DE LEVA ESCAPE  ORIGINAL,ARAUCA,50,60,52278.546,67.8
ARO BRONCE SINCRONIZADOR  ORIGINAL C/U,ARAUCA,12,20,17426.182,22.6
ARRANQUE  ORIGINAL,ARAUCA,65,80,69704.728,90.4
AUTOMATICO ARRANQUE (3 HUECO) ORIGINAL,ARAUCA,23,30,26139.273,33.9
BANDAS DE FRENO TRASERA ARAUCA,ARAUCA,15,20,17426.182,22.6
BASE AMORTIGUADOR  COMPLETO,ARAUCA,11,20,17426.182,22.6
BASE AMORTIGUADOR METALICA,ARAUCA,5,10,8713.091,11.3
BASE AMORTIGUADOR TOPE O COPA,ARAUCA,3,6,5227.8546,6.78
BASE DE TERMOSTATO  ORIGINAL,ARAUCA,26,35,30495.8185,39.55
BASE MOTOR DELANTERO  ORIGINAL ,ARAUCA,15,20,17426.182,22.6
BASE MOTOR DERECHA  ORIGINAL ,ARAUCA,15,20,17426.182,22.6
BASE MOTOR IZQ A ORIGINAL ,ARAUCA,15,20,17426.182,22.6
BASE MOTOR TRASERA ORIGINAL ,ARAUCA,15,20,17426.182,22.6
BOBINA ENCENDIDO BOSCH ORIGINAL,ARAUCA,16,25,21782.7275,28.25
BOMBA ACEITE ORIGINAL  ORIGINAL PLANTA,ARAUCA,30,45,39208.9095,50.85
BOMBA AGUA  ORIGINAL PLANTA,ARAUCA,20,30,26139.273,33.9
BOMBA DE AGUA ORIGINAL CHERY,ARAUCA,14,25,21782.7275,28.25
BOMBA DE GASOLINA  COMPLETO ORIGINAL,ARAUCA,40,50,43565.455,56.5
BOMBA DIRECCION  ORIGINAL ,ARAUCA,60,80,69704.728,90.4
BOMBA FRENO  ORIGINAL,ARAUCA,23,35,30495.8185,39.55
BOMBA FRENO CON HIDROVAC Y ENVASE  ORIGINAL,ARAUCA,45,55,47922.0005,62.15
BOMBA O MOTOE WIPER LIMPIA PARABRISAS  ,ARAUCA,4,10,8713.091,11.3
BRAZO BIELA ORIGINAL ,ARAUCA,15,20,17426.182,22.6
BUJE BARRA TENSORA EXTENA COMO AREPITA ,ARAUCA,3.5,5,4356.5455,5.65
BUJE BARRA TENSORA INTERNE COMO AREPITA ,ARAUCA,3.5,5,4356.5455,5.65
BUJE CAJETIN  (2 BUJE),ARAUCA,8,15,13069.6365,16.95
BUJE MESETA TRASERA CORTA AR   meseta trasera ,ARAUCA,7,12,10455.7092,13.56
BUJE MESETA TRASERA LARGA AR    meseta trasera,ARAUCA,8,12,10455.7092,13.56
BUJE O GAMAS CAJETIN  TIPO O,ARAUCA,3,5,4356.5455,5.65
BUJE O GOMAS DE BARRA ESTABILIZADORA  ,ARAUCA,3,5,4356.5455,5.65
BUJIA  BOSCH  3ELETR            ,ARAUCA,6.8,10,8713.091,11.3
BUJIA  CHERY  3ELETR                  ,ARAUCA,6.8,10,8713.091,11.3
BUJIA  TORCH  3ELETR ARAUCA/X1  (QQ6),ARAUCA,6.64,10,8713.091,11.3
BUJIA DENSO IRIDIUM 3297 (4 BUJIA),ARAUCA,6,10,8713.091,11.3
BUJIA DENSO IRIDIUM 5304 (4 BUJIA),ARAUCA,6,10,8713.091,11.3
BUJIA PUNTA PLATINO LETRA AZUL (4 BUJIA),ARAUCA,8,15,13069.6365,16.95
CABLES BUJIAS CLASE A ,ARAUCA,11,20,17426.182,22.6
CABLES DE BUJIAS  ORIGINAL PLANTA SEPARADOS,ARAUCA,20,30,26139.273,33.9
CAJETIN  SIN ACCESORIO ORIGINAL,ARAUCA,170,190,165548.729,214.7
CAMARA  COMPLETO,ARAUCA,680,780,679621.098,881.4
CAMARA VACIA,ARAUCA,430,520,453080.732,587.6
CARCASA PURIFICADOR DE AIRE  SIN CAJA,ARAUCA,38,45,39208.9095,50.85
CARTER MOTOR  ORIGINAL,ARAUCA,65,75,65348.1825,84.75
CEPILLO LIMPIA PARABRISA DELANTERO EL JUEGO ,ARAUCA,5,10,8713.091,11.3
CEPILLO LIMPIA PARABRISA TRASERA C/U ,ARAUCA,3,5,4356.5455,5.65
CHUPON CLIP DE BOMBA GASOLINA  (G),ARAUCA,3,5,4356.5455,5.65
CHUPON CLIP DE BOMBA GASOLINA  (P),ARAUCA,3,5,4356.5455,5.65
CIGUEÑAL  ORIGINAL,ARAUCA,100,110,95844.001,124.3
CILINDRO DE FRENO TRASERA  C/U,ARAUCA,8,15,13069.6365,16.95
CINTA VOLANTE ,ARAUCA,20,30,26139.273,33.9
COCUYO  DER,ARAUCA,5,10,8713.091,11.3
COCUYO  IZQ,ARAUCA,5,10,8713.091,11.3
COLLARIN DE CROCHET ORIGINAL,ARAUCA,5,10,8713.091,11.3
COMPRESOR  ORIGINAL,ARAUCA,170,190,165548.729,214.7
COMPUTADORA DE  ORIGINAL,ARAUCA,110,120,104557.092,135.6
CONMUTADOR DE ENCENDIDO ARAUCA,ARAUCA,6,10,8713.091,11.3
CONCHA DE BANCADA 0.10/+25 ,ARAUCA,6,10,8713.091,11.3
CONCHA DE BANCADA 020/+50 ,ARAUCA,6,10,8713.091,11.3
CONCHA DE BANCADA 030/+75 ,ARAUCA,10,20,17426.182,22.6
CONCHA DE BANCADA STD (QQ6),ARAUCA,6,10,8713.091,11.3
CONCHA DE BIELAS 010/+25 ,ARAUCA,6,10,8713.091,11.3
CONCHA DE BIELAS 020/+50 ,ARAUCA,6,10,8713.091,11.3
CONCHA DE BIELAS 030/+75 ,ARAUCA,10,20,17426.182,22.6
CONCHA DE BIELAS STD (QQ6),ARAUCA,6,10,8713.091,11.3
CONDENSADOR  ORIGINAL,ARAUCA,65,75,65348.1825,84.75
CONECTOR CON CABLE BOMBA GASOLINA ,ARAUCA,2.5,5,4356.5455,5.65
CONECTOR PLATICO DE CARCASA,ARAUCA,5.5,10,8713.091,11.3
CONETA ALTA ,ARAUCA,6,12,10455.7092,13.56
CONETA BAJA ,ARAUCA,6,12,10455.7092,13.56
CONTRO SOLO DE ARAUCA SIN LLAVE,ARAUCA,12,20,17426.182,22.6
COPA CAJA 25X28 ORIGINAL,ARAUCA,30,40,34852.364,45.2
COPA CAJA 21*25 USA TRICETA X1,ARAUCA,35,45,39208.9095,50.85
CORREA DE AIRE ORIGINAL ( compresor),ARAUCA,5,10,8713.091,11.3
CORREA DE ALTERNADOR ORIGINAL ,ARAUCA,5,10,8713.091,11.3
CORREA TIEMPO  MARCA CHERY CLASE A,ARAUCA,10,20,17426.182,22.6
CORREA TIEMPO  DOBLE COSTURA NOMAL,ARAUCA,22,30,26139.273,33.9
CORREA TIEMPO ORIGINAL DOBLE COSTURA ARAUCA ,ARAUCA,40,50,43565.455,56.5
CROCHERA CON ROLINERA DE COMPRESOR  ORIGINAL,ARAUCA,45,56,48793.3096,63.28
CUERPO ACELERECION  ORIGINAL,ARAUCA,65,75,65348.1825,84.75
CUNA ,ARAUCA,290,330,287532.003,372.9
DISCO CROCHET VALEO CON CAJA CHERY,ARAUCA,28,40,34852.364,45.2
DISCO FRENO  ORIGINAL,ARAUCA,23,35,30495.8185,39.55
ELECTROVENTILADOR  ORIGINAL,ARAUCA,75,90,78417.819,101.7
ELEVA VIDRIO DELANTERO DERECHO,ARAUCA,25,35,30495.8185,39.55
ELEVA VIDRIO DELANTERO IZQUIERDA ORIGINAL ,ARAUCA,25,35,30495.8185,39.55
ELEVAVIDRIO TRASERA DERECHA ,ARAUCA,25,35,30495.8185,39.55
ELEVAVIDRIO TRASERA IZQ ,ARAUCA,25,35,30495.8185,39.55
EMPACADURA DE BOMBA ACEITE ORIGINAL ,ARAUCA,2.5,5,4356.5455,5.65
EMPACADURA DE BOMBA AGUA ORIGINAL ,ARAUCA,1.5,5,4356.5455,5.65
EMPACADURA DE CAMARA AMIENTO ,ARAUCA,2.8,5,4356.5455,5.65
EMPACADURA DE CAMARA METALICA ,ARAUCA,13,20,17426.182,22.6
EMPACADURA TAPA VALVULA MORADA,ARAUCA,3,5,4356.5455,5.65
EMPACADURA TAPA VALVULA ORIGINAL FINA ,ARAUCA,2.5,5,4356.5455,5.65
ENGRANAJES IMPULSOR 3 ERA 37 ,ARAUCA,15,20,17426.182,22.6
ENGRANAJES IMPULSOR 4TA 33,ARAUCA,15,25,21782.7275,28.25
ENGRANAJES IMPULSOR 5TA 32,ARAUCA,16,25,21782.7275,28.25
ENGRANAJES PRINCIPA  5TA 37 X1,ARAUCA,25,35,30495.8185,39.55
ENGRANAJES PRINCIPAL 3ERA 26 X1,ARAUCA,25,35,30495.8185,39.55
ENGRANAJES PRINCIPAL 4TA 31 X1,ARAUCA,25,35,30495.8185,39.55
ENVASE O TANQUE DE AGUA  ORIGINAL,ARAUCA,14,25,21782.7275,28.25
ESPARRAGO RUEDA CON TUERCA  (4 Y 4) ORIGINAL,ARAUCA,10,15,13069.6365,16.95
ESPEJO RETROVISOR INTENO CENTRAL,ARAUCA,14,20,17426.182,22.6
ESPIRALES DELANTEROS  C/U aplica qq6,ARAUCA,14,20,17426.182,22.6
ESPIRALES TRASEROS  C/U aplica qq6,ARAUCA,14,20,17426.182,22.6
ESTOPERA ARBOL LEVA  PLANTA C/U,ARAUCA,3,5,4356.5455,5.65
ESTOPERA  CAJA ORIGINAL ,ARAUCA,3,5,4356.5455,5.65
ESTOPERA DELANTERO CIGÜEÑAL,ARAUCA,3,5,4356.5455,5.65
ESTOPERA TRASERA CIGÜEÑAL,ARAUCA,3,5,4356.5455,5.65
EVAPORADOR  ORIGINAL,ARAUCA,60,70,60991.637,79.1
FARO  DERECHO,ARAUCA,70,80,69704.728,90.4
FARO  IZQUIERDO,ARAUCA,70,80,69704.728,90.4
FILTRO DE AIRE  ORIGINAL,ARAUCA,4,8,6970.4728,9.04
FILTRO DE BAMBA GASOLINA INTERNA REDONDO,ARAUCA,3.5,5,4356.5455,5.65
FITRO ACEITE ORIGINAL ,ARAUCA,2.5,5,4356.5455,5.65
FITRO GASOLINA ORIGINAL CHERY,ARAUCA,3,5,4356.5455,5.65
FITRO SECADOR DE AIRE  ORIGINAL,ARAUCA,20,30,26139.273,33.9
FLEXIBLE  ORIGINAL,ARAUCA,20,30,26139.273,33.9
"FLOTANTE DE BOMBA GASOLINA ,",ARAUCA,7,15,13069.6365,16.95
GOMAS AMORTIGUADOR  ORIGINAL,ARAUCA,3.5,5,4356.5455,5.65
GOMAS DE ESCAPE FLEXIBLE ORIGINAL,ARAUCA,4,10,8713.091,11.3
GOMAS NEGRO REDONDO PARA GASOLINA ORIGINAL,ARAUCA,4,10,8713.091,11.3
GORROS O GOMAS VALVULA  COLOR NEGRO,ARAUCA,4,10,8713.091,11.3
GORROS O GOMAS VALVULA MARCA SKF ORIGINAL PLANTA,ARAUCA,10,15,13069.6365,16.95
GUARDA POLVO CAJETIN  C/U,ARAUCA,4,8,6970.4728,9.04
GUARDAPOLVO AMORTIGUADOR DELANTERO ORIGINAL C/U,ARAUCA,6.5,10,8713.091,11.3
GUAYA DE CROCHET  ORIGINAL GANCHO METALICA,ARAUCA,8,15,13069.6365,16.95
GUAYA DE CROCHET  PLANTA GANCHO PLATICO,ARAUCA,8,15,13069.6365,16.95
GUAYA DE VELOCIDAD ,ARAUCA,25,35,30495.8185,39.55
GUIA DE VALVULA  ORIGINAL (JUEGO 16),ARAUCA,12,20,17426.182,22.6
HORQUILLA 1Y2 ,ARAUCA,12,20,17426.182,22.6
HORQUILLA 3Y4 ,ARAUCA,12,20,17426.182,22.6
HORQUILLA 5TA Y RETROCESO ,ARAUCA,12,20,17426.182,22.6
HORQUILLA DE PALANCA LIBERADORA,ARAUCA,12,20,17426.182,22.6
INYETOR  ORIGINAL C/U,ARAUCA,16,25,21782.7275,28.25
JUEGO CILINDRO CON LLAVE SIN CONTRO Y CHIP ,ARAUCA,20,35,30495.8185,39.55
JUEGO DE EMPACADURA CON TAPA VAL FINA NEGRA,ARAUCA,15,25,21782.7275,28.25
JUEGO DE EMPACADURA CON TAPA VAL MORADA,ARAUCA,20,30,26139.273,33.9
JUEGO VALVULA ADMISION  (8),ARAUCA,12,20,17426.182,22.6
JUEGO VALVULA ESCAPE   (8),ARAUCA,12,20,17426.182,22.6
KIT DE TIEMPO ORIGINAL DOBLE COSTURA,ARAUCA,75,90,78417.819,101.7
KIT CROCHET ORIGINAL VALEO CON CAJA CHERY,ARAUCA,65,75,65348.1825,84.75
KIT DE REPARACION CAJETIN  ORIGINAL,ARAUCA,15,25,21782.7275,28.25
KIT DE REPARACION DE CALIPER ORIGINAL (2 PIEZAS) ,ARAUCA,7,10,8713.091,11.3
KIT GOMA COPA CAJA  C/U,ARAUCA,6.5,10,8713.091,11.3
KIT GOMA PUNTA TRIPOIDE  C/U,ARAUCA,6.5,10,8713.091,11.3
LAME VIDRIO DEL. DER. AR,ARAUCA,9,13,11327.0183,14.69
LAME VIDRIO DEL. IZQ. AR,ARAUCA,9,13,11327.0183,14.69
LAME VIDRIO TRA. DER. AR,ARAUCA,9,13,11327.0183,14.69
LAME VIDRIO TRA. IZQ. AR,ARAUCA,9,13,11327.0183,14.69
LAPIZ DELANTE  C/U,ARAUCA,3,8,6970.4728,9.04
LLAVE VIGEN SOLA,ARAUCA,4,10,8713.091,11.3
LOGO DE CHERY,ARAUCA,2,5,4356.5455,5.65
MAGUERA DE BOMBA DIRECCION  ALTA (LARGO),ARAUCA,23,35,30495.8185,39.55
MAGUERA DE BOMBA DIRECCION  BAJA,ARAUCA,22,35,30495.8185,39.55
MAGUERA DE CALEFACCION (TIPO 7)  1014211,ARAUCA,6,10,8713.091,11.3
MAGUERA DE CALEFACCION  COMPLETO,ARAUCA,26,35,30495.8185,39.55
MAGUERA DE CALEFACCION LARGA  1014231 ,ARAUCA,6,10,8713.091,11.3
MAGUERA DE CALEFACCION MAS FINITA 1014241,ARAUCA,6,10,8713.091,11.3
MAGUERA DE CARCASA A CUERPO ACELERECION ,ARAUCA,9,15,13069.6365,16.95
MAGUERA DE PLATICO DE CARCASA TIPO S,ARAUCA,16,25,21782.7275,28.25
MAGUERA DE RADIADOR  INFERIOR  1303111,ARAUCA,5,10,8713.091,11.3
MAGUERA DE RADIADOR SUPERIOR   1303211,ARAUCA,5,10,8713.091,11.3
MANDO DE SUBIR Y BAJAR VIDRIO ,ARAUCA,5,10,8713.091,11.3
MANDO DE SUBIR Y BAJAR VIDRIO PRINCIPAL ,ARAUCA,15,25,21782.7275,28.25
MANGUERA FRENO DELANTERA 6010 ,ARAUCA,8,15,13069.6365,16.95
MANGUERA FRENO TRASERA 6070 ,ARAUCA,7,15,13069.6365,16.95
MANGUERA T PLATICO CON VALVULA PCV ,ARAUCA,12,25,21782.7275,28.25
MANILLAS DELANTERO EXTERNA DERECHA ORIGINAL,ARAUCA,5,8,6970.4728,9.04
MANILLAS DELANTERO EXTERNA IZQ ORIGINAL,ARAUCA,5,8,6970.4728,9.04
MANILLAS DELANTERO INTENA DER ORIGINAL,ARAUCA,5.5,8,6970.4728,9.04
MANILLAS DELANTERO INTENA IZQ ORIGINAL,ARAUCA,5.5,8,6970.4728,9.04
MANILLAS TRASERA EXTERNA DERECHA ORIGINAL,ARAUCA,5,8,6970.4728,9.04
MANILLAS TRASERA EXTERNA IZQ ORIGINAL,ARAUCA,5,8,6970.4728,9.04
MANILLAS TRASERA INTERNA DER ORIGINA,ARAUCA,5.5,8,6970.4728,9.04
MANILLAS TRASERA INTERNA IZQ ORIGINAL,ARAUCA,5.5,8,6970.4728,9.04
MARTILLO (16),ARAUCA,55,65,56635.0915,73.45
MECANISMO LIMPIAPARABRISAS DELANTERO ,ARAUCA,19,25,21782.7275,28.25
MECANISMO O PALANCA FRENO MANO COMPLETA,ARAUCA,26,35,30495.8185,39.55
MESETA DELANTERA DERECHA  C/U,ARAUCA,18,25,21782.7275,28.25
MESETA DELANTERA IZQUIERDA C/U,ARAUCA,18,25,21782.7275,28.25
MESETA TRASERA DERECHA ORIGINAL C/U,ARAUCA,30,40,34852.364,45.2
MESETA TRASERA IZQUIERDA ORIGINAL C/U,ARAUCA,30,40,34852.364,45.2
MODULO ABS  ,ARAUCA,180,200,174261.82,226
MODULO DE CONTROL CON DOS CONTROL,ARAUCA,55,65,56635.0915,73.45
MODULO INMOVILIZADOR  ETIQUETA VERDE,ARAUCA,35,45,39208.9095,50.85
MOTOR DE LIMPIA PARABRISA ,ARAUCA,25,35,30495.8185,39.55
MOZO DELANTERO ,ARAUCA,14,25,21782.7275,28.25
MOZO TRASERA  CJB ORIGINAL,ARAUCA,30,45,39208.9095,50.85
MOZO TRASERA SIN ABS Y ESPARAGO,ARAUCA,18,25,21782.7275,28.25
MULTIPLES ESCAPE,ARAUCA,80,100,87130.91,113
ORIN DE ADMISION ,ARAUCA,2.5,5,4356.5455,5.65
ORIN DE BOMBA ACEITE ,ARAUCA,2,5,4356.5455,5.65
PALANCA NEGRO DE SEGURO PUERTA ,ARAUCA,0.8,2,1742.6182,2.26
PARACHOQUE DELANTERO  ,ARAUCA,90,105,91487.4555,118.65
PARRILLA O REJILLA DE CAPOT ,ARAUCA,8,15,13069.6365,16.95
PASTILLA FRENO DELANTERO  CON CAJA CHERY,ARAUCA,10,15,13069.6365,16.95
PASTILLA FRENO DELANTERO  PLANTA CAJ AZUL,ARAUCA,14,20,17426.182,22.6
PEDAL ACELERACION COMPLETO,ARAUCA,26,35,30495.8185,39.55
PEDALERA ,ARAUCA,80,100,87130.91,113
PILA GASOLINA  MARCA KG PICO MARRON ,ARAUCA,6,10,8713.091,11.3
PILA GASOLINA BOSCH PICO NEGRO,ARAUCA,6,10,8713.091,11.3
PILA GASOLINA BOSCH PICO VERDE,ARAUCA,6,10,8713.091,11.3
PILA GASOLINA  MARCA CHERY PICO MARRON ,ARAUCA,7,10,8713.091,11.3
PILA GASOLINA TENSO,ARAUCA,6,10,8713.091,11.3
PISTON STD ORIGINAL ,ARAUCA,30,40,34852.364,45.2
"PISTON 0.10/0,25",ARAUCA,35,45,39208.9095,50.85
PISTON 0.20/0.50  ,ARAUCA,35,45,39208.9095,50.85
PISTON 0.30/0.75   CON ANILLOS,ARAUCA,70,85,74061.2735,96.05
PISTON 0.40/1.00   CON ANILLOS,ARAUCA,90,110,95844.001,124.3
PLANETARIO DE ARRANQUE ,ARAUCA,9,15,13069.6365,16.95
PLATO BASE FRENO DER CON BANDA Y CILINDRO,ARAUCA,25,35,30495.8185,39.55
PLATO BASE FRENO  IZQ CON BANDA Y CILINDRO,ARAUCA,25,35,30495.8185,39.55
PLATO CROCHET VALEO CON CAJA CHERY,ARAUCA,32,45,39208.9095,50.85
POLEA DE CORREA TIEMPO ORIGINAL,ARAUCA,13,25,21782.7275,28.25
POMO PALANCA  ORIGINAL,ARAUCA,10,15,13069.6365,16.95
PUNTA TRIPOIDE 21X23 ORIGINAL,ARAUCA,24,35,30495.8185,39.55
RADIADOR  CHERY,ARAUCA,65,75,65348.1825,84.75
REGULADOR DE ALTERNADOR ORIGINAL,ARAUCA,14,20,17426.182,22.6
REGULADOR PARA BOMBA GASOLINA NOMAL,ARAUCA,7,10,8713.091,11.3
REGURADOR PARA BOMBA GASOLINA ORIGINAL ,ARAUCA,6,10,8713.091,11.3
REJILLA AIRE CENTRAL,ARAUCA,22,30,26139.273,33.9
REJILLA AIRE DER AR,ARAUCA,18,25,21782.7275,28.25
REJILLA AIRE IZQ AR,ARAUCA,18,25,21782.7275,28.25
RELE 19  C/U,ARAUCA,5,8,6970.4728,9.04
RELE 21  C/U,ARAUCA,5,8,6970.4728,9.04
RELE 53 ( 4 PATA) ,ARAUCA,4,8,6970.4728,9.04
RELE NEGRO MAS PER QUE RELE 53 (4 PATA) ,ARAUCA,3.6,8,6970.4728,9.04
RETROVISOR DERECHO,ARAUCA,35,45,39208.9095,50.85
RETROVISOR IZQUIERDO,ARAUCA,35,45,39208.9095,50.85
RINER ARAUCA C/U,ARAUCA,50,60,52278.546,67.8
RINER ARAUCA C/U,ARAUCA,50,60,52278.546,67.8
ROCIADOR DE ACEITE  ,ARAUCA,13,20,17426.182,22.6
RODAMIENTO DELANTERO ORIGINAL DE PLANTA  CJB,ARAUCA,10,20,17426.182,22.6
ROLINERA AGUJA DE CAJA 1/2 ,ARAUCA,6,10,8713.091,11.3
ROLINERA AGUJA DE CAJA 3/4 ,ARAUCA,6,10,8713.091,11.3
ROLINERA AGUJA DE CAJA 5 ,ARAUCA,6,10,8713.091,11.3
ROLINERA AMORTIGUADOR,ARAUCA,3,5,4356.5455,5.65
ROLINERA CAJA  30206 (SALI DEL),ARAUCA,8,10,8713.091,11.3
ROLINERA CAJA  32205 (SALI TRASERA),ARAUCA,8,10,8713.091,11.3
ROTULA  ORIGINAL,ARAUCA,4.5,8,6970.4728,9.04
SAPITO LIMPIA PARABRISA  C/U,ARAUCA,2.5,6,5227.8546,6.78
SELENOIDES CON CERRADURA DE PUERTA DELNTERO IZQ ,ARAUCA,16,25,21782.7275,28.25
SELENOIDES CON CERRADURA PUERTA DELNTERO DERECHA ,ARAUCA,16,25,21782.7275,28.25
SELENOIDES CON CERRADURA PUERTA TRASERA DERECHA ,ARAUCA,16,25,21782.7275,28.25
SELENOIDES CON CERRADURA PUERTA TRASERA IZQ,ARAUCA,16,25,21782.7275,28.25
SENSOR DE ABS DELANTERO DERECHA  C/U,ARAUCA,7,15,13069.6365,16.95
SENSOR DE ABS DELANTERO IZQ   C/U,ARAUCA,7,15,13069.6365,16.95
SENSOR DE ABS TRASERA DERECHA  C/U,ARAUCA,7,15,13069.6365,16.95
SENSOR DE ABS TRASERA IZQ  C/U,ARAUCA,7,15,13069.6365,16.95
SENSOR DE ARBOL DE LEVA  BOSCH ORIGINAL,ARAUCA,9,15,13069.6365,16.95
SENSOR DE CIGUEÑAL  BOSCH ,ARAUCA,9,15,13069.6365,16.95
SENSOR DETONACION GOLPETEO,ARAUCA,8,15,13069.6365,16.95
SENSOR MAF  ORIGINAL BOSCH,ARAUCA,11,20,17426.182,22.6
SENSOR OXIGENO  ORIGINAL,ARAUCA,17,25,21782.7275,28.25
SENSOR VELOCIDAD O ODOMETRO ORIGINAL,ARAUCA,6,10,8713.091,11.3
SINCRONIZADOR 1/2TA CAJA ,ARAUCA,25,35,30495.8185,39.55
SINCRONIZADOR 3/4TA CAJA ,ARAUCA,25,35,30495.8185,39.55
SINCRONIZADOR 5TA CAJA ,ARAUCA,25,35,30495.8185,39.55
STOP DERECHA  CON BOMBILLOS,ARAUCA,48,60,52278.546,67.8
STOP IZQ  CON BOMBILLOS,ARAUCA,48,60,52278.546,67.8
TAMBOR TRASERA ARAUCA C/U,ARAUCA,24,20,17426.182,22.6
TANQUE DE GASOLINA CON BOMBA Y MANGUERA,ARAUCA,140,160,139409.456,180.8
TANQUE RADIADOR INFERIO NEGRO  ORIGINAL,ARAUCA,15,20,17426.182,22.6
TANQUE RADIADOR SUPERIO NEGRO  ORIGINAL,ARAUCA,15,20,17426.182,22.6
TAPA ACEITE NEGRO ,ARAUCA,3.5,5,4356.5455,5.65
TAPA BLANCA DE BOMBA GASOLINA ,ARAUCA,6.5,15,13069.6365,16.95
TAPA DE KIT DE CORREA TIEMPA EXTERNA  (2),ARAUCA,26,35,30495.8185,39.55
TAPA DE TANQUE GASOLINA NEGRO,ARAUCA,6.5,15,13069.6365,16.95
TAPA NEGRO DE BOMBA GASOLINA ,ARAUCA,6,10,8713.091,11.3
TAPA RADIADOR ORIGINAL,ARAUCA,3,6,5227.8546,6.78
TAPA DE REJILLA AIRE DE CENTRAL ARAUCA,ARAUCA,16,25,21782.7275,28.25
TAPA SOL DER  ORIGINAL,ARAUCA,13,25,21782.7275,28.25
TAPA SOL IZQ  ORIGINAL,ARAUCA,13,25,21782.7275,28.25
TAPA VALVULA  COMPLETO,ARAUCA,85,100,87130.91,113
TAPITA DE RINES  CHERY ORIGINAL PLANTA C/U,ARAUCA,2.5,5,4356.5455,5.65
TAPITA RIN  COLOR NEGRO TRAE LETRA R (TRAE 4),ARAUCA,1.5,3,2613.9273,3.39
TAQUETES  ,ARAUCA,45,55,47922.0005,62.15
TENSOR DE CORREA TIEMPO ORIGINAL  (NTN),ARAUCA,22,35,30495.8185,39.55
TENSOR TIEMPO ORIGINAL CON TIJERAS (NTN),ARAUCA,22,35,30495.8185,39.55
TERMINAL  ORIGINAL,ARAUCA,4,8,6970.4728,9.04
TERMOSTATO  ORIGINAL,ARAUCA,6,10,8713.091,11.3
TOMA DE TERMOSTATO O AGUA  ORIGINAL,ARAUCA,7,10,8713.091,11.3
TORNILLOS DE CAMARA  (LARGO NEGRO) C/U,ARAUCA,3.5,5,4356.5455,5.65
TORNILLOS DE CARTER MOTOR ,ARAUCA,3.5,5,4356.5455,5.65
TUBERIA DE AGUA PRINCIPAL ARAUCA ORIGINAL,ARAUCA,23,30,26139.273,33.9
VALVULA DE EXPANCION X1 ,ARAUCA,20,30,26139.273,33.9
VALVULA DE FRENO  ORIGINAL,ARAUCA,3,10,8713.091,11.3
VALVULA DE PRESOSTATICA AIRE ,ARAUCA,7,10,8713.091,11.3
VALVULA DIRECCION HIDRAULICA (QQ6),ARAUCA,12,15,13069.6365,16.95
VALVULA EGR DE GASES,ARAUCA,12,20,17426.182,22.6
VALVULA PCV  ORIGINAL,ARAUCA,6,10,8713.091,11.3
VALVULA PEDAL DE CROCHET,ARAUCA,5,10,8713.091,11.3
VALVULA PRESION ACEITE LARGA,ARAUCA,4,10,8713.091,11.3
VALVULA PRESION ACEITE CORTA,ARAUCA,4,10,8713.091,11.3
VALVULA RETROCESO  ORIGINAL ,ARAUCA,3,10,8713.091,11.3
VALVULA TEMPERATURA ORIGINAL  BOSCH,ARAUCA,5,10,8713.091,11.3
VARILLA ACEITE ,ARAUCA,5,10,8713.091,11.3
Y PLATICO ,ARAUCA,1.7,5,4356.5455,5.65
ACOPLE DIRECCION  NEGRO,ORINOCO,20,30,26139.273,33.9
ALTERNADOR  ORIGINAL,ORINOCO,105,130,113270.183,146.9
AMORTIGUADOR DELANTERO CON ESPIRALES OR KG (EL PAR),ORINOCO,160,180,156835.638,203.4
AMORTIGUADOR DELANTERO DERECHA  ORIGINAL,ORINOCO,38,45,39208.9095,50.85
AMORTIGUADOR DELANTERO IZQUIERDA  ORIGINAL,ORINOCO,38,45,39208.9095,50.85
AMORTIGUADOR TRASERA  ORIGINAL C/U,ORINOCO,25,37,32238.4367,41.81
AMORTIGUADOR MALETA ORIGINAL C/U,ORINOCO,9,15,13069.6365,16.95
ANILLOS ESTANDA  STD ORIGINAL ,ORINOCO,10,15,13069.6365,16.95
"ANILLOS 0.10/0,25 ORIGINAL ",ORINOCO,10,15,13069.6365,16.95
ANILLOS 0.20/0.50 ORIGINAL ,ORINOCO,10,15,13069.6365,16.95
ANILLOS 0.30/0.75 CON JUEGO PISTON OR,ORINOCO,80,90,78417.819,101.7
ANILLOS 0.40/1.00 CON JUEGO PISTON OR,ORINOCO,95,110,95844.001,124.3
ANTENA  ORIGINAL,ORINOCO,12,20,17426.182,22.6
ANTENA INMOVILIZADOR ,ORINOCO,10,15,13069.6365,16.95
ANTINIEBLA  DER,ORINOCO,12,20,17426.182,22.6
ANTINIEBLA  IZQ,ORINOCO,12,20,17426.182,22.6
ANTIRUIDO DE FRENO (1 RUEDA),ORINOCO,3.5,5,4356.5455,5.65
"ARBOL DE LEVA ADMISION  ORIGINAL aplica tiggo 2,0, x5 y h5",ORINOCO,50,60,52278.546,67.8
"ARBOL DE LEVA ESCAPE  ORIGINAL aplica tiggo 2,0, x5 y h5",ORINOCO,50,60,52278.546,67.8
ARO BRONCE SINCRONIZADOR  C/U,ORINOCO,15,20,17426.182,22.6
ARRANQUE  ORIGINAL,ORINOCO,70,85,74061.2735,96.05
AUTOMATICO ARRANQUE  (2 HUECO),ORINOCO,20,30,26139.273,33.9
AUTOMATICO ARRANQUE  (4 HUECO),ORINOCO,23,30,26139.273,33.9
AUTOMATICO ARRANQUE  (3 HUECO),ORINOCO,23,30,26139.273,33.9
AXILALES STD,ORINOCO,5,10,8713.091,11.3
AXIALES 0.10/0.25,ORINOCO,6,10,8713.091,11.3
AXIALES 0.20/0.50,ORINOCO,6,10,8713.091,11.3
BABERO DELANTERO DE PARACHOQUE ,ORINOCO,14,25,21782.7275,28.25
BANDA DE FRENO DE MANO ,ORINOCO,15,20,17426.182,22.6
BASE AMORTIGUADOR  ORIGINAL,ORINOCO,10,15,13069.6365,16.95
BASE ANTINEIBLA DERECHA,ORINOCO,3.5,6,5227.8546,6.78
BASE ANTINEIBLA IZQ,ORINOCO,3.5,6,5227.8546,6.78
BASE CENTRA DE PARACHOQUE TRASERA,ORINOCO,23,35,30495.8185,39.55
BASE DE FILTRO ACEITE ,ORINOCO,20,30,26139.273,33.9
BASE DE FLEXIBLE ORINOCO,ORINOCO,15,25,21782.7275,28.25
BASE DE TERMOSTATO  ORIGINAL,ORINOCO,26,35,30495.8185,39.55
BASE MOTOR DERECHA  ORIGINAL COMPLETO,ORINOCO,38,45,39208.9095,50.85
BASE MOTOR DERECHA  ORIGINAL SIN PLAZO,ORINOCO,32,45,39208.9095,50.85
BASE MOTOR IZQ  ORIGINAL,ORINOCO,23,35,30495.8185,39.55
BASE MOTOR TRASERA ABAJO  ORIGINAL PLATEA,ORINOCO,12,25,21782.7275,28.25
BASE MOTOR TRASERA ARRIBA NEGRO ORIGINAL,ORINOCO,20,35,30495.8185,39.55
BASE O BANDEJA ESPIRALES DEL SUPERIOR ,ORINOCO,10,15,13069.6365,16.95
BASE PARACHOQUE DEL DER,ORINOCO,6,10,8713.091,11.3
BASE PARACHOQUE DEL IZQ,ORINOCO,6,10,8713.091,11.3
BASE PLATICO DE PLACA,ORINOCO,7,15,13069.6365,16.95
BASE SOPORTE PARACHOQUE TRASERA DER,ORINOCO,8,15,13069.6365,16.95
BASE SOPORTE PARACHOQUE TRASERA IZQ,ORINOCO,8,15,13069.6365,16.95
BOBINA ENCENDIDO BOSCH ORIGINAL ,ORINOCO,16,25,21782.7275,28.25
BOMBA AGUA ORIGINAL PLANTA ,ORINOCO,22,35,30495.8185,39.55
BOMBA DE AGUA  ORIGINAL CHERY,ORINOCO,14,25,21782.7275,28.25
BOMBA ACEITE  484 (BARATA),ORINOCO,23,35,30495.8185,39.55
BOMBA ACEITE ORIGINAL CHERY  484FC,ORINOCO,35,50,43565.455,56.5
BOMBA DE FRENO  ORIGINAL,ORINOCO,40,50,43565.455,56.5
BOMBA DE GASOLINA  COMPLETO ORIGINAL,ORINOCO,40,55,47922.0005,62.15
BOMBA DIRECCION  AUTOMATICO,ORINOCO,95,120,104557.092,135.6
BOMBA O MOTOR WIPER LIMPIA PARABRISAS  ORIGINAL,ORINOCO,4,10,8713.091,11.3
BOMBIN INFERIOR ORIGINAL  ,ORINOCO,7,15,13069.6365,16.95
BOMBIN SUPERIOR ORIGINAL  TROKELIADO CHERY,ORINOCO,15,25,21782.7275,28.25
BRAZO BIELA ORIGINAL ,ORINOCO,15,25,21782.7275,28.25
BUJE BUMERAN EXTERNA TRASERA ORIGINAL N30,ORINOCO,6,10,8713.091,11.3
BUJE BUMERAN INTERNO TRASERA ORIGINAL N50,ORINOCO,6,10,8713.091,11.3
BUJE GOMAS DE BARRA ESTABILIZADORA ORIG CON MERTALICA,ORINOCO,4,6,5227.8546,6.78
BUJE GRANDE DE MESETA TRASERA ORIGINAL,ORINOCO,6,10,8713.091,11.3
BUJE GRANDE MESETA DELANTERO,ORINOCO,3,6,5227.8546,6.78
BUJE PEQ  MESETA DELANTERO ,ORINOCO,3,6,5227.8546,6.78
BUJE PEQ  MESETA DELANTERO  ORIGINAL PLANTA,ORINOCO,5,10,8713.091,11.3
BUJE GRANDE MESETA DELANTERO  ORIGINAL PLANTA,ORINOCO,5,10,8713.091,11.3
BUJE TRASERA COMPLETO  ORIGINAL (14 BUJE),ORINOCO,65,80,69704.728,90.4
BUJE TRASERA N 111030  ,ORINOCO,6,10,8713.091,11.3
BUJE TRASERA N 40  ,ORINOCO,5,10,8713.091,11.3
BUJE TRASERA N 60  ,ORINOCO,5,10,8713.091,11.3
BUJE TRASERA N 70  ,ORINOCO,5,10,8713.091,11.3
BUJIA  BOSCH     3ELETR      ,ORINOCO,6.8,10,8713.091,11.3
BUJIA  CHERY     3ELETR               ,ORINOCO,6.8,10,8713.091,11.3
BUJIA  TORCH     3ELRTR            ,ORINOCO,6.64,10,8713.091,11.3
BUJIA CHERY 3 ELECTRODO CAJA 10 UNIDADES ,ORINOCO,1.7,,,
BUJIA PUNTA PLATINO LETRA AZUL (4 BUJIA),ORINOCO,8,10,8713.091,11.3
BUMERA INFERIOR TRASERA DER CON BUJE  ORIG ,ORINOCO,20,30,26139.273,33.9
BUMERA INFERIOR TRASERA IZQ CON BUJE  ORIG ,ORINOCO,20,30,26139.273,33.9
BUMERA SUPERIO TRANSERA CON BUJE  ORIG 2919110,ORINOCO,20,30,26139.273,33.9
CABLES DE BUJIA  ORIGINAL DE PLANTA SEPARADO  (JUEGO),ORINOCO,20,30,26139.273,33.9
CAJA  ORGINAL SINCRONICA,ORINOCO,700,800,697047.28,904
CAJETIN ELECTROASISTIDO  SIN ACCESORIO,ORINOCO,210,230,200401.093,259.9
CAJETIN USA BOMBA DIRECION  COMPLETO,ORINOCO,230,255,222183.8205,288.15
CAMARA COMPLETO ORIGINAL ,ORINOCO,650,750,653481.825,847.5
CAMARA VACIA ORINOCO ORIGINAL,ORINOCO,350,450,392089.095,508.5
CARTEr MOTOR ,ORINOCO,70,80,69704.728,90.4
CATALIZADOR ,ORINOCO,180,200,174261.82,226
CEPILLO LIMPIA PARABRISAS EL JUEGO,ORINOCO,5,10,8713.091,11.3
CERRADURA DE CAPOT  ORIGINAL,ORINOCO,22,30,26139.273,33.9
CERRADURA DE MALETA  ORIGINAL,ORINOCO,22,30,26139.273,33.9
CIGUEñAL  484J ORIGINAL,ORINOCO,110,120,104557.092,135.6
CINTA O RELOJ DE VOLANTE AZUL,ORINOCO,45,55,47922.0005,62.15
COCUYO  DER,ORINOCO,5,10,8713.091,11.3
COCUYO  IZQ,ORINOCO,5,10,8713.091,11.3
COLLARIN DE CROCHET  ORIGINAL LUK CAJA CHERY,ORINOCO,25,35,30495.8185,39.55
COMPRESOR  ORIGINAL AUTOMATICO,ORINOCO,210,230,200401.093,259.9
COMPRESOR  ORIGINAL SINCRIDICA,ORINOCO,210,230,200401.093,259.9
COMPUTADORA ,ORINOCO,110,125,108913.6375,141.25
COMUTADOR DE LUCES,ORINOCO,20,30,26139.273,33.9
COMUTADOR DE ENCENDIDO,ORINOCO,10,15,13069.6365,16.95
CONCHA DE BANCADA 0.10/0.25 ,ORINOCO,6,10,8713.091,11.3
CONCHA DE BANCADA 0.20/0.50 ,ORINOCO,6,10,8713.091,11.3
CONCHA DE BANCADA 0.30/0.75 ,ORINOCO,14,20,17426.182,22.6
CONCHA DE BANCADA 0.401/1.00 ,ORINOCO,14,20,17426.182,22.6
CONCHA DE BANCADA STD  ,ORINOCO,6,10,8713.091,11.3
CONCHA DE BIELA 0.10/0.25 ,ORINOCO,6,10,8713.091,11.3
CONCHA DE BIELA 0.20/0.50 ,ORINOCO,6,10,8713.091,11.3
CONCHA DE BIELA 0.30/0.75 ,ORINOCO,14,20,17426.182,22.6
CONCHA DE BIELA 0.40/1.00 ,ORINOCO,14,20,17426.182,22.6
CONCHA DE BIELAS STD ,ORINOCO,6,10,8713.091,11.3
CONDENSADOR  ORIGINAL,ORINOCO,65,75,65348.1825,84.75
CONECTOR CON CABLE BOMBA GASOLINA ,ORINOCO,2.5,5,4356.5455,5.65
CORNETA ALTA ,ORINOCO,8,15,13069.6365,16.95
CORNETA BAJA ,ORINOCO,8,15,13069.6365,16.95
COPA CAJA 25*24 ORIGINAL SINC,ORINOCO,35,45,39208.9095,50.85
COPA CAJA 25*29 ORIGINAL SINC,ORINOCO,30,45,39208.9095,50.85
CORREA DE TIEMPO MARCA CHERY CLASE A,ORINOCO,10,20,17426.182,22.6
CORREA TIEMPO  DOBLE COSTURA NOMAL,ORINOCO,22,35,30495.8185,39.55
CORREA DE TIEMPO  ORIGINAL DE PLANTA,ORINOCO,40,60,52278.546,67.8
CORREA UNICA  1540 ORIGINAL SINC,ORINOCO,9,15,13069.6365,16.95
CORREA UNICA  1628 ORIGINAL AUTOMATICO TIGGO,ORINOCO,9,15,13069.6365,16.95
CROCHERA DE COMPRESOR  AUTOMATICA,ORINOCO,50,65,56635.0915,73.45
CROCHERA DE COMPRESOR  SINCRONICA,ORINOCO,55,70,60991.637,79.1
CUERPO ACELERACION  ORIGINAL,ORINOCO,70,85,74061.2735,96.05
DAMPE DE MOTOR  484J,ORINOCO,17,25,21782.7275,28.25
DAMPE DE MOTOR  484J PLANTA,ORINOCO,25,35,30495.8185,39.55
DISCO CROCHET  ORGINAL,ORINOCO,32,45,39208.9095,50.85
DISCO FRENOS DELANTERO ,ORINOCO,35,45,39208.9095,50.85
DISCO DE FRENOS TRASERA ,ORINOCO,25,35,30495.8185,39.55
ELECTROVENTILADOR  ORIGINAL,ORINOCO,85,95,82774.3645,107.35
ELEVAVIDRIO DERECHA DELANTERO ,ORINOCO,25,35,30495.8185,39.55
ELEVAVIDRIO DERECHA TRASERA ,ORINOCO,25,35,30495.8185,39.55
ELEVAVIDRIO IZQ DELANTERO ,ORINOCO,25,35,30495.8185,39.55
ELEVAVIDRIO IZQ TRASERA ,ORINOCO,25,35,30495.8185,39.55
EMPACADURA DE CAMARA  AMIENTO ,ORINOCO,2.8,5,4356.5455,5.65
EMPACADURA DE CAMARA METALICA ,ORINOCO,13,20,17426.182,22.6
EMPACADURA TAPA VALVULA  FINA ORIGINAL,ORINOCO,3.5,5,4356.5455,5.65
EMPACADURA TAPA VALVULA  GRUESO,ORINOCO,4,10,8713.091,11.3
EMPACADURA ADMISION ,ORINOCO,2.8,5,4356.5455,5.65
EMPACADURA DE BOMBA ACEITE  ORIGINAL,ORINOCO,2.5,5,4356.5455,5.65
ENFRIADOR DE ACEITE ,ORINOCO,60,70,60991.637,79.1
ENGRANAJES IMPULSOR 3 ERA 35,ORINOCO,16,25,21782.7275,28.25
ENGRANAJES IMPULSOR 4TA 35,ORINOCO,16,25,21782.7275,28.25
ENGRANAJES IMPULSOR 5TA ,ORINOCO,17,25,21782.7275,28.25
ENVASE DE AGUA O RESERVORIO  ORIGINAL,ORINOCO,23,35,30495.8185,39.55
ESPARRAGO RUEDA (5 PIEZAS),ORINOCO,6.5,15,13069.6365,16.95
ESPIRALES DELANTEROS  ORIGINAL C/U,ORINOCO,18,25,21782.7275,28.25
ESPIRALES TRASERA  ORIGINAL C/U,ORINOCO,17,25,21782.7275,28.25
ESTOPELA ARBOL LEVA  PLANTA,ORINOCO,3,5,4356.5455,5.65
ESTOPERA COPA CAJA ,ORINOCO,1.5,5,4356.5455,5.65
ESTOPERA DELANTERO CIGUEÑAL ,ORINOCO,3,5,4356.5455,5.65
ESTOPERA TRASERA CIGÜEÑAL,ORINOCO,3,5,4356.5455,5.65
ESTRIBO DER,ORINOCO,30,40,34852.364,45.2
ESTRIBO IZQ,ORINOCO,30,40,34852.364,45.2
EVAPORADOR ,ORINOCO,50,60,52278.546,67.8
FARO  DER AUT,ORINOCO,75,85,74061.2735,96.05
FARO  IZQ AUT,ORINOCO,75,85,74061.2735,96.05
FILTRO AIRE ANTIPOIRE,ORINOCO,4,8,6970.4728,9.04
FILTRO DE AIRE DE MOTOR ORINOCO ORIGINAL,ORINOCO,5,8,6970.4728,9.04
FILTRO DE BAMBA GASOLINA INTERNA REDONDO,ORINOCO,3.5,5,4356.5455,5.65
FILTRO ACEITE ORINOCO ORIGINAL,ORINOCO,3,5,4356.5455,5.65
FILTRO GASOLINA ORIGINAL CHERY,ORINOCO,3,5,4356.5455,5.65
FILTRO SECADOR DE AIRE ,ORINOCO,20,25,21782.7275,28.25
FLEXIBLE  ORIGINAL,ORINOCO,20,30,26139.273,33.9
FLOTANTE DE BOMBA GASOLINA ,ORINOCO,7,15,13069.6365,16.95
FUSILERA DE BATERIA ,ORINOCO,20,35,30495.8185,39.55
FUSILERA DE PRINCIPAL ,ORINOCO,95,115,100200.5465,129.95
GOMAS DE ESCAPE FLEXIBLE ORIGINAL,ORINOCO,4,10,8713.091,11.3
GOMA CUADRA DE TANQUE RADIADOR ,ORINOCO,1.5,5,4356.5455,5.65
GOMA TAPA DECORATIVA DE MOTOR  C/U,ORINOCO,2,5,4356.5455,5.65
GOMAS DE ABAJO DE PARABRISAS ,ORINOCO,7,12,10455.7092,13.56
GOMAS ESPILARLES INFERIOR,ORINOCO,3.5,5,4356.5455,5.65
GOMAS ESPIRALES SUPERIOR,ORINOCO,3.5,5,4356.5455,5.65
GOMAS NEGRO REDONDO PARA GASOLINA ,ORINOCO,4,10,8713.091,11.3
GORROS DE VALVULA MARCA SKF ORIGINAL PLANTA(JUEGO 16),ORINOCO,10,15,13069.6365,16.95
GORROS O GOMAS VALVULA  COLOR NEGRO (JUEGO 16),ORINOCO,4,10,8713.091,11.3
GUADA POLVO RUEDA DER,ORINOCO,15,25,21782.7275,28.25
GUADA POLVO RUEDA IZQ,ORINOCO,15,25,21782.7275,28.25
GUADARPOLVO AMORTIGUADOR DELANTERO ,ORINOCO,4,10,8713.091,11.3
GUARDAPOLVO INFERIOR DE PARACHOQUE DELANTERO,ORINOCO,40,50,43565.455,56.5
GUAYA DE PUERTA DELANTERO  6105040,ORINOCO,4,10,8713.091,11.3
GUAYA DE PUERTA TRASERA 6205040,ORINOCO,4,10,8713.091,11.3
GUAYA DE VELOCIDAD  ORIGINAL,ORINOCO,25,35,30495.8185,39.55
GUIA DE VALVULA  ORIGINAL (JUEGO 16),ORINOCO,12,20,17426.182,22.6
HORQUILLA 1Y2 ,ORINOCO,12,20,17426.182,22.6
HORQUILLA 3Y4 ,ORINOCO,12,20,17426.182,22.6
HORQUILLA 5TA Y RETROSESO ,ORINOCO,12,20,17426.182,22.6
INYECTOR  ORIGINAL  C/U,ORINOCO,16,25,21782.7275,28.25
JUEGO CILINDRO CON LLAVE SIN CONTROL ORIGINAL,ORINOCO,25,35,30495.8185,39.55
JUEGO VALVULA ADMISION  (8),ORINOCO,12,20,17426.182,22.6
JUEGO VALVULA ESCAPE   (8),ORINOCO,12,20,17426.182,22.6
KIT CORREA TIEMPO ORIGINAL DE PLANTA,ORINOCO,86,100,87130.91,113
KIT CROCHET CRUCHT  ORIGINAL VALEO CON CAJA CHERY,ORINOCO,94,110,95844.001,124.3
KIT DE EMPACADURA ORIGINAL  CON TAPA VAL FINA,ORINOCO,15,25,21782.7275,28.25
KIT GOMA COPA CAJA  C/U,ORINOCO,6.5,10,8713.091,11.3
KIT GOMA PUNTA TRIPOIDE  C/U,ORINOCO,6.5,10,8713.091,11.3
KIT SELLOS MOTOR  ORIN CARTER,ORINOCO,5.5,10,8713.091,11.3
LAPIZ DELANTERO,ORINOCO,4,8,6970.4728,9.04
LAPIZ TRASERO,ORINOCO,5,8,6970.4728,9.04
LLAVE VIRGEN  ORIGINAL,ORINOCO,6.5,10,8713.091,11.3
LOGO CHERY ,ORINOCO,2.5,5,4356.5455,5.65
LUZ DE CRUCE  DER,ORINOCO,7,12,10455.7092,13.56
LUZ DE CRUCE IZQ,ORINOCO,7,12,10455.7092,13.56
MANDO DE SUBIR Y BAJAR VIDRIO ,ORINOCO,5,10,8713.091,11.3
MANDO DE SUBIR Y BAJAR VIDRIO PRINCIPAL ,ORINOCO,15,20,17426.182,22.6
MANGUERA COMBUSTIBLE DE INYECTORES,ORINOCO,16,25,21782.7275,28.25
MANGUERA DE CALEFACCION ENTRADA COMPLETO 510,ORINOCO,16,25,21782.7275,28.25
MANGUERA DE CALEFACCION SALIDA COMPLETO 500,ORINOCO,16,25,21782.7275,28.25
MANGUERA DE RADIADOR INFERIOR  1303301,ORINOCO,6,10,8713.091,11.3
MANGUERA DE RADIADOR SUPERIOR   1303201,ORINOCO,6,10,8713.091,11.3
MANGUERA DE TAPA VALVULA ,ORINOCO,6,10,8713.091,11.3
MANGUERA DE FRENO DELANTERO 6010,ORINOCO,10,15,13069.6365,16.95
MANGUERA DE FRENO DER TRASERA TIPO L 6160,ORINOCO,10,15,13069.6365,16.95
MANGUERA DE FRENO IZQ TRASERA TIPO L 6150,ORINOCO,10,15,13069.6365,16.95
MANGUERA DE FRENO TRASERA 6070,ORINOCO,10,15,13069.6365,16.95
MANGUERA DE PURIFICADOR ORINOCO,ORINOCO,14,23,20040.1093,25.99
MANILLA DELANTERO DER EXTERNA ,ORINOCO,12,20,17426.182,22.6
MANILLA DELANTERO IZQ EXTERNA ,ORINOCO,12,20,17426.182,22.6
MANILLA ORIGINAL DERECHA PUERTA DELANTERO INTERNA ,ORINOCO,6.5,10,8713.091,11.3
MANILLA ORIGINAL DERECHA PUERTA TRASERA EXTERNA,ORINOCO,12,20,17426.182,22.6
MANILLA ORIGINAL DERECHA PUERTA TRASERA INTENA ,ORINOCO,6.5,10,8713.091,11.3
MANILLA ORIGINAL IZQ PUERTA TRASERA EXTERNA,ORINOCO,12,20,17426.182,22.6
MANILLA ORIGINAL IZQUIERDA PUERTA DELANTERO INTERNA,ORINOCO,6.5,10,8713.091,11.3
MANILLA ORIGINAL IZQUIERDA PUERTA TRASERA INTERNA ,ORINOCO,6.5,10,8713.091,11.3
MARTILLOS DE VALVULAS (JUEGO DE 16),ORINOCO,55,65,56635.0915,73.45
MESETA DELANTERO  ORIGINAL,ORINOCO,22,30,26139.273,33.9
MESETA TRASERA DERECHA ,ORINOCO,17,25,21782.7275,28.25
MESETA TRASERA IZQ ,ORINOCO,17,25,21782.7275,28.25
MODULO ABS ,ORINOCO,240,260,226540.366,293.8
MODULO DE DIRECCION  TAPA GRIS,ORINOCO,750,1050,914874.555,1186.5
MODULO INMOVILIZADOR  ETIGUETA BLANCO,ORINOCO,35,45,39208.9095,50.85
MOZO TRSERO  ORIGINAL,ORINOCO,35,45,39208.9095,50.85
MOZO DELANTERO  ORIGINAL,ORINOCO,16,25,21782.7275,28.25
MULTIPLE DE  ESCAPE ORINOCO,ORINOCO,100,110,95844.001,124.3
MUÑON  ORIGINAL,ORINOCO,5,10,8713.091,11.3
PALANCA DE TAPA GASOLINA ,ORINOCO,2.5,5,4356.5455,5.65
PANEL DE DESAGUE ABAJO DE PARABRISA,ORINOCO,30,35,30495.8185,39.55
PARACHOQUE DELANTERO  NEGRO,ORINOCO,95,110,95844.001,124.3
PARRILLA O REJILLA DELANTERO ORIGINAL SIN EMBLEMA,ORINOCO,20,30,26139.273,33.9
PARRILLA DE PARACHOQUE  ORIGINAL,ORINOCO,8,15,13069.6365,16.95
PASTILLA DELANTERO  CON CAJA CHERY,ORINOCO,10,15,13069.6365,16.95
PASTILLA DELANTERO  ORIGINAL caja azul,ORINOCO,15,20,17426.182,22.6
PASTILLA TRASERA  CON CAJA CHERY,ORINOCO,8,15,13069.6365,16.95
PEDAL DE ACELERACION COMPLETO ,ORINOCO,26,35,30495.8185,39.55
PILA BOMBA GASOLINA BOSCH VERDE UNIVESAL CON CAJA NEGRO,ORINOCO,6,10,8713.091,11.3
PILA GASOLINA BOSCH PICO NEGRO ,ORINOCO,6,10,8713.091,11.3
PILA GASOLINA  MARCA CHERY PICO MARRON,ORINOCO,7,10,8713.091,11.3
PINON ENGRANAJE ARBOL DE LEVA OR,ORINOCO,18,25,21782.7275,28.25
PISTON ESTANDA  STD  ORIGINAL ,ORINOCO,35,45,39208.9095,50.85
PISTON 0.10/0.25 ORIGINAL ,ORINOCO,35,45,39208.9095,50.85
PISTON 0.20/0.50 ORIGINAL ,ORINOCO,40,50,43565.455,56.5
PISTON 0.30/0.75 CON JUEGO ANILLOS,ORINOCO,80,90,78417.819,101.7
PISTON 0.40/1.00  CON JUEGO ANILLOS,ORINOCO,95,110,95844.001,124.3
PLANETARIO DE ARRANQUE ,ORINOCO,9,15,13069.6365,16.95
PLATINA CAPOT,ORINOCO,10,15,13069.6365,16.95
PLATINA PUERTA DEL DER OR,ORINOCO,13,20,17426.182,22.6
PLATINA PUERTA DEL IZQ OR,ORINOCO,13,20,17426.182,22.6
PLATINA PUERTA TRASERA DER OR,ORINOCO,13,20,17426.182,22.6
PLATINA PUERTA TRASERA IZQ OR,ORINOCO,13,20,17426.182,22.6
PLATO CROCHET  ORIGINAL,ORINOCO,38,45,39208.9095,50.85
POLEA TORNILLO DE CORREA TIEMPO  ORIGINAL,ORINOCO,11,25,21782.7275,28.25
POLEA DE CORREA DE  TIEMPO ORIGINAL    (SNK),ORINOCO,13,25,21782.7275,28.25
POLEA UNICA ACANALADA ORIGINAL ,ORINOCO,6,10,8713.091,11.3
POLEA UNICA LISA ORIGINAL ,ORINOCO,6,10,8713.091,11.3
POMO FRENO MANOS  COLOR GRIS,ORINOCO,8,15,13069.6365,16.95
POMO PALANCA  ORIGINAL NEGRO,ORINOCO,15,25,21782.7275,28.25
PUNTA TRIPOIDE CON COPA COMPLETO DER,ORINOCO,80,90,78417.819,101.7
PUNTA TRIPOIDE CON COPA COMPLETO IZQ,ORINOCO,70,80,69704.728,90.4
PUNTA TRIPOIDES 26*22  ORIGINAL,ORINOCO,30,40,34852.364,45.2
PUNTA TRIPOIDES 26*29  ORIGINAL,ORINOCO,25,35,30495.8185,39.55
PUNTA TRIPOIDES 26*32  ORIGINAL,ORINOCO,30,40,34852.364,45.2
RADIADOR  SINCRONICA CHERY,ORINOCO,70,80,69704.728,90.4
REGULADOR DE ALTERNADOR  ORIGINAL,ORINOCO,14,20,17426.182,22.6
REGULADOR DE BOMBA GASOLINA  NORMAL (GORDO),ORINOCO,7,10,8713.091,11.3
REGULADOR PARA BOMBA GASOLINA ORIGINAL  (LARGO),ORINOCO,6,10,8713.091,11.3
REJILLA ANTINEIBLA DERECHA,ORINOCO,3.5,6,5227.8546,6.78
REJILLA ANTINEIBLA IZQ,ORINOCO,3.5,6,5227.8546,6.78
RELE 53 ( 4 PATA) ,ORINOCO,3.6,8,6970.4728,9.04
RELE NEGRO MAS PER QUE  (4 PATA) (PARQUETES TRAE 5),ORINOCO,3.4,8,6970.4728,9.04
RESEVORIO O ENVASE DE AGUA  ORIGINAL PLANTA,ORINOCO,23,35,30495.8185,39.55
RESISTENCIA DE ELECTRO  ORIGINAL,ORINOCO,14,20,17426.182,22.6
RETROVISOR DERECHO,ORINOCO,35,45,39208.9095,50.85
RETROVISOR IZQUIERDO,ORINOCO,35,45,39208.9095,50.85
RINES  ORIGINAL,ORINOCO,70,80,69704.728,90.4
ROCIADOR ACEITE ,ORINOCO,13,20,17426.182,22.6
RODAMIENTO O ROLINERA DEL ORIGINAL  (CJB) IMANT,ORINOCO,13,20,17426.182,22.6
ROLINERA AGUJA DE CAJA 1/2,ORINOCO,6,12,10455.7092,13.56
ROLINERA AGUJA DE CAJA 3/5,ORINOCO,6,12,10455.7092,13.56
ROLINERA AGUJA DE CAJA 4,ORINOCO,6,12,10455.7092,13.56
ROLINERA AMORTIGUADOR  ORIGINAL,ORINOCO,3,5,4356.5455,5.65
ROLINERA CAJA  501349,ORINOCO,9,15,13069.6365,16.95
ROLINERA CAJA  6206,ORINOCO,8,15,13069.6365,16.95
ROLINERA CAJA  6206 CON ESTOPERA,ORINOCO,8,15,13069.6365,16.95
ROTULA LST COLOR NEGRO ,ORINOCO,3.5,6,5227.8546,6.78
ROTULA  ORIGINAL,ORINOCO,4.5,8,6970.4728,9.04
SAPITO LIMPIA PARABRISA  ORIGINAL C/U,ORINOCO,3.5,6,5227.8546,6.78
SELENOIDES DE PUERTA DELANTERO DERECHA,ORINOCO,15,25,21782.7275,28.25
SELENOIDES DE PUERTA DELANTERO IZQUIERDO,ORINOCO,15,25,21782.7275,28.25
SELLO MOTOR 26MM C/U,ORINOCO,2.8,5,4356.5455,5.65
SENSOR DE ABS DELANTERO DERECHA ,ORINOCO,7,15,13069.6365,16.95
SENSOR DE ABS DELANTERO IZQUIERDA ,ORINOCO,7,15,13069.6365,16.95
SENSOR DE ABS TRASERA DERECHA ,ORINOCO,7,15,13069.6365,16.95
SENSOR DE ABS TRASERA IZQUIERDA ,ORINOCO,7,15,13069.6365,16.95
SENSOR DE ARBOL DE LEVA  BOSCH  (CMP),ORINOCO,9,15,13069.6365,16.95
SENSOR DE CIGUEÑAL BOSCH ORIGINAL  CORTA (CKP),ORINOCO,9,15,13069.6365,16.95
SENSOR DE CIGUEÑAL BOSCH ORIGINAL  LARGO,ORINOCO,10,15,13069.6365,16.95
SENSOR DE MAF SOLO ORIGINAL (BOSCH),ORINOCO,25,35,30495.8185,39.55
SENSOR OXIGENO  ORIGINAL (BOSCH)CON CAJA CHERY,ORINOCO,17,25,21782.7275,28.25
SENSOR VELOCIDAD O ODOMETRO ORIGINAL,ORINOCO,6,15,13069.6365,16.95
SINCRONIZADOR 3/4TA ,ORINOCO,30,40,34852.364,45.2
SINCRONIZADOR 5TA ,ORINOCO,30,40,34852.364,45.2
SOPORTE PLASTICO TAPA DECORATIVA DE MOTOR ,ORINOCO,2,5,4356.5455,5.65
SPOILER DER DE PARACHOQUE ,ORINOCO,5.5,10,8713.091,11.3
SPOILER IZQUIERDO DE PARACHOQUE ,ORINOCO,5.5,10,8713.091,11.3
STOP  DERECHO CON BOMBILLO,ORINOCO,65,75,65348.1825,84.75
STOP  IZQUIERDO CON BOMBILLO,ORINOCO,65,75,65348.1825,84.75
SUICHERA CON CONMUTADOR  ORIGINAL BASE,ORINOCO,30,40,34852.364,45.2
TANQUE RADIADOR INFERIOR ORIGINAL,ORINOCO,15,20,17426.182,22.6
TANQUE RADIADOR SUPERIO  ORIGINAL,ORINOCO,15,20,17426.182,22.6
TAPA ACEITE NEGRO ,ORINOCO,3.5,6,5227.8546,6.78
TAPA BLANCA DE BOMBA GASOLINA ,ORINOCO,6.5,10,8713.091,11.3
TAPA DE KIT DE CORREA TIEMPA  EXTERNA  (2),ORINOCO,26,35,30495.8185,39.55
TAPA NEGRO DE BOMBA GASOLINA ,ORINOCO,6,10,8713.091,11.3
TAPA RESEVORIO CHERY CALIDAD,ORINOCO,1.5,5,4356.5455,5.65
TAPA RESEVORIO H5  ORIGINAL C/U,ORINOCO,3,8,6970.4728,9.04
TAPA VALVULA  ORIGINAL,ORINOCO,65,75,65348.1825,84.75
TAPITA DE RINES ORINOCO C/U ,ORINOCO,2.5,5,4356.5455,5.65
TAQUETES ORINOCO   (16),ORINOCO,45,55,47922.0005,62.15
TENSOR DE CORREA TIEMPO ORIGINAL CON TIJERAS (NTN),ORINOCO,22,35,30495.8185,39.55
TENSOR DE CORREA TIEMPO ORIGINAL   (NTN),ORINOCO,22,35,30495.8185,39.55
TENSOR UNICA ACANALADA SOLO ORIGINAL ,ORINOCO,6,10,8713.091,11.3
TENSOR UNICA  COMPLETO,ORINOCO,17,25,21782.7275,28.25
TERMINAL ,ORINOCO,4.5,8,6970.4728,9.04
TERMOSTATO ORIGINAL   ,ORINOCO,6,10,8713.091,11.3
TORNILLOS DE CAMARA  (LARGO NEGRO) C/U,ORINOCO,3.5,5,4356.5455,5.65
TORNILLOS LA ENCENTRICA ALINACION TRASERA PAR,ORINOCO,9,15,13069.6365,16.95
TOMA DE TERMOSTATO O AGUA  ORIGINAL,ORINOCO,7,10,8713.091,11.3
TOPE AMORTIGUADOR DELANTERO,ORINOCO,4,8,6970.4728,9.04
TOPE AMORTIGUADOR TRASERA ,ORINOCO,3.5,6,5227.8546,6.78
TRIANGULAR TRASERA DERECHA ,ORINOCO,15,20,17426.182,22.6
TRIANGULAR TRASERA IZQ,ORINOCO,15,20,17426.182,22.6
TRICETA 29 ESTRIAS 32mm,ORINOCO,13,20,17426.182,22.6
TRICETA 29 ESTRIAS 35mm ORIGINAL,ORINOCO,13,20,17426.182,22.6
TUBERIA DE AGUA PERQUEÑA TIPO  S,ORINOCO,8,15,13069.6365,16.95
TUBERIA DE AGUA PRINCIPAL  ORIGINAL,ORINOCO,24,30,26139.273,33.9
TUBERIA DE AGUA TIPO 7 LARGO A21-1303310 ,ORINOCO,10,15,13069.6365,16.95
VALVULA  EXPANCION  SINCRONICA,ORINOCO,20,25,21782.7275,28.25
VALVULA DE FRENO,ORINOCO,3,10,8713.091,11.3
VALVULA  PRESOSTATICA DE AIRE  ,ORINOCO,7,15,13069.6365,16.95
VALVULA EGR DE GASES,ORINOCO,12,20,17426.182,22.6
VALVULA PCV ORIGINAL,ORINOCO,5,10,8713.091,11.3
VALVULA PEDAL DE CROCHET,ORINOCO,5,10,8713.091,11.3
VALVULA PRISION ACEITE LARGA,ORINOCO,4,10,8713.091,11.3
VALVULA PRESION ACEITE CORTA,ORINOCO,4,10,8713.091,11.3
VALVULA DE RETROCESO   ,ORINOCO,3,10,8713.091,11.3
VALVULA DE TEMPERATURA ORIGINAL  BOSCH,ORINOCO,5,10,8713.091,11.3
VARILLA DE ACEITE ,ORINOCO,5,10,8713.091,11.3
VOLANTE DE MOTOR ,ORINOCO,40,50,43565.455,56.5
Y PLATICO ,ORINOCO,1.7,5,4356.5455,5.65
AMORTIGUADOR DE MALETA  ORIGINAL C/U,X1,10,15,13069.6365,16.95
ALTERNADOR  ORIGINAL ,X1,90,110,95844.001,124.3
AMORTIGUADOR DELANTERO  ORIGINAL C/U,X1,27,35,30495.8185,39.55
AMORTIGUADOR TRASERA  ORIGINAL  C/U,X1,25,35,30495.8185,39.55
ANILLOS   STD ORIGINAL ,X1,10,15,13069.6365,16.95
ANILLOS 0.10 ORIGINAL ,X1,10,15,13069.6365,16.95
ANILLOS 0.20 ORIGINAL ,X1,10,15,13069.6365,16.95
ANILLOS CON JUEGO PISTON 0.30 ORIGINAL ,X1,70,85,74061.2735,96.05
ANILLOS CON JUEGO PISTON 0.40 ORIGINAL ,X1,90,100,87130.91,113
ANTENA    ORIGINAL,X1,12,20,17426.182,22.6
ANTENA INMOVILIZADOR ,X1,6,15,13069.6365,16.95
ANTINIEBLA  DER ,X1,22,30,26139.273,33.9
ANTINIEBLA  IZQ ,X1,22,30,26139.273,33.9
ANTIRUIDO DE FRENO   (4),X1,5,10,8713.091,11.3
ARBOL DE LEVA ADMISION ORIGINAL,X1,50,60,52278.546,67.8
ARBOL DE LEVA ESCAPE  ORIGINAL,X1,50,60,52278.546,67.8
ARO BRONCE SINCRONIZADOR  ORIGINAL C/U,X1,12,20,17426.182,22.6
ARRANQUE  ORIGINAL,X1,65,80,69704.728,90.4
AUTOMATICO ARRANQUE (3 HUECO) ORIGINAL,X1,23,30,26139.273,33.9
BASE AMORTIGUADOR  COMPLETO(BASE.COPA.GOMAS),X1,                                                              ,20,17426.182,22.6
BASE AMORTIGUADOR  ORIGINAL,X1,5,10,8713.091,11.3
BASE AMORTIGUADOR TOPE O COPA,X1,3,6,5227.8546,6.78
BASE DE TERMOSTATO  ORIGINAL,X1,25,35,30495.8185,39.55
BASE MOTOR DERECHA  ORIGINAL ,X1,35,45,39208.9095,50.85
BASE MOTOR IZQ A ORIGINAL ,X1,30,40,34852.364,45.2
BASE MOTOR TRASERA CHUPETA ORIGINAL ,X1,25,35,30495.8185,39.55
BASE DE MOTOR TRASERA ARRIBA,X1,22,30,26139.273,33.9
BOBINA ENCENDIDO BOSCH ORIGINAL,X1,16,25,21782.7275,28.25
BOMBA ACEITE ORIGINAL  ORIGINAL PLANTA,X1,30,45,39208.9095,50.85
BOMBA AGUA  ORIGINAL PLANTA,X1,20,30,26139.273,33.9
BOMBA DE AGUA ORIGINAL CHERY,X1,14,25,21782.7275,28.25
BOMBA DE GASOLINA  COMPLETO ORIGINAL,X1,45,55,47922.0005,62.15
BOMBA DIRECCION  ORIGINAL,X1,60,75,65348.1825,84.75
BOMBA FRENO  ORIGINAL,X1,23,35,30495.8185,39.55
BOMBA FRENO CON HIDROVAC Y ENVASE  ORIGINAL,X1,45,55,47922.0005,62.15
BOMBA O MOTOE WIPER LIMPIA PARABRISAS  ORIGINAL,X1,4,10,8713.091,11.3
BRAZO BIELA ORIGINAL ,X1,15,20,17426.182,22.6
BUJE BARRA TENSORA EXTENA COMO AREPITA ,X1,3.5,5,4356.5455,5.65
BUJE BARRA TENSORA INTERNE COMO AREPITA ,X1,3.5,5,4356.5455,5.65
BUJE CAJETIN  (2 BUJE),X1,8,15,13069.6365,16.95
BUJE MESETA TRASERA GORTA AR,X1,7,12,10455.7092,13.56
BUJE MESETA TRASERA LARGA AR,X1,8,12,10455.7092,13.56
BUJE O GAMAS CAJETIN  TIPO O,X1,3,5,4356.5455,5.65
BUJE O GOMAS DE BARRA ESTABILIZADORA  ORIGINAL,X1,3,5,4356.5455,5.65
BUJIA  BOSCH  3ELETR            ,X1,6.8,10,8713.091,11.3
BUJIA  CHERY  3ELETR                  ,X1,6.8,10,8713.091,11.3
BUJIA  TORCH  3ELETR ARAUCA/X1          ,X1,6.64,10,8713.091,11.3
BUJIA DENSO IRIDIUM 3297 (4 BUJIA),X1,6,10,8713.091,11.3
BUJIA DENSO IRIDIUM 5304 (4 BUJIA),X1,6,10,8713.091,11.3
BUJIA PUNTA PLATINO LETRA AZUL (4 BUJIA),X1,8,15,13069.6365,16.95
CABLES BUJIAS CLASE A ,X1,11,20,17426.182,22.6
CABLES DE BUJIAS  ORIGINAL PLANTA SEPARADO (JUEGO),X1,20,30,26139.273,33.9
CAJETIN  SIN ACCESORIO ORIGINAL,X1,170,190,165548.729,214.7
CAMARA  COMPLETO,X1,680,780,679621.098,881.4
CARCASA PURIFICADOR DE AIRE  SIN CAJA,X1,38,45,39208.9095,50.85
CARTER MOTOR  ORIGINAL,X1,65,75,65348.1825,84.75
CEPILLO LIMPIA PARABRISA DELANTERO EL JUEGO ,X1,5,10,8713.091,11.3
CEPILLO LIMPIA PARABRISA TRASERA C/U ,X1,3,5,4356.5455,5.65
CHUPON CLIP DE BOMBA GASOLINA  (G),X1,3,5,4356.5455,5.65
CHUPON CLIP DE BOMBA GASOLINA  (P),X1,3,5,4356.5455,5.65
CIGUEÑAL  ORIGINAL,X1,100,110,95844.001,124.3
CILINDRO DE FRENO TRASERA  C/U,X1,8,15,13069.6365,16.95
CINTA VOLANTE ,X1,20,30,26139.273,33.9
COLLARIN DE CROCHET ORIGINAL,X1,5,10,8713.091,11.3
COMPRESOR  ORIGINAL,X1,160,190,165548.729,214.7
COMPUTADORA DE  ORIGINAL,X1,110,120,104557.092,135.6
COMUTADOR O PALANCA DE LUCES Y LIMPIA PARABRISA X1,X1,25,35,30495.8185,39.55
CONMUTADOR ENCENDIDO orinoco,X1,10,15,13069.6365,16.95
COMUTADOR O PALANCA DE LUCES Y LIMPIA PARABRISA X1,X1,25,35,30495.8185,39.55
CONCHA DE BANCADA 0.10/+25 ,X1,6,10,8713.091,11.3
CONCHA DE BANCADA 020/+50 ,X1,6,10,8713.091,11.3
CONCHA DE BANCADA 030/+75 ,X1,10,20,17426.182,22.6
CONCHA DE BANCADA STD ,X1,6,10,8713.091,11.3
CONCHA DE BIELAS 010/+25 ,X1,6,10,8713.091,11.3
CONCHA DE BIELAS 020/+50 ,X1,6,10,8713.091,11.3
CONCHA DE BIELAS 030/+75 ,X1,10,20,17426.182,22.6
CONCHA DE BIELAS STD ,X1,6,10,8713.091,11.3
CONDENSADOR  ORIGINAL,X1,65,75,65348.1825,84.75
CONECTOR CON CABLE BOMBA GASOLINA ,X1,2.5,5,4356.5455,5.65
CONECTOR PLATICO DE CARCASA,X1,5.5,10,8713.091,11.3
COPA CAJA 21*25 USA TRICETA X1,X1,35,45,39208.9095,50.85
COPA CAJA 25X28 ORIGINAL,X1,30,40,34852.364,45.2
CORREA DE AIRE ORIGINAL ,X1,5,10,8713.091,11.3
CORREA DE ALTERNADOR ORIGINAL ,X1,5,10,8713.091,11.3
CORREA TIEMPO  MARCA CHERY CLASE A,X1,10,20,17426.182,22.6
CORREA TIEMPO  DOBLE COSTURA NOMAL,X1,22,30,26139.273,33.9
CORREA TIEMPO ORIGINAL DE PLANTA,X1,40,50,43565.455,56.5
CROCHERA CON ROLINERA DE COMPRESOR  ORIGINAL,X1,45,55,47922.0005,62.15
CUERPO ACELERECION  ORIGINAL,X1,65,75,65348.1825,84.75
CUNA ,X1,250,300,261392.73,339
DISCO CROCHET VALEO CON CAJA CHERY,X1,28,40,34852.364,45.2
DISCO FRENO  ORIGINAL,X1,28,40,34852.364,45.2
ELECTROVENTILADOR  ORIGINAL,X1,75,90,78417.819,101.7
ELEVA VIDRIO DELANTERO DERECHO,X1,25,35,30495.8185,39.55
ELEVA VIDRIO DELANTERO IZQUIERDA ORIGINAL ,X1,25,35,30495.8185,39.55
ELEVAVIDRIO TRASERA DERECHA ,X1,25,35,30495.8185,39.55
ELEVAVIDRIO TRASERA IZQ ,X1,25,35,30495.8185,39.55
EMPACADURA DE BOMBA ACEITE ORIGINAL ,X1,2.5,5,4356.5455,5.65
EMPACADURA DE BOMBA AGUA ORIGINAL ,X1,1.5,5,4356.5455,5.65
EMPACADURA DE CAMARA AMIENTO ,X1,2.8,5,4356.5455,5.65
EMPACADURA DE CAMARA METALICA ,X1,13,20,17426.182,22.6
EMPACADURA TAPA VALVULA MORADA,X1,3,5,4356.5455,5.65
EMPACADURA TAPA VALVULA ORIGINAL FINA ,X1,2.5,5,4356.5455,5.65
ENGRANAJES IMPULSOR 3 ERA 37 ,X1,15,20,17426.182,22.6
ENGRANAJES IMPULSOR 4TA 33,X1,15,25,21782.7275,28.25
ENGRANAJES IMPULSOR 5TA 32,X1,16,25,21782.7275,28.25
ENGRANAJES PRINCIPA  5TA 37 X1,X1,25,35,30495.8185,39.55
ENGRANAJES PRINCIPAL 3ERA 26 X1,X1,25,35,30495.8185,39.55
ENGRANAJES PRINCIPAL 4TA 31 X1,X1,25,35,30495.8185,39.55
ENVASE O TANQUE DE AGUA  ORIGINAL,X1,15,25,21782.7275,28.25
ESPIRAL TRASERO X1,X1,17,25,21782.7275,28.25
ESTOPERA ARBOL LEVA  PLANTA C/U,X1,3,5,4356.5455,5.65
ESTOPERA  CAJA ORIGINAL ,X1,3,5,4356.5455,5.65
ESTOPERA DELANTERO CIGÜEÑAL,X1,3,5,4356.5455,5.65
ESTOPERA TRASERA CIGÜEÑAL,X1,3,5,4356.5455,5.65
EVAPORADOR  ORIGINAL,X1,60,70,60991.637,79.1
FILTRO DE AIRE  ORIGINAL,X1,5,8,6970.4728,9.04
FILTRO DE BAMBA GASOLINA INTERNA REDONDO,X1,3.5,5,4356.5455,5.65
FITRO ACEITE ORIGINAL ,X1,2.5,5,4356.5455,5.65
FITRO GASOLINA ORIGINAL CHERY,X1,3,5,4356.5455,5.65
FITRO SECADOR DE AIRE  ORIGINAL,X1,20,30,26139.273,33.9
FLEXIBLE  ORIGINAL,X1,20,30,26139.273,33.9
"FLOTANTE DE BOMBA GASOLINA ,",X1,7,15,13069.6365,16.95
FUSILERA DE BATERIA,X1,26,40,34852.364,45.2
GOMAS AMORTIGUADOR  ORIGINAL,X1,3.5,5,4356.5455,5.65
GOMAS DE ESCAPE FLEXIBLE ORIGINAL,X1,4,10,8713.091,11.3
GOMAS NEGRO REDONDO PARA GASOLINA ORIGINAL,X1,4,10,8713.091,11.3
GOMAS CUADRADAS NEGRAS DE CAJETIN ,X1,15,20,17426.182,22.6
GORROS O GOMAS VALVULA  COLOR NEGRO,X1,4,10,8713.091,11.3
GORROS O GOMAS VALVULA MARCA SKF ORIGINAL PLANTA,X1,10,15,13069.6365,16.95
GUARDA POLVO CAJETIN  C/U,X1,4,8,6970.4728,9.04
GUAYA DE CROCHET  ORIGINAL GANCHO METALICA,X1,8,15,13069.6365,16.95
GUAYA DE CROCHET  PLANTA GANCHO PLATICO,X1,8,15,13069.6365,16.95
GUAYA DE VELOCIDAD ,X1,25,35,30495.8185,39.55
GUAYA DE PUERTA DEL IZQ 6105110,X1,4,10,8713.091,11.3
GUAYA DE PUERTA DEL DER 6105120,X1,4,10,8713.091,11.3
GUAYA DE PUERTA TRAS IZQ 6205110,X1,4,10,8713.091,11.3
GUAYA DE PUERTA TRAS DER 6205120,X1,4,10,8713.091,11.3
GUIA DE VALVULA  ORIGINAL (JUEGO 16),X1,12,20,17426.182,22.6
HORQUILLA 1Y2 ,X1,12,20,17426.182,22.6
HORQUILLA 3Y4 ,X1,12,20,17426.182,22.6
HORQUILLA 5TA Y RETROCESO ,X1,12,20,17426.182,22.6
HORQUILLA DE PALANCA LIBERADORA,X1,12,20,17426.182,22.6
INYETOR  ORIGINAL C/U,X1,16,23,20040.1093,25.99
JUEGO CILINDRO CON LLAVE SIN CONTROL CON LLAVE,X1,40,50,43565.455,56.5
JUEGO DE EMPACADURA ORIGINAL  CON TAPA VAL FINA,X1,15,25,21782.7275,28.25
JUEGO VALVULA ADMISION  (8),X1,12,20,17426.182,22.6
JUEGO VALVULA ESCAPE   (8),X1,12,20,17426.182,22.6
KIT CORREA TIEMPO ORIGINAL DE PLANTA,X1,75,90,78417.819,101.7
KIT CROCHET CRUCHT ORIGINAL VALEO CON CAJA CHERY,X1,65,75,65348.1825,84.75
KIT DE REPARACION CAJETIN  ORIGINAL,X1,15,25,21782.7275,28.25
KIT DE REPARACION DE CALIPER ORIGINAL (2 PIEZAS) ,X1,7,10,8713.091,11.3
KIT GOMA COPA CAJA  C/U,X1,6.5,10,8713.091,11.3
KIT GOMA PUNTA TRIPOIDE  C/U,X1,6.5,10,8713.091,11.3
LAME VIDRIO DEL. DER. ,X1,9,13,11327.0183,14.69
LAME VIDRIO DEL. IZQ. ,X1,9,13,11327.0183,14.69
LAME VIDRIO TRA. DER. ,X1,9,13,11327.0183,14.69
LAME VIDRIO TRA. IZQ. ,X1,9,13,11327.0183,14.69
LAPIZ DELANTE  C/U,X1,3,8,6970.4728,9.04
LOGO DE CHERY,X1,2,5,4356.5455,5.65
MAGUERA DE BOMBA DIRECCION  ALTA (LARGO),X1,25,35,30495.8185,39.55
MAGUERA DE BOMBA DIRECCION  BAJA,X1,23,35,30495.8185,39.55
MAGUERA DE CALEFACCION (TIPO 7)  1014211,X1,6,10,8713.091,11.3
MAGUERA DE CALEFACCION  COMPLETO,X1,26,35,30495.8185,39.55
MAGUERA DE CALEFACCION LARGA  1014231 ,X1,6,10,8713.091,11.3
MAGUERA DE CALEFACCION MAS FINITA 1014241,X1,6,10,8713.091,11.3
MAGUERA DE CARCASA A CUERPO ACELERECION ,X1,9,15,13069.6365,16.95
MAGUERA DE PLATICO DE CARCASA TIPO S,X1,16,25,21782.7275,28.25
MAGUERA DE RADIADOR  INFERIOR  1303111,X1,5,10,8713.091,11.3
MAGUERA DE RADIADOR SUPERIOR   1303211,X1,5,10,8713.091,11.3
MANDO DE SUBIR Y BAJAR VIDRIO ,X1,5,10,8713.091,11.3
MANDO DE SUBIR Y BAJAR VIDRIO PRINCIPAL ,X1,15,25,21782.7275,28.25
MANGUERA FRENO DELANTERA ,X1,8,15,13069.6365,16.95
MANGUERA FRENO TRASERA 6070 ,X1,8,15,13069.6365,16.95
MANGUERA T PLATICO CON VALVULA PCV ,X1,12,25,21782.7275,28.25
MANILLAS DELANTERO EXTERNA DERECHA ORIGINAL,X1,7,10,8713.091,11.3
MANILLAS DELANTERO EXTERNA IZQ ORIGINAL,X1,7,10,8713.091,11.3
MANILLAS DELANTERO INTENA DER ORIGINAL,X1,7,10,8713.091,11.3
MANILLAS DELANTERO INTENA IZQ ORIGINAL,X1,7,10,8713.091,11.3
MANILLAS TRASERA INTERNA DER ORIGINA,X1,7,10,8713.091,11.3
MANILLAS TRASERA INTERNA IZQ ORIGINAL,X1,7,10,8713.091,11.3
MARTILLO (16),X1,55,65,56635.0915,73.45
MECANISMO O PALANCA FRENO MANO COMPLETA,X1,26,35,30495.8185,39.55
MESETA DELANTERA DERECHA  C/U,X1,18,25,21782.7275,28.25
MESETA DELANTERA IZQUIERDA C/U,X1,18,25,21782.7275,28.25
MESETA TRASERA DERECHA ORIGINAL C/U,X1,30,40,34852.364,45.2
MESETA TRASERA IZQUIERDA ORIGINAL C/U,X1,30,40,34852.364,45.2
MODULO ABS  ,X1,180,200,174261.82,226
MOZO DELANTERO ,X1,18,25,21782.7275,28.25
MOZO TRASERA  CJB ORIGINAL,X1,40,45,39208.9095,50.85
MULTIPLES ESCAPE,X1,80,100,87130.91,113
ORIN DE BOMBA ACEITE ,X1,2,5,4356.5455,5.65
PARACHOQUE DELANTERO,X1,105,120,104557.092,135.6
PALANCA NEGRO DE SEGURO PUERTA ,X1,0.8,2,1742.6182,2.26
PASTILLA FRENO DELANTERO  CON CAJA CHERY,X1,10,15,13069.6365,16.95
PASTILLA FRENO DELANTERO  PLANTA CAJ AZUL,X1,14,20,17426.182,22.6
PILA GASOLINA  MARCA KG PICO MARRON ,X1,6,10,8713.091,11.3
PILA GASOLINA BOSCH PICO NEGRO,X1,6,10,8713.091,11.3
PILA GASOLINA BOSCH PICO VERDE,X1,6,10,8713.091,11.3
PILA GASOLINA ORIGINAL MARCA CHERY PICO MARRON ,X1,7,10,8713.091,11.3
PILA GASOLINA TENSO,X1,6,10,8713.091,11.3
PISTON STD ORIGINAL ,X1,30,40,34852.364,45.2
"PISTON 0.10/0,25",X1,35,45,39208.9095,50.85
PISTON 0.20/0.50  ,X1,35,45,39208.9095,50.85
PISTON 0.30/0.75   CON ANILLOS,X1,70,85,74061.2735,96.05
PISTON 0.40/1.00   CON ANILLOS,X1,90,110,95844.001,124.3
PLATO BASE FRENO CON BANDA Y CILINDRO,X1,25,35,30495.8185,39.55
PLATO BASE FRENO  IZQ CON BANDA Y CILINDRO,X1,25,35,30495.8185,39.55
PLATO CROCHET VALEO CON CAJA CHERY,X1,32,45,39208.9095,50.85
POLEA DE CORREA TIEMPO ORIGINAL,X1,13,25,21782.7275,28.25
POMO PALANCA  ORIGINAL,X1,10,15,13069.6365,16.95
PUNTA TRIPOIDE 21X23 ORIGINAL,X1,24,35,30495.8185,39.55
RADIADOR  CHERY,X1,65,75,65348.1825,84.75
REGULADOR DE ALTERNADOR ORIGINAL,X1,14,20,17426.182,22.6
REGULADOR PARA BOMBA GASOLINA NOMAL  (GORDO),X1,7,10,8713.091,11.3
REGURADOR PARA BOMBA GASOLINA ORIGINAL ,X1,6,10,8713.091,11.3
RELE 19  C/U,X1,5,8,6970.4728,9.04
RELE 21  C/U,X1,5,8,6970.4728,9.04
RELE 53 ( 4 PATA) ,X1,4,8,6970.4728,9.04
RELE 53 NEGRO MAS PEQUEÑO (4 PATA) ,X1,3.6,8,6970.4728,9.04
ROCIADOR DE ACEITE  ,X1,13,20,17426.182,22.6
RODAMIENTO O ROLINERA DELANTERO ORIGINAL DE PLANTA  CJB,X1,10,20,17426.182,22.6
ROLINERA AGUJA DE CAJA 1/2 ,X1,6,10,8713.091,11.3
ROLINERA AGUJA DE CAJA 3/4 ,X1,6,10,8713.091,11.3
ROLINERA AGUJA DE CAJA 5 ,X1,6,10,8713.091,11.3
ROLINERA AMORTIGUADOR,X1,3,5,4356.5455,5.65
ROLINERA CAJA  30206 (SALI DEL),X1,8,10,8713.091,11.3
ROLINERA CAJA  32205 (SALI TRASERA),X1,8,10,8713.091,11.3
ROTULA  ORIGINAL,X1,4.5,8,6970.4728,9.04
SAPITO LIMPIA PARABRISA  C/U,X1,2.5,25,21782.7275,28.25
SELENOIDES CON CERRADURA DE PUERTA DELNTERO IZQ ,X1,16,25,21782.7275,28.25
SELENOIDES CON CERRADURA PUERTA DELNTERO DERECHA ,X1,16,25,21782.7275,28.25
SELENOIDES CON CERRADURA PUERTA TRASERA DERECHA ,X1,16,25,21782.7275,28.25
SELENOIDES CON CERRADURA PUERTA TRASERA IZQ,X1,16,25,21782.7275,28.25
SENSOR DE ABS DELANTERO DERECHA  C/U,X1,7,15,13069.6365,16.95
SENSOR DE ABS DELANTERO IZQ   C/U,X1,7,15,13069.6365,16.95
SENSOR DE ABS TRASERA DERECHA  C/U,X1,7,15,13069.6365,16.95
SENSOR DE ABS TRASERA IZQ  C/U,X1,7,15,13069.6365,16.95
SENSOR DE ARBOL DE LEVA  BOSCH ORIGINAL,X1,9,15,13069.6365,16.95
SENSOR DE CIGUEÑAL  BOSCH ,X1,9,15,13069.6365,16.95
SENSOR DETONACION GOLPETEO,X1,8,15,13069.6365,16.95
SENSOR MAF  ORIGINAL BOSCH,X1,11,20,17426.182,22.6
SENSOR OXIGENO  ORIGINAL,X1,17,25,21782.7275,28.25
SENSOR VELOCIDAD O ODOMETRO ORIGINAL,X1,6,10,8713.091,11.3
SINCRONIZADOR 1/2TA CAJA ,X1,25,35,30495.8185,39.55
SINCRONIZADOR 3/4TA CAJA ,X1,25,35,30495.8185,39.55
SINCRONIZADOR 5TA CAJA ,X1,25,35,30495.8185,39.55
TANQUE DE GASOLINA CON BOMBA Y MANGUERA,X1,140,160,139409.456,180.8
TANQUE RADIADOR INFERIO NEGRO  ORIGINAL,X1,15,20,17426.182,22.6
TANQUE RADIADOR SUPERIO NEGRO  ORIGINAL,X1,15,20,17426.182,22.6
TAPA ACEITE NEGRO ,X1,3.5,5,4356.5455,5.65
TAPA BLANCA DE BOMBA GASOLINA ,X1,6.5,15,13069.6365,16.95
TAPA NEGRO DE BOMBA GASOLINA ,X1,6,10,8713.091,11.3
TAPA RADIADOR ORIGINAL,X1,3,6,5227.8546,6.78
TAPA VALVULA  COMPLETO,X1,85,100,87130.91,113
TAQUETES  ,X1,45,55,47922.0005,62.15
TENSOR DE CORREA TIEMPO ORIGINAL  (NTN),X1,22,35,30495.8185,39.55
TENSOR TIEMPO ORIGINAL CON TIJERAS (NTN),X1,22,35,30495.8185,39.55
TERMINAL  ORIGINAL,X1,4,8,6970.4728,9.04
TERMOSTATO  ORIGINAL,X1,                                                                                                                                                                                                                                               ,10,8713.091,11.3
TOMA DE TERMOSTATO O AGUA  ORIGINAL,X1,7,10,8713.091,11.3
TORNILLOS DE CAMARA  (LARGO NEGRO) C/U,X1,3.5,5,4356.5455,5.65
TORNILLOS DE CARTER MOTOR ,X1,3.5,5,4356.5455,5.65
TUBERIA DE AGUA PRINCIPAL ARAUCA ORIGINAL,X1,23,30,26139.273,33.9
VALVULA DE FRENO  ORIGINAL,X1,3,10,8713.091,11.3
VALVULA DE PRESOSTATICA AIRE ,X1,7,10,8713.091,11.3
VALVULA DIRECCION HIDRAULICA,X1,12,15,13069.6365,16.95
VALVULA EGR DE GASES,X1,12,20,17426.182,22.6
VALVULA PCV  ORIGINAL,X1,6,20,17426.182,22.6
VALVULA PEDAL DE CROCHET,X1,5,10,8713.091,11.3
VALVULA PRESION ACEITE LARGA,X1,4,10,8713.091,11.3
VALVULA PRESION ACEITE CORTA,X1,4,10,8713.091,11.3
VALVULA RETROCESO  ORIGINAL ,X1,3,10,8713.091,11.3
VALVULA TEMPERATURA ORIGINAL  BOSCH,X1,5,10,8713.091,11.3
VARILLA ACEITE ,X1,5,10,8713.091,11.3
Y PLATICO ,X1,1.7,5,4356.5455,5.65
AMORTIGUADOR DELANTERO  C/U,2018,25,35,30495.8185,39.55
AMORTIGUADOR TRASERO  C/U,2018,16,25,21782.7275,28.25
ANILLOS STD ,2018,8,15,13069.6365,16.95
ARBOL LEVA ADMISION ,2018,30,40,34852.364,45.2
ARBOL LEVA ESCAPE ,2018,30,40,34852.364,45.2
AXIAL  STD ,2018,4,10,8713.091,11.3
BOMBA ACEITE ORIGINAL ,2018,100,120,104557.092,135.6
BOMBA AGUA ,2018,20,30,26139.273,33.9
CIGUEÑAL  ,2018,75,100,87130.91,113
COMPUTADORA  ,2018,100,120,104557.092,135.6
CONCHA BANCADA STD ,2018,5,10,8713.091,11.3
CONCHA BIELA STD ,2018,5,10,8713.091,11.3
CONDENSADOR ,2018,75,90,78417.819,101.7
ELECTROVENTILADOR  ORIGINAL,2018,55,65,56635.0915,73.45
EMPACADURA CAMARA METALICA,2018,8,20,17426.182,22.6
FILTRO GASOLINA ,2018,4,10,8713.091,11.3
GUIA VALVULA ,2018,10,20,17426.182,22.6
JUEGO BUJIA (3) ,2018,11,20,17426.182,22.6
JUEGO VALVULA ADMICION ,2018,8,18,15683.5638,20.34
JUEGO VALVULA ESCAPE,2018,8,18,15683.5638,20.34
KIT CROCHET ,2018,70,85,74061.2735,96.05
KIT DE CADENA ,2018,45,60,52278.546,67.8
KIT EMPACADURA ,2018,20,30,26139.273,33.9
MESETA C/U QQ3,2018,15,25,21782.7275,28.25
PISTON 0.10 ,2018,25,35,30495.8185,39.55
PISTON 0.20 ,2018,25,35,30495.8185,39.55
PISTON STD,2018,20,30,26139.273,33.9
RADIADOR ,2018,75,90,78417.819,101.7
ROTULA  C/U,2018,7,12,10455.7092,13.56
SENSOR ABS DEL DER ,2018,7,15,13069.6365,16.95
SENSOR ABS DEL IZQ ,2018,7,15,13069.6365,16.95
SENSOR ABS TRASEROS,2018,7,15,13069.6365,16.95
TERMINAL  C/U,2018,6,12,10455.7092,13.56
AMORTIGUADOR DELANTERO DERECHO  ORIGINAL,TIGGO 2.0,50,65,56635.0915,73.45
AMORTIGUADOR DELANTERO IZQUIERDO ORIGINAL,TIGGO 2.0,50,65,56635.0915,73.45
AMORTIGUADOR TRASERO TIGGO 2.0  C/U 2.4,TIGGO 2.0,26,35,30495.8185,39.55
ANTENA INMOVILIZADOR OR,TIGGO 2.0,6,15,13069.6365,16.95
ANILLOS 484 0.10 2.0 ORIGINAL,TIGGO 2.0,18,25,21782.7275,28.25
ANILLOS 484 0.20 2.0 ORIGINAL,TIGGO 2.0,18,25,21782.7275,28.25
ANILLOS 484 STD 2.0 ORIGINAL,TIGGO 2.0,18,25,21782.7275,28.25
ARBOL LEVA ADMISION ,TIGGO 2.0,50,60,52278.546,67.8
ARBOL LEVA ESCAPE ,TIGGO 2.0,50,60,52278.546,67.8
BASE DE AMORTIGUADOR ORIGINAL,TIGGO 2.0,13,20,17426.182,22.6
BASE DE MOTOR DELANTERA 2.4,TIGGO 2.4,12,25,21782.7275,28.25
BASE DE MOTOR DERECHA 2.4,TIGGO 2.4,25,35,30495.8185,39.55
BASE DE MOTOR IZQUIERDA 2.4,TIGGO 2.4,15,25,21782.7275,28.25
BASE DE MOTOR TRASERA 2.4,TIGGO 2.4,15,25,21782.7275,28.25
BARRA TRASERA IZQ INFERIOR COMPLETA,TIGGO 2.0,32,45,39208.9095,50.85
BARRA TRASERA DER INFERIOR COMPLETA,TIGGO 2.0,32,45,39208.9095,50.85
BARRA TRASERA SUPERIOR COMPLETO ,TIGGO 2.0,30,40,34852.364,45.2
BARRA TRASERA SUPERIOR COMPLETO CON GRADUACION,TIGGO 2.0,35,45,39208.9095,50.85
BOBINA DE ENCENDIDO,TIGGO 2.0,16,25,21782.7275,28.25
BOMBA DE DIRECCION ,TIGGO 2.0,110,130,113270.183,146.9
BOMBA ACEITE  484,TIGGO 2.0,23,35,30495.8185,39.55
BOMBA ACEITE ORIGINAL CHERY  484J,TIGGO 2.0,37,50,43565.455,56.5
BOMBA AGUA ORIGINAL PLANTA,TIGGO 2.0,26,35,30495.8185,39.55
BOMBA DE AGUA CHERY,TIGGO 2.0,18,25,21782.7275,28.25
BOMBA DE FRENO ,TIGGO 2.0,43,55,47922.0005,62.15
BOMBA GASOLINA TIGGO 2.0 UN SOLO PICO,TIGGO 2.0,55,70,60991.637,79.1
BOMBIN INFERIOR ,TIGGO 2.0,12,25,21782.7275,28.25
BOMBIN SUPERIOR TIGGO,TIGGO 2.0,25,35,30495.8185,39.55
BUJE DE BARRA ESTABILIZADORA TIGGO 2.0 ORIGINAL 2.4,TIGGO 2.0,4,8,6970.4728,9.04
BUJE MESETA DELT TIGGO 2.0 GRANDE,TIGGO 2.0,6,10,8713.091,11.3
BUJE MESETA DELT TIGGO 2.0 PEQ,TIGGO 2.0,4,10,8713.091,11.3
CAMARA COMPLETA ORIGINAL,TIGGO 2.0,650,750,653481.825,847.5
CAMARA DESNUDA ORIGINAL ,TIGGO 2.0,350,450,392089.095,508.5
DISCO CROCHET TIGGO,TIGGO 2.0,35,45,39208.9095,50.85
EMPACADURA DE BOMBA ACEITE ORIGINAL,TIGGO 2.0,2.5,5,4356.5455,5.65
EMPACADURA DE CAMARA AMIANTO ,TIGGO 2.0,2.8,5,4356.5455,5.65
EMPACADURA DE CAMARA METALICA ,TIGGO 2.0,13,20,17426.182,22.6
EMPACADURA TAPA VALVULA FINA ORIGINAL,TIGGO 2.0,3.5,5,4356.5455,5.65
EMPACADURA TAPA VALVULA GRUESA,TIGGO 2.0,4,5,4356.5455,5.65
FILTRO DE LINEA GASOLINA ,TIGGO 2.0,4,5,4356.5455,5.65
GUIA DE VALVULA TIGGO ORIGINAL (JUEGO 16),TIGGO 2.0,3,5,4356.5455,5.65
INYECTOR,TIGGO 2.0,16,25,21782.7275,28.25
KIT CROCHET TIGGO 2.0,TIGGO 2.0,90,110,95844.001,124.3
KIT EMPACADURA 484J,TIGGO 2.0,20,30,26139.273,33.9
LAPIZ DELANTERO,TIGGO 2.0,4,8,6970.4728,9.04
MOZO TRASERO 4*2,"TIGGO 2,0",38,45,39208.9095,50.85
MOZO TRASERO 4*4,TIGGO 2.0,38,45,39208.9095,50.85
MULTIPLE ESCAPE TIGGO 2.0 ,TIGGO 2.0,135,150,130696.365,169.5
MUÑON DE TIGGO 2.0 2.4,TIGGO 2.0,8,12,10455.7092,13.56
ORIN AZUL DE BOMBA GASOLINA TIGGO ,TIGGO 2.0,4,10,8713.091,11.3
PISTON 484 0.10/0.25 SIN RETEN,TIGGO 2.0,40,50,43565.455,56.5
PISTON 484 0.20/0.50 SIN RETEN,TIGGO 2.0,45,55,47922.0005,62.15
PISTON 484 0.30/0.75 SIN RETEN CON ANILLOS,TIGGO 2.0,90,100,87130.91,113
PISTON 484 STD SIN RETEN,TIGGO 2.0,40,50,43565.455,56.5
"PUNTA DE TRIPOIDE 26x25x55,30",TIGGO 2.0,25,35,30495.8185,39.55
REGULADOR COMPLETO TIGGO 2.0 UN SOLO PICO,TIGGO 2.0,60,75,65348.1825,84.75
ROTULA DE TIGGO 2.0 2.4,TIGGO 2.0,7,10,8713.091,11.3
SENSOR DE OXIGENO DELANTERO ,TIGGO 2.0,17,25,21782.7275,28.25
SENSOR DE TEMPERATURA DE AGUA,TIGGO 2.0,5,10,8713.091,11.3
SENSOR POSICION DE CIGUEÑAL,TIGGO 2.0,9,15,13069.6365,16.95
TAQUETE HIDRAULICO,TIGGO 2.0,65,75,65348.1825,84.75
TERMINAL DER TIGGO 2.0 2.4,TIGGO 2.0,7,10,8713.091,11.3
TERMINAL IZQ TIGGO 2.0 2.4,TIGGO 2.0,7,10,8713.091,11.3
ANILLOS 484 0.10 2.0 ORIGINAL,TIUNA X5,18,25,21782.7275,28.25
ANILLOS 484 0.20 2.0 ORIGINAL,TIUNA X5,18,25,21782.7275,28.25
ANILLOS 484 STD 2.0 ORIGINAL,TIUNA X5,18,25,21782.7275,28.25
ARBOL LEVA ADMISION ,TIUNA X5,50,60,52278.546,67.8
ARBOL LEVA ESCAPE ,TIUNA X5,50,60,52278.546,67.8
BASE TERMOSTATO X5 ORIGINAL,TIUNA X5,35,45,39208.9095,50.85
BASE BRAZO LOCO ,TIUNA X5,30,40,34852.364,45.2
BOBINA ORIGINAL X5,TIUNA X5,25,35,30495.8185,39.55
BOMBA ACEITE  484,TIUNA X5,23,35,30495.8185,39.55
BOMBA ACEITE ORIGINAL CHERY  484J,TIUNA X5,37,50,43565.455,56.5
BOMBA AGUA ORIGINAL PLANTA,TIUNA X5,26,35,30495.8185,39.55
BOMBA DE AGUA CHERY,TIUNA X5,18,25,21782.7275,28.25
BOMBA DE GASOLINA ,TIUNA X5,65,75,65348.1825,84.75
BOMBA FRENO ORIGINAL,TIUNA X5,120,135,117626.7285,152.55
BOMBIN SUPERIOR ,TIUNA X5,25,35,30495.8185,39.55
BRAZO BIELA X5 ,TIUNA X5,20,30,26139.273,33.9
BRAZO LOCO ORIGINAL,TIUNA X5,25,35,30495.8185,39.55
BRAZO PITMAN ORIGINAL,TIUNA X5,25,35,30495.8185,39.55
CIGÜEÑAL,TIUNA X5,170,190,165548.729,214.7
COMPRESOR TIUNA X5 ORIGINAL,TIUNA X5,300,320,278818.912,361.6
EMPACADURA DE BOMBA ACEITE ORIGINAL,TIUNA X5,2.5,5,4356.5455,5.65
EMPACADURA DE CAMARA AMIANTO ,TIUNA X5,2.8,5,4356.5455,5.65
EMPACADURA DE CAMARA METALICA ,TIUNA X5,13,20,17426.182,22.6
EMPACADURA TAPA VALVULA FINA ORIGINAL,TIUNA X5,3.5,5,4356.5455,5.65
EMPACADURA TAPA VALVULA GRUESA,TIUNA X5,4,5,4356.5455,5.65
ENFRIADOR DE ACEITE,TIUNA X5,60,70,60991.637,79.1
KIT CROCHET X5 ORIGINAL,TIUNA X5,220,240,209114.184,271.2
KIT DE EMPACADURA 484J,TIUNA X5,20,30,26139.273,33.9
KIT DE TURBO ORIGINAL ,TIUNA X5,120,150,130696.365,169.5
MANILLA EXTERNA DELT DERECHA ORIGINAL,TIUNA X5,55,63,54892.4733,71.19
MANILLA EXTERNA DELT IZQUIERDA ORIGINAL,TIUNA X5,55,63,54892.4733,71.19
MANILLA EXTERNA TRAS DERECHA ORIGINAL,TIUNA X5,55,63,54892.4733,71.19
MANILLA EXTERNA TRAS IZQUIERDA ORIGINAL,TIUNA X5,55,63,54892.4733,71.19
MUÑON INF DER,TIUNA X5,20,30,26139.273,33.9
MUÑON INF IZQ,TIUNA X5,20,30,26139.273,33.9
MUÑON SUPERIOR ,TIUNA X5,15,25,21782.7275,28.25
PISTON 484 0.10/0.25 CON RETEN,TIUNA X5,40,50,43565.455,56.5
PISTON 484 0.20/0.50 CON RETEN,TIUNA X5,45,55,47922.0005,62.15
PISTON 484 0.30/0.75 CON RETEN CON ANILLOS ,TIUNA X5,90,100,87130.91,113
PISTON 484 STD CON RETEN,TIUNA X5,40,50,43565.455,56.5
SENSOR DE CIGUEÑAL X5 ORIGINAL,TIUNA X5,15,25,21782.7275,28.25
TERMINAL EXTERNO CORTO,TIUNA X5,10,15,13069.6365,16.95
TERMINAL INTERNO LARGO,TIUNA X5,20,25,21782.7275,28.25
TUBERIA PRINCIPAL AGUA X5,TIUNA X5,35,45,39208.9095,50.85
TURBO X5,TIUNA X5,500,600,522785.46,678
ANILLOS 484 0.10 2.0 ORIGINAL,H5,18,25,21782.7275,28.25
ANILLOS 484 0.20 2.0 ORIGINAL,H5,18,25,21782.7275,28.25
ANILLOS 484 STD 2.0 ORIGINAL,H5,18,25,21782.7275,28.25
ARBOL LEVA ADMISION ,H5,50,60,52278.546,67.8
ARBOL LEVA ESCAPE ,H5,50,60,52278.546,67.8
BOMBA ACEITE  484,H5,23,35,30495.8185,39.55
BOMBA ACEITE ORIGINAL CHERY  484J,H5,37,50,43565.455,56.5
BOMBA AGUA ORIGINAL PLANTA,H5,26,35,30495.8185,39.55
BOMBA DE AGUA CHERY,H5,18,25,21782.7275,28.25
BOMBA DE GASOLINA,H5,75,85,74061.2735,96.05
BOMBA FRENO H5,H5,120,135,117626.7285,152.55
BOMBA GASOLINA H5 ORIGINAL,H5,75,0,0,0
BRAZO BIELA H5,H5,20,30,26139.273,33.9
CAMARA COMPLETA ORIGINAL,H5,650,750,653481.825,847.5
CAMARA DESNUDA ORIGINAL ,H5,450,550,479220.005,621.5
CIGÜEÑAL ,H5,170,190,165548.729,214.7
COMPRESOR H5 ORIGINAL ,H5,300,330,287532.003,372.9
EMPACADURA DE BOMBA ACEITE ORIGINAL,H5,2.5,5,4356.5455,5.65
EMPACADURA DE CAMARA AMIANTO ,H5,2.8,5,4356.5455,5.65
EMPACADURA DE CAMARA METALICA ,H5,13,20,17426.182,22.6
EMPACADURA TAPA VALVULA FINA ORIGINAL,H5,3.5,5,4356.5455,5.65
EMPACADURA TAPA VALVULA GRUESA,H5,4,8,6970.4728,9.04
KIT CROCHE H5 ORIGINAL,H5,220,240,209114.184,271.2
KIT EMPACADURA 484J,H5,20,30,26139.273,33.9
PISTON 484 0.10/0.25 SIN RETEN,H5,40,50,43565.455,56.5
PISTON 484 0.20/0.50 SIN RETEN,H5,45,55,47922.0005,62.15
PISTON 484 STD SIN RETEN,H5,40,50,43565.455,56.5
SENSOR DE OXIGENO DELANTERO ,H5,17,25,21782.7275,28.25
TERMINAL CON ROTULA ,H5,18,25,21782.7275,28.25
MUÑON,H5,22,30,26139.273,33.9
MESETA DER,H5,35,45,39208.9095,50.85
MESETA IZQ,H5,35,45,39208.9095,50.85
radiador bajo pedido ,H5,140,160,139409.456,180.8
ALTERNADOR ORIGINAL,GRAND TIGGO ,110,125,108913.6375,141.25
AMORTIGUADOR DELANTELO DERECHA  ORIGINAL,GRAND TIGGO ,55,65,56635.0915,73.45
AMORTIGUADOR DELANTERO IZQ ORIGINAL,GRAND TIGGO ,55,65,56635.0915,73.45
AMORTIGUADOR TRASERA  ORIGINAL C/U,GRAND TIGGO ,35,45,39208.9095,50.85
ANILLOS 484 0.10 ORIGINAL,GRAND TIGGO ,18,25,21782.7275,28.25
ANILLOS 484 0.20  ORIGINAL,GRAND TIGGO ,18,25,21782.7275,28.25
ANILLOS 484 STD ORIGINAL,GRAND TIGGO ,18,25,21782.7275,28.25
ARBOL LEVA ADMISION ,GRAND TIGGO ,85,95,82774.3645,107.35
ARBOL LEVA ESCAPE GRAND TIGGO,GRAND TIGGO ,85,95,82774.3645,107.35
BARRA DER INFERIO COMPLETO GRAND TIGGO,GRAND TIGGO ,32,45,39208.9095,50.85
BARRA IZQ INFERIO COMPLETO GRAND TIGGO,GRAND TIGGO ,32,45,39208.9095,50.85
BARRA SUPERIO COMPLETO  GRAND TIGGO,GRAND TIGGO ,30,40,34852.364,45.2
BARRA SUPERIO COMPLETO CON GRADUACION GRAND TIGGO,GRAND TIGGO ,35,45,39208.9095,50.85
BASE AMORTIGUADOR TIGGO Y GRAND TIGGO CALIDAD,GRAND TIGGO ,13,20,17426.182,22.6
BASE MOTIR DER  GRAND TIG,GRAND TIGGO ,40,50,43565.455,56.5
BASE MOTOR DELANTERO ORIGINAL NEGRO GRANG TIG,GRAND TIGGO ,30,40,34852.364,45.2
BASE MOTOR IZQ  NEGRO GRAND TIG,GRAND TIGGO ,40,50,43565.455,56.5
BASE MOTOR TRASERA ORIGINAL NEGRO GRAND TIG,GRAND TIGGO ,30,40,34852.364,45.2
BOMBA ACEITE CAJA GRAND TIGGO,GRAND TIGGO ,230,250,217827.275,282.5
BOMBA ACEITE ORIGINAL 484J ,GRAND TIGGO ,37,50,43565.455,56.5
BOMBA DIRECCION GRAND TIGGO,GRAND TIGGO ,115,130,113270.183,146.9
BOMBA FRENO GRAND TIGGO,GRAND TIGGO ,60,70,60991.637,79.1
BOMBA GASOLINA GRAND TIGGO,GRAND TIGGO ,65,80,69704.728,90.4
BOMBA O MOTOE WIPER LIMPIA PARABRISAS GRAND T21,GRAND TIGGO ,4,10,8713.091,11.3
BUJE CAJETIN GRAND TIGGO  (2),GRAND TIGGO ,15,25,21782.7275,28.25
BUJE DE BARRA ESTABILIZADORA GRAND TIGGO ORIGINAL,GRAND TIGGO ,4,8,6970.4728,9.04
BUJE DE MESETA DEL GRANDE GRAND TIGGO,GRAND TIGGO ,6,10,8713.091,11.3
BUJE DE MESETA DEL PERQ GRAND TIGGO,GRAND TIGGO ,4,10,8713.091,11.3
CADENA DE CAJA GRAND TIGGO ORIGINAL,GRAND TIGGO ,250,270,235253.457,305.1
CAJA GRAND TIGGO ,GRAND TIGGO ,3200,3400,2962450.94,3842
CAJETIN DE GRAND TIGGO COMPLETO,GRAND TIGGO ,330,350,304958.185,395.5
CAMARA GRAND TIGGO ORIGINAL,GRAND TIGGO ,700,800,697047.28,904
CERPENTIN DE CAJA GRAND TIGGO ORIGINAL,GRAND TIGGO ,80,90,78417.819,101.7
COMPRESOR GRAND TIGGO,GRAND TIGGO ,250,265,230896.9115,299.45
COMPUTADORA DE CAJA GRAND TIGGO ORIGINAL,GRAND TIGGO ,240,255,222183.8205,288.15
COMPUTADORA DE GRAND TIGGO ORIGINAL,GRAND TIGGO ,200,220,191688.002,248.6
CORREA UNICA 6PK1628,GRAND TIGGO ,10,15,13069.6365,16.95
ELECTROVENTILADOR GRAND TIGGO ORIGINAL,GRAND TIGGO ,100,110,95844.001,124.3
EMPACADULA TAPA VALVULA H5 GRAND TIGGO TIUNA,GRAND TIGGO ,4,10,8713.091,11.3
EMPACADURA CAMARA 484 PARA H5 GRAND TIGGO A520 TIUNA,GRAND TIGGO ,4,10,8713.091,11.3
ESTOPERA ARBOL LEVA GRAND TIGGO C/U,GRAND TIGGO ,7,10,8713.091,11.3
FILTRO ACEITE DE CAJA GRAND TIGGO,GRAND TIGGO ,25,35,30495.8185,39.55
FILTRO AIRE ANTIPOLEN A/A GRAND TIGGO ORIGINAL,GRAND TIGGO ,7,10,8713.091,11.3
FILTRO AIRE MOTOR GRAND TIGGO ORIGINAL,GRAND TIGGO ,8,12,10455.7092,13.56
FILTRO GASOLINA GRAND TIGGO,GRAND TIGGO ,4,8,6970.4728,9.04
FLOTANTE GASOLINA GRAND TIGGO,GRAND TIGGO ,40,50,43565.455,56.5
GUERPO VALVULA DE CAJA GRAND TIGGO CON SELENOIDES,GRAND TIGGO ,550,565,492289.6415,638.45
GUIA DE VALVULA TIGGO H5 TIUNA ORIGINAL (JUEGO 16),GRAND TIGGO ,12,20,17426.182,22.6
KIT CORREA TIEMPO ORIGINAL GRAND TIGGO CON TENSOR DE TIJER,GRAND TIGGO ,86,115,100200.5465,129.95
KIT DE DISCO DE PASTA Y HIERRO DE CAJA GRAND  DEL,GRAND TIGGO ,80,100,87130.91,113
KIT DE DISCO DE PASTA Y HIERRO DE CAJA GRAND  TRA,GRAND TIGGO ,80,100,87130.91,113
KIT DE SELLOS SOLO GOMAS Y ORIN ( sin municiones ),GRAND TIGGO ,130,150,130696.365,169.5
KIT EMPACADURA DE GRAND TIGGO CON ESTOPERA LEVA EXACTO,GRAND TIGGO ,30,40,34852.364,45.2
KIT PISTON CAJA GRAND TIGGO,GRAND TIGGO ,180,200,174261.82,226
KIT SELLOS CAJA GRAND TIGGO COMPLETO ,GRAND TIGGO ,280,300,261392.73,339
LAPIZ DELANTERO GRAND TIGGO ORIGINAL,GRAND TIGGO ,4,8,6970.4728,9.04
MOZO DELANTERO GRAND TIGGO,GRAND TIGGO ,40,50,43565.455,56.5
MOZO TRANSERA GRAMD TIGGO,GRAND TIGGO ,60,70,60991.637,79.1
MUNON DE MESETA GRAND TIGGO,GRAND TIGGO ,8,10,8713.091,11.3
PASTILLA TRASERA DE GRAND TIGGO ORIGINAL,GRAND TIGGO ,10,20,17426.182,22.6
PASTILLAS DELANTERO GRAND TIGGO ORIGINAL,GRAND TIGGO ,30,40,34852.364,45.2
PISTON 484 0.10/0.25 CON RETEN,GRAND TIGGO ,40,50,43565.455,56.5
PISTON 484 0.20/0.50 CON RETEN,GRAND TIGGO ,45,55,47922.0005,62.15
PISTON 484 STD CON RETEN,GRAND TIGGO ,40,50,43565.455,56.5
POLEA VARIADORA P,GRAND TIGGO ,550,580,505359.278,655.4
RESEVORIO AGUA GRAND TIGGO,GRAND TIGGO ,20,30,26139.273,33.9
ROLINERA DELANTERO GRAND TIGGO,GRAND TIGGO ,40,50,43565.455,56.5
ROTULA GRAND TIGGO,GRAND TIGGO ,10,15,13069.6365,16.95
SELENOIDES DE CAJA GRAND TIGGO C/U,GRAND TIGGO ,45,55,47922.0005,62.15
SENSOR ABS DEL DER GRAND TIGGO,GRAND TIGGO ,8,15,13069.6365,16.95
SENSOR ABS DEL IZQ GRAND TIGGO,GRAND TIGGO ,8,15,13069.6365,16.95
SENSOR ABS TRASERA GRAND TIGGO IGUAL LOS DOS,GRAND TIGGO ,8,15,13069.6365,16.95
SENSOR NEUTRO CAJA GRAND TIGGO,GRAND TIGGO ,40,50,43565.455,56.5
SENSOR OXIGENO GRAND TIGGO,GRAND TIGGO ,25,35,30495.8185,39.55
SENSOR VELOCIDAD CORTA,GRAND TIGGO ,20,30,26139.273,33.9
SENSOR VELOCIDAD LARGO,GRAND TIGGO ,20,30,26139.273,33.9
TAQUETES (16),GRAND TIGGO ,50,60,52278.546,67.8
TERMINAL DER GRAND TIGGO,GRAND TIGGO ,10,15,13069.6365,16.95
TERMINAL IZQ GRAND TIGGO  ,GRAND TIGGO ,10,15,13069.6365,16.95
VALVULA DE OCV DE GRAND TIGGO PRICION ACEITE VVT,GRAND TIGGO ,30,40,34852.364,45.2
VALVULA FRENO GRAND TIGGO,GRAND TIGGO ,7,15,13069.6365,16.95
VALVULA PRESION ACEITE CAJA GRAND TIGGO,GRAND TIGGO ,30,40,34852.364,45.2
VVT ADMICION DE GRAND TIGGO ORIGINAL C/U,GRAND TIGGO ,90,100,87130.91,113
VVT ESCAPE DE GRAND TIGGO ORIGINAL C/U,GRAND TIGGO ,90,100,87130.91,113
